reseau_id,origine,lambda,net_liens_mean,net_degre_moyen,net_expo_mean,net_levier,net_cap_mean,net_cap_std_ratio,net_fragiles_sans_cascade,orig_cap_log,orig_degre_sortant,orig_degre_entrant,orig_pression_med,orig_portee_max,orig_aretes_critiques,orig_portee_critique,y_banqueroute_rate
R01,B01,0.3,0.03888888888888889,0.03888888888888889,4.132014274597168,2.154750108718872,2.350536584854126,1.2292759418487549,0.6333333333333333,3.4236109256744385,0.016666666666666666,0.016666666666666666,1.0262356996536255,0.7333333333333333,0.0,0.0,0.016666666666666666
R01,B01,0.6,0.03888888888888889,0.03888888888888889,4.132014274597168,2.154750108718872,2.350536584854126,1.2292759418487549,0.75,3.4236109256744385,0.016666666666666666,0.016666666666666666,1.5219354629516602,0.7333333333333333,0.016666666666666666,0.06666666666666667,0.08333333333333333
R01,B01,0.9,0.03888888888888889,0.03888888888888889,4.132014274597168,2.154750108718872,2.350536584854126,1.2292759418487549,0.75,3.4236109256744385,0.016666666666666666,0.016666666666666666,1.8518544435501099,0.7333333333333333,0.016666666666666666,0.06666666666666667,0.08333333333333333
R01,B02,0.3,0.03888888888888889,0.03888888888888889,4.132014274597168,2.154750108718872,2.350536584854126,1.2292759418487549,0.6333333333333333,4.102973937988281,0.16666666666666666,0.21666666666666667,2.9704389572143555,0.7333333333333333,0.05,0.05,0.06666666666666667
R01,B02,0.6,0.03888888888888889,0.03888888888888889,4.132014274597168,2.154750108718872,2.350536584854126,1.2292759418487549,0.75,4.102973937988281,0.16666666666666666,0.21666666666666667,3.6376113891601562,0.7333333333333333,0.1,0.4666666666666667,0.75
R01,B02,0.9,0.03888888888888889,0.03888888888888889,4.132014274597168,2.154750108718872,2.350536584854126,1.2292759418487549,0.75,4.102973937988281,0.16666666666666666,0.21666666666666667,4.034265995025635,0.7333333333333333,0.11666666666666667,0.6833333333333333,0.75
R01,B03,0.3,0.03888888888888889,0.03888888888888889,4.132014274597168,2.154750108718872,2.350536584854126,1.2292759418487549,0.6333333333333333,1.921324610710144,0.03333333333333333,0.0,2.301680088043213,0.75,0.016666666666666666,0.06666666666666667,0.13333333333333333
R01,B03,0.6,0.03888888888888889,0.03888888888888889,4.132014274597168,2.154750108718872,2.350536584854126,1.2292759418487549,0.75,1.921324610710144,0.03333333333333333,0.0,2.943486213684082,0.75,0.016666666666666666,0.25,0.38333333333333336
R01,B03,0.9,0.03888888888888889,0.03888888888888889,4.132014274597168,2.154750108718872,2.350536584854126,1.2292759418487549,0.75,1.921324610710144,0.03333333333333333,0.0,3.3312346935272217,0.75,0.016666666666666666,0.31666666666666665,0.38333333333333336
R01,B04,0.3,0.03888888888888889,0.03888888888888889,4.132014274597168,2.154750108718872,2.350536584854126,1.2292759418487549,0.6333333333333333,2.340843915939331,0.03333333333333333,0.016666666666666666,1.9578816890716553,0.7333333333333333,0.0,0.0,0.016666666666666666
R01,B04,0.6,0.03888888888888889,0.03888888888888889,4.132014274597168,2.154750108718872,2.350536584854126,1.2292759418487549,0.75,2.340843915939331,0.03333333333333333,0.016666666666666666,2.57783579826355,0.7333333333333333,0.016666666666666666,0.4666666666666667,0.75
R01,B04,0.9,0.03888888888888889,0.03888888888888889,4.132014274597168,2.154750108718872,2.350536584854126,1.2292759418487549,0.75,2.340843915939331,0.03333333333333333,0.016666666666666666,2.957662343978882,0.7333333333333333,0.016666666666666666,0.6833333333333333,0.75
R01,B05,0.3,0.03888888888888889,0.03888888888888889,4.132014274597168,2.154750108718872,2.350536584854126,1.2292759418487549,0.6333333333333333,1.0952733755111694,0.016666666666666666,0.016666666666666666,0.9086122512817383,0.7333333333333333,0.0,0.0,0.016666666666666666
R01,B05,0.6,0.03888888888888889,0.03888888888888889,4.132014274597168,2.154750108718872,2.350536584854126,1.2292759418487549,0.75,1.0952733755111694,0.016666666666666666,0.016666666666666666,1.3766870498657227,0.7333333333333333,0.0,0.0,0.016666666666666666
R01,B05,0.9,0.03888888888888889,0.03888888888888889,4.132014274597168,2.154750108718872,2.350536584854126,1.2292759418487549,0.75,1.0952733755111694,0.016666666666666666,0.016666666666666666,1.6942626237869263,0.7333333333333333,0.0,0.0,0.016666666666666666
R01,B06,0.3,0.03888888888888889,0.03888888888888889,4.132014274597168,2.154750108718872,2.350536584854126,1.2292759418487549,0.6333333333333333,0.8458682894706726,0.03333333333333333,0.016666666666666666,2.04850172996521,0.7333333333333333,0.0,0.0,0.016666666666666666
R01,B06,0.6,0.03888888888888889,0.03888888888888889,4.132014274597168,2.154750108718872,2.350536584854126,1.2292759418487549,0.75,0.8458682894706726,0.03333333333333333,0.016666666666666666,2.675013303756714,0.7333333333333333,0.016666666666666666,0.06666666666666667,0.08333333333333333
R01,B06,0.9,0.03888888888888889,0.03888888888888889,4.132014274597168,2.154750108718872,2.350536584854126,1.2292759418487549,0.75,0.8458682894706726,0.03333333333333333,0.016666666666666666,3.057241678237915,0.7333333333333333,0.016666666666666666,0.3,0.36666666666666664
R01,B07,0.3,0.03888888888888889,0.03888888888888889,4.132014274597168,2.154750108718872,2.350536584854126,1.2292759418487549,0.6333333333333333,1.5432981252670288,0.03333333333333333,0.016666666666666666,1.8648713827133179,0.7333333333333333,0.0,0.0,0.016666666666666666
R01,B07,0.6,0.03888888888888889,0.03888888888888889,4.132014274597168,2.154750108718872,2.350536584854126,1.2292759418487549,0.75,1.5432981252670288,0.03333333333333333,0.016666666666666666,2.477396249771118,0.7333333333333333,0.016666666666666666,0.21666666666666667,0.75
R01,B07,0.9,0.03888888888888889,0.03888888888888889,4.132014274597168,2.154750108718872,2.350536584854126,1.2292759418487549,0.75,1.5432981252670288,0.03333333333333333,0.016666666666666666,2.8544750213623047,0.7333333333333333,0.016666666666666666,0.45,0.75
R01,B08,0.3,0.03888888888888889,0.03888888888888889,4.132014274597168,2.154750108718872,2.350536584854126,1.2292759418487549,0.6333333333333333,0.45107561349868774,0.016666666666666666,0.0,1.8738774061203003,0.75,0.0,0.0,0.016666666666666666
R01,B08,0.6,0.03888888888888889,0.03888888888888889,4.132014274597168,2.154750108718872,2.350536584854126,1.2292759418487549,0.75,0.45107561349868774,0.016666666666666666,0.0,2.487154722213745,0.75,0.016666666666666666,0.08333333333333333,0.1
R01,B08,0.9,0.03888888888888889,0.03888888888888889,4.132014274597168,2.154750108718872,2.350536584854126,1.2292759418487549,0.75,0.45107561349868774,0.016666666666666666,0.0,2.8645129203796387,0.75,0.016666666666666666,0.31666666666666665,0.38333333333333336
R01,B09,0.3,0.03888888888888889,0.03888888888888889,4.132014274597168,2.154750108718872,2.350536584854126,1.2292759418487549,0.6333333333333333,1.7404661178588867,0.03333333333333333,0.0,2.002887010574341,0.75,0.0,0.0,0.016666666666666666
R01,B09,0.6,0.03888888888888889,0.03888888888888889,4.132014274597168,2.154750108718872,2.350536584854126,1.2292759418487549,0.75,1.7404661178588867,0.03333333333333333,0.0,2.6261773109436035,0.75,0.016666666666666666,0.15,0.38333333333333336
R01,B09,0.9,0.03888888888888889,0.03888888888888889,4.132014274597168,2.154750108718872,2.350536584854126,1.2292759418487549,0.75,1.7404661178588867,0.03333333333333333,0.0,3.0072286128997803,0.75,0.03333333333333333,0.31666666666666665,0.38333333333333336
R01,B10,0.3,0.03888888888888889,0.03888888888888889,4.132014274597168,2.154750108718872,2.350536584854126,1.2292759418487549,0.6333333333333333,2.509599208831787,0.016666666666666666,0.016666666666666666,0.8841129541397095,0.7333333333333333,0.0,0.0,0.016666666666666666
R01,B10,0.6,0.03888888888888889,0.03888888888888889,4.132014274597168,2.154750108718872,2.350536584854126,1.2292759418487549,0.75,2.509599208831787,0.016666666666666666,0.016666666666666666,1.3459076881408691,0.7333333333333333,0.0,0.0,0.016666666666666666
R01,B10,0.9,0.03888888888888889,0.03888888888888889,4.132014274597168,2.154750108718872,2.350536584854126,1.2292759418487549,0.75,2.509599208831787,0.016666666666666666,0.016666666666666666,1.6606078147888184,0.7333333333333333,0.016666666666666666,0.35,0.36666666666666664
R01,B11,0.3,0.03888888888888889,0.03888888888888889,4.132014274597168,2.154750108718872,2.350536584854126,1.2292759418487549,0.6333333333333333,3.1974477767944336,0.03333333333333333,0.03333333333333333,2.953531503677368,0.7333333333333333,0.016666666666666666,0.16666666666666666,0.4
R01,B11,0.6,0.03888888888888889,0.03888888888888889,4.132014274597168,2.154750108718872,2.350536584854126,1.2292759418487549,0.75,3.1974477767944336,0.03333333333333333,0.03333333333333333,3.6202549934387207,0.7333333333333333,0.03333333333333333,0.4666666666666667,0.75
R01,B11,0.9,0.03888888888888889,0.03888888888888889,4.132014274597168,2.154750108718872,2.350536584854126,1.2292759418487549,0.75,3.1974477767944336,0.03333333333333333,0.03333333333333333,4.016754627227783,0.7333333333333333,0.03333333333333333,0.6833333333333333,0.75
R01,B12,0.3,0.03888888888888889,0.03888888888888889,4.132014274597168,2.154750108718872,2.350536584854126,1.2292759418487549,0.6333333333333333,2.5233256816864014,0.016666666666666666,0.05,0.6866146326065063,0.7333333333333333,0.0,0.0,0.016666666666666666
R01,B12,0.6,0.03888888888888889,0.03888888888888889,4.132014274597168,2.154750108718872,2.350536584854126,1.2292759418487549,0.75,2.5233256816864014,0.016666666666666666,0.05,1.0898926258087158,0.7333333333333333,0.0,0.0,0.016666666666666666
R01,B12,0.9,0.03888888888888889,0.03888888888888889,4.132014274597168,2.154750108718872,2.350536584854126,1.2292759418487549,0.75,2.5233256816864014,0.016666666666666666,0.05,1.3764793872833252,0.7333333333333333,0.0,0.0,0.016666666666666666
R01,B13,0.3,0.03888888888888889,0.03888888888888889,4.132014274597168,2.154750108718872,2.350536584854126,1.2292759418487549,0.6333333333333333,2.016235589981079,0.016666666666666666,0.016666666666666666,1.4738482236862183,0.7333333333333333,0.0,0.0,0.016666666666666666
R01,B13,0.6,0.03888888888888889,0.03888888888888889,4.132014274597168,2.154750108718872,2.350536584854126,1.2292759418487549,0.75,2.016235589981079,0.016666666666666666,0.016666666666666666,2.0453686714172363,0.7333333333333333,0.0,0.0,0.016666666666666666
R01,B13,0.9,0.03888888888888889,0.03888888888888889,4.132014274597168,2.154750108718872,2.350536584854126,1.2292759418487549,0.75,2.016235589981079,0.016666666666666666,0.016666666666666666,2.406765937805176,0.7333333333333333,0.0,0.0,0.016666666666666666
R01,B14,0.3,0.03888888888888889,0.03888888888888889,4.132014274597168,2.154750108718872,2.350536584854126,1.2292759418487549,0.6333333333333333,1.015230655670166,0.016666666666666666,0.0,1.2626813650131226,0.75,0.0,0.0,0.016666666666666666
R01,B14,0.6,0.03888888888888889,0.03888888888888889,4.132014274597168,2.154750108718872,2.350536584854126,1.2292759418487549,0.75,1.015230655670166,0.016666666666666666,0.0,1.803321361541748,0.75,0.016666666666666666,0.21666666666666667,0.7666666666666667
R01,B14,0.9,0.03888888888888889,0.03888888888888889,4.132014274597168,2.154750108718872,2.350536584854126,1.2292759418487549,0.75,1.015230655670166,0.016666666666666666,0.0,2.15230393409729,0.75,0.016666666666666666,0.45,0.7666666666666667
R01,B15,0.3,0.03888888888888889,0.03888888888888889,4.132014274597168,2.154750108718872,2.350536584854126,1.2292759418487549,0.6333333333333333,1.813194751739502,0.03333333333333333,0.0,0.913902759552002,0.75,0.0,0.0,0.016666666666666666
R01,B15,0.6,0.03888888888888889,0.03888888888888889,4.132014274597168,2.154750108718872,2.350536584854126,1.2292759418487549,0.75,1.813194751739502,0.03333333333333333,0.0,1.3833085298538208,0.75,0.0,0.0,0.016666666666666666
R01,B15,0.9,0.03888888888888889,0.03888888888888889,4.132014274597168,2.154750108718872,2.350536584854126,1.2292759418487549,0.75,1.813194751739502,0.03333333333333333,0.0,1.7014902830123901,0.75,0.0,0.0,0.016666666666666666
R01,B16,0.3,0.03888888888888889,0.03888888888888889,4.132014274597168,2.154750108718872,2.350536584854126,1.2292759418487549,0.6333333333333333,4.389498710632324,0.13333333333333333,0.13333333333333333,2.4740066528320312,0.7333333333333333,0.05,0.08333333333333333,0.1
R01,B16,0.6,0.03888888888888889,0.03888888888888889,4.132014274597168,2.154750108718872,2.350536584854126,1.2292759418487549,0.75,4.389498710632324,0.13333333333333333,0.13333333333333333,3.124117612838745,0.7333333333333333,0.05,0.25,0.75
R01,B16,0.9,0.03888888888888889,0.03888888888888889,4.132014274597168,2.154750108718872,2.350536584854126,1.2292759418487549,0.75,4.389498710632324,0.13333333333333333,0.13333333333333333,3.5148158073425293,0.7333333333333333,0.06666666666666667,0.43333333333333335,0.75
R01,B17,0.3,0.03888888888888889,0.03888888888888889,4.132014274597168,2.154750108718872,2.350536584854126,1.2292759418487549,0.6333333333333333,2.1388890743255615,0.0,0.016666666666666666,0.0,0.0,0.0,0.0,0.016666666666666666
R01,B17,0.6,0.03888888888888889,0.03888888888888889,4.132014274597168,2.154750108718872,2.350536584854126,1.2292759418487549,0.75,2.1388890743255615,0.0,0.016666666666666666,0.0,0.0,0.0,0.0,0.016666666666666666
R01,B17,0.9,0.03888888888888889,0.03888888888888889,4.132014274597168,2.154750108718872,2.350536584854126,1.2292759418487549,0.75,2.1388890743255615,0.0,0.016666666666666666,0.0,0.0,0.0,0.0,0.016666666666666666
R01,B18,0.3,0.03888888888888889,0.03888888888888889,4.132014274597168,2.154750108718872,2.350536584854126,1.2292759418487549,0.6333333333333333,4.153870582580566,0.0,0.016666666666666666,0.0,0.0,0.0,0.0,0.016666666666666666
R01,B18,0.6,0.03888888888888889,0.03888888888888889,4.132014274597168,2.154750108718872,2.350536584854126,1.2292759418487549,0.75,4.153870582580566,0.0,0.016666666666666666,0.0,0.0,0.0,0.0,0.016666666666666666
R01,B18,0.9,0.03888888888888889,0.03888888888888889,4.132014274597168,2.154750108718872,2.350536584854126,1.2292759418487549,0.75,4.153870582580566,0.0,0.016666666666666666,0.0,0.0,0.0,0.0,0.016666666666666666
R01,B19,0.3,0.03888888888888889,0.03888888888888889,4.132014274597168,2.154750108718872,2.350536584854126,1.2292759418487549,0.6333333333333333,3.9508590698242188,0.15,0.15,3.156466484069824,0.7333333333333333,0.05,0.05,0.06666666666666667
R01,B19,0.6,0.03888888888888889,0.03888888888888889,4.132014274597168,2.154750108718872,2.350536584854126,1.2292759418487549,0.75,3.9508590698242188,0.15,0.15,3.8280959129333496,0.7333333333333333,0.1,0.23333333333333334,0.36666666666666664
R01,B19,0.9,0.03888888888888889,0.03888888888888889,4.132014274597168,2.154750108718872,2.350536584854126,1.2292759418487549,0.75,3.9508590698242188,0.15,0.15,4.226284027099609,0.7333333333333333,0.1,0.3,0.36666666666666664
R01,B20,0.3,0.03888888888888889,0.03888888888888889,4.132014274597168,2.154750108718872,2.350536584854126,1.2292759418487549,0.6333333333333333,1.5151273012161255,0.0,0.0,0.0,0.0,0.0,0.0,0.016666666666666666
R01,B20,0.6,0.03888888888888889,0.03888888888888889,4.132014274597168,2.154750108718872,2.350536584854126,1.2292759418487549,0.75,1.5151273012161255,0.0,0.0,0.0,0.0,0.0,0.0,0.016666666666666666
R01,B20,0.9,0.03888888888888889,0.03888888888888889,4.132014274597168,2.154750108718872,2.350536584854126,1.2292759418487549,0.75,1.5151273012161255,0.0,0.0,0.0,0.0,0.0,0.0,0.016666666666666666
R01,B21,0.3,0.03888888888888889,0.03888888888888889,4.132014274597168,2.154750108718872,2.350536584854126,1.2292759418487549,0.6333333333333333,2.9621756076812744,0.016666666666666666,0.03333333333333333,0.48378756642341614,0.7333333333333333,0.0,0.0,0.016666666666666666
R01,B21,0.6,0.03888888888888889,0.03888888888888889,4.132014274597168,2.154750108718872,2.350536584854126,1.2292759418487549,0.75,2.9621756076812744,0.016666666666666666,0.03333333333333333,0.8084444403648376,0.7333333333333333,0.0,0.0,0.016666666666666666
R01,B21,0.9,0.03888888888888889,0.03888888888888889,4.132014274597168,2.154750108718872,2.350536584854126,1.2292759418487549,0.75,2.9621756076812744,0.016666666666666666,0.03333333333333333,1.0531339645385742,0.7333333333333333,0.0,0.0,0.016666666666666666
R01,B22,0.3,0.03888888888888889,0.03888888888888889,4.132014274597168,2.154750108718872,2.350536584854126,1.2292759418487549,0.6333333333333333,2.042518138885498,0.016666666666666666,0.016666666666666666,1.164862871170044,0.7333333333333333,0.0,0.0,0.016666666666666666
R01,B22,0.6,0.03888888888888889,0.03888888888888889,4.132014274597168,2.154750108718872,2.350536584854126,1.2292759418487549,0.75,2.042518138885498,0.016666666666666666,0.016666666666666666,1.6884276866912842,0.7333333333333333,0.016666666666666666,0.05,0.06666666666666667
R01,B22,0.9,0.03888888888888889,0.03888888888888889,4.132014274597168,2.154750108718872,2.350536584854126,1.2292759418487549,0.75,2.042518138885498,0.016666666666666666,0.016666666666666666,2.0303103923797607,0.7333333333333333,0.016666666666666666,0.35,0.36666666666666664
R01,B23,0.3,0.03888888888888889,0.03888888888888889,4.132014274597168,2.154750108718872,2.350536584854126,1.2292759418487549,0.6333333333333333,1.834180235862732,0.03333333333333333,0.03333333333333333,0.8498989939689636,0.7333333333333333,0.0,0.0,0.016666666666666666
R01,B23,0.6,0.03888888888888889,0.03888888888888889,4.132014274597168,2.154750108718872,2.350536584854126,1.2292759418487549,0.75,1.834180235862732,0.03333333333333333,0.03333333333333333,1.302592396736145,0.7333333333333333,0.0,0.0,0.016666666666666666
R01,B23,0.9,0.03888888888888889,0.03888888888888889,4.132014274597168,2.154750108718872,2.350536584854126,1.2292759418487549,0.75,1.834180235862732,0.03333333333333333,0.03333333333333333,1.6130775213241577,0.7333333333333333,0.0,0.0,0.016666666666666666
R01,B24,0.3,0.03888888888888889,0.03888888888888889,4.132014274597168,2.154750108718872,2.350536584854126,1.2292759418487549,0.6333333333333333,1.9878743886947632,0.0,0.03333333333333333,0.0,0.0,0.0,0.0,0.016666666666666666
R01,B24,0.6,0.03888888888888889,0.03888888888888889,4.132014274597168,2.154750108718872,2.350536584854126,1.2292759418487549,0.75,1.9878743886947632,0.0,0.03333333333333333,0.0,0.0,0.0,0.0,0.016666666666666666
R01,B24,0.9,0.03888888888888889,0.03888888888888889,4.132014274597168,2.154750108718872,2.350536584854126,1.2292759418487549,0.75,1.9878743886947632,0.0,0.03333333333333333,0.0,0.0,0.0,0.0,0.016666666666666666
R01,B25,0.3,0.03888888888888889,0.03888888888888889,4.132014274597168,2.154750108718872,2.350536584854126,1.2292759418487549,0.6333333333333333,2.4756977558135986,0.0,0.016666666666666666,0.0,0.0,0.0,0.0,0.016666666666666666
R01,B25,0.6,0.03888888888888889,0.03888888888888889,4.132014274597168,2.154750108718872,2.350536584854126,1.2292759418487549,0.75,2.4756977558135986,0.0,0.016666666666666666,0.0,0.0,0.0,0.0,0.016666666666666666
R01,B25,0.9,0.03888888888888889,0.03888888888888889,4.132014274597168,2.154750108718872,2.350536584854126,1.2292759418487549,0.75,2.4756977558135986,0.0,0.016666666666666666,0.0,0.0,0.0,0.0,0.016666666666666666
R01,B26,0.3,0.03888888888888889,0.03888888888888889,4.132014274597168,2.154750108718872,2.350536584854126,1.2292759418487549,0.6333333333333333,0.8712933659553528,0.03333333333333333,0.0,2.690366744995117,0.75,0.0,0.0,0.016666666666666666
R01,B26,0.6,0.03888888888888889,0.03888888888888889,4.132014274597168,2.154750108718872,2.350536584854126,1.2292759418487549,0.75,0.8712933659553528,0.03333333333333333,0.0,3.348996877670288,0.75,0.016666666666666666,0.48333333333333334,0.7666666666666667
R01,B26,0.9,0.03888888888888889,0.03888888888888889,4.132014274597168,2.154750108718872,2.350536584854126,1.2292759418487549,0.75,0.8712933659553528,0.03333333333333333,0.0,3.7426865100860596,0.75,0.016666666666666666,0.7,0.7666666666666667
R01,B27,0.3,0.03888888888888889,0.03888888888888889,4.132014274597168,2.154750108718872,2.350536584854126,1.2292759418487549,0.6333333333333333,3.177220106124878,0.1,0.11666666666666667,2.4193227291107178,0.7333333333333333,0.03333333333333333,0.03333333333333333,0.05
R01,B27,0.6,0.03888888888888889,0.03888888888888889,4.132014274597168,2.154750108718872,2.350536584854126,1.2292759418487549,0.75,3.177220106124878,0.1,0.11666666666666667,3.0669589042663574,0.7333333333333333,0.05,0.05,0.06666666666666667
R01,B27,0.9,0.03888888888888889,0.03888888888888889,4.132014274597168,2.154750108718872,2.350536584854126,1.2292759418487549,0.75,3.177220106124878,0.1,0.11666666666666667,3.4567813873291016,0.7333333333333333,0.06666666666666667,0.35,0.36666666666666664
R01,B28,0.3,0.03888888888888889,0.03888888888888889,4.132014274597168,2.154750108718872,2.350536584854126,1.2292759418487549,0.6333333333333333,1.6601310968399048,0.0,0.016666666666666666,0.0,0.0,0.0,0.0,0.016666666666666666
R01,B28,0.6,0.03888888888888889,0.03888888888888889,4.132014274597168,2.154750108718872,2.350536584854126,1.2292759418487549,0.75,1.6601310968399048,0.0,0.016666666666666666,0.0,0.0,0.0,0.0,0.016666666666666666
R01,B28,0.9,0.03888888888888889,0.03888888888888889,4.132014274597168,2.154750108718872,2.350536584854126,1.2292759418487549,0.75,1.6601310968399048,0.0,0.016666666666666666,0.0,0.0,0.0,0.0,0.016666666666666666
R01,B29,0.3,0.03888888888888889,0.03888888888888889,4.132014274597168,2.154750108718872,2.350536584854126,1.2292759418487549,0.6333333333333333,0.5247284770011902,0.016666666666666666,0.0,1.388758659362793,0.75,0.016666666666666666,0.05,0.06666666666666667
R01,B29,0.6,0.03888888888888889,0.03888888888888889,4.132014274597168,2.154750108718872,2.350536584854126,1.2292759418487549,0.75,0.5247284770011902,0.016666666666666666,0.0,1.9487261772155762,0.75,0.016666666666666666,0.06666666666666667,0.08333333333333333
R01,B29,0.9,0.03888888888888889,0.03888888888888889,4.132014274597168,2.154750108718872,2.350536584854126,1.2292759418487549,0.75,0.5247284770011902,0.016666666666666666,0.0,2.305541753768921,0.75,0.016666666666666666,0.06666666666666667,0.08333333333333333
R01,B30,0.3,0.03888888888888889,0.03888888888888889,4.132014274597168,2.154750108718872,2.350536584854126,1.2292759418487549,0.6333333333333333,1.7011051177978516,0.03333333333333333,0.0,0.28843575716018677,0.75,0.0,0.0,0.016666666666666666
R01,B30,0.6,0.03888888888888889,0.03888888888888889,4.132014274597168,2.154750108718872,2.350536584854126,1.2292759418487549,0.75,1.7011051177978516,0.03333333333333333,0.0,0.5120311975479126,0.75,0.0,0.0,0.016666666666666666
R01,B30,0.9,0.03888888888888889,0.03888888888888889,4.132014274597168,2.154750108718872,2.350536584854126,1.2292759418487549,0.75,1.7011051177978516,0.03333333333333333,0.0,0.6946539282798767,0.75,0.0,0.0,0.016666666666666666
R01,B31,0.3,0.03888888888888889,0.03888888888888889,4.132014274597168,2.154750108718872,2.350536584854126,1.2292759418487549,0.6333333333333333,3.5351452827453613,0.016666666666666666,0.016666666666666666,1.2432990074157715,0.7333333333333333,0.0,0.0,0.016666666666666666
R01,B31,0.6,0.03888888888888889,0.03888888888888889,4.132014274597168,2.154750108718872,2.350536584854126,1.2292759418487549,0.75,3.5351452827453613,0.016666666666666666,0.016666666666666666,1.7807095050811768,0.7333333333333333,0.0,0.0,0.016666666666666666
R01,B31,0.9,0.03888888888888889,0.03888888888888889,4.132014274597168,2.154750108718872,2.350536584854126,1.2292759418487549,0.75,3.5351452827453613,0.016666666666666666,0.016666666666666666,2.1283621788024902,0.7333333333333333,0.0,0.0,0.016666666666666666
R01,B32,0.3,0.03888888888888889,0.03888888888888889,4.132014274597168,2.154750108718872,2.350536584854126,1.2292759418487549,0.6333333333333333,3.0745434761047363,0.0,0.03333333333333333,0.0,0.0,0.0,0.0,0.016666666666666666
R01,B32,0.6,0.03888888888888889,0.03888888888888889,4.132014274597168,2.154750108718872,2.350536584854126,1.2292759418487549,0.75,3.0745434761047363,0.0,0.03333333333333333,0.0,0.0,0.0,0.0,0.016666666666666666
R01,B32,0.9,0.03888888888888889,0.03888888888888889,4.132014274597168,2.154750108718872,2.350536584854126,1.2292759418487549,0.75,3.0745434761047363,0.0,0.03333333333333333,0.0,0.0,0.0,0.0,0.016666666666666666
R01,B33,0.3,0.03888888888888889,0.03888888888888889,4.132014274597168,2.154750108718872,2.350536584854126,1.2292759418487549,0.6333333333333333,1.5368672609329224,0.016666666666666666,0.0,0.5174384117126465,0.75,0.0,0.0,0.016666666666666666
R01,B33,0.6,0.03888888888888889,0.03888888888888889,4.132014274597168,2.154750108718872,2.350536584854126,1.2292759418487549,0.75,1.5368672609329224,0.016666666666666666,0.0,0.8567313551902771,0.75,0.0,0.0,0.016666666666666666
R01,B33,0.9,0.03888888888888889,0.03888888888888889,4.132014274597168,2.154750108718872,2.350536584854126,1.2292759418487549,0.75,1.5368672609329224,0.016666666666666666,0.0,1.1096093654632568,0.75,0.0,0.0,0.016666666666666666
R01,B34,0.3,0.03888888888888889,0.03888888888888889,4.132014274597168,2.154750108718872,2.350536584854126,1.2292759418487549,0.6333333333333333,1.1662709712982178,0.03333333333333333,0.0,2.973618268966675,0.75,0.016666666666666666,0.1,0.11666666666666667
R01,B34,0.6,0.03888888888888889,0.03888888888888889,4.132014274597168,2.154750108718872,2.350536584854126,1.2292759418487549,0.75,1.1662709712982178,0.03333333333333333,0.0,3.640874147415161,0.75,0.016666666666666666,0.26666666666666666,0.7666666666666667
R01,B34,0.9,0.03888888888888889,0.03888888888888889,4.132014274597168,2.154750108718872,2.350536584854126,1.2292759418487549,0.75,1.1662709712982178,0.03333333333333333,0.0,4.037557601928711,0.75,0.016666666666666666,0.45,0.7666666666666667
R01,B35,0.3,0.03888888888888889,0.03888888888888889,4.132014274597168,2.154750108718872,2.350536584854126,1.2292759418487549,0.6333333333333333,3.3307747840881348,0.016666666666666666,0.03333333333333333,0.40413913130760193,0.7333333333333333,0.0,0.0,0.016666666666666666
R01,B35,0.6,0.03888888888888889,0.03888888888888889,4.132014274597168,2.154750108718872,2.350536584854126,1.2292759418487549,0.75,3.3307747840881348,0.016666666666666666,0.03333333333333333,0.6911575794219971,0.7333333333333333,0.0,0.0,0.016666666666666666
R01,B35,0.9,0.03888888888888889,0.03888888888888889,4.132014274597168,2.154750108718872,2.350536584854126,1.2292759418487549,0.75,3.3307747840881348,0.016666666666666666,0.03333333333333333,0.9139026403427124,0.7333333333333333,0.0,0.0,0.016666666666666666
R01,B36,0.3,0.03888888888888889,0.03888888888888889,4.132014274597168,2.154750108718872,2.350536584854126,1.2292759418487549,0.6333333333333333,3.3357696533203125,0.15,0.18333333333333332,3.1779625415802,0.7333333333333333,0.03333333333333333,0.03333333333333333,0.05
R01,B36,0.6,0.03888888888888889,0.03888888888888889,4.132014274597168,2.154750108718872,2.350536584854126,1.2292759418487549,0.75,3.3357696533203125,0.15,0.18333333333333332,3.8500542640686035,0.7333333333333333,0.08333333333333333,0.13333333333333333,0.36666666666666664
R01,B36,0.9,0.03888888888888889,0.03888888888888889,4.132014274597168,2.154750108718872,2.350536584854126,1.2292759418487549,0.75,3.3357696533203125,0.15,0.18333333333333332,4.248401165008545,0.7333333333333333,0.1,0.3,0.36666666666666664
R01,B37,0.3,0.03888888888888889,0.03888888888888889,4.132014274597168,2.154750108718872,2.350536584854126,1.2292759418487549,0.6333333333333333,4.092676639556885,0.15,0.15,2.6546311378479004,0.7333333333333333,0.05,0.05,0.06666666666666667
R01,B37,0.6,0.03888888888888889,0.03888888888888889,4.132014274597168,2.154750108718872,2.350536584854126,1.2292759418487549,0.75,4.092676639556885,0.15,0.15,3.3119828701019287,0.7333333333333333,0.06666666666666667,0.06666666666666667,0.08333333333333333
R01,B37,0.9,0.03888888888888889,0.03888888888888889,4.132014274597168,2.154750108718872,2.350536584854126,1.2292759418487549,0.75,4.092676639556885,0.15,0.15,3.705225706100464,0.7333333333333333,0.08333333333333333,0.3,0.36666666666666664
R01,B38,0.3,0.03888888888888889,0.03888888888888889,4.132014274597168,2.154750108718872,2.350536584854126,1.2292759418487549,0.6333333333333333,2.7414848804473877,0.016666666666666666,0.016666666666666666,3.138356924057007,0.7333333333333333,0.016666666666666666,0.08333333333333333,0.21666666666666667
R01,B38,0.6,0.03888888888888889,0.03888888888888889,4.132014274597168,2.154750108718872,2.350536584854126,1.2292759418487549,0.75,2.7414848804473877,0.016666666666666666,0.016666666666666666,3.809588670730591,0.7333333333333333,0.016666666666666666,0.4666666666666667,0.75
R01,B38,0.9,0.03888888888888889,0.03888888888888889,4.132014274597168,2.154750108718872,2.350536584854126,1.2292759418487549,0.75,2.7414848804473877,0.016666666666666666,0.016666666666666666,4.207640647888184,0.7333333333333333,0.016666666666666666,0.6833333333333333,0.75
R01,B39,0.3,0.03888888888888889,0.03888888888888889,4.132014274597168,2.154750108718872,2.350536584854126,1.2292759418487549,0.6333333333333333,3.6953582763671875,0.0,0.016666666666666666,0.0,0.0,0.0,0.0,0.016666666666666666
R01,B39,0.6,0.03888888888888889,0.03888888888888889,4.132014274597168,2.154750108718872,2.350536584854126,1.2292759418487549,0.75,3.6953582763671875,0.0,0.016666666666666666,0.0,0.0,0.0,0.0,0.016666666666666666
R01,B39,0.9,0.03888888888888889,0.03888888888888889,4.132014274597168,2.154750108718872,2.350536584854126,1.2292759418487549,0.75,3.6953582763671875,0.0,0.016666666666666666,0.0,0.0,0.0,0.0,0.016666666666666666
R01,B40,0.3,0.03888888888888889,0.03888888888888889,4.132014274597168,2.154750108718872,2.350536584854126,1.2292759418487549,0.6333333333333333,2.853015899658203,0.05,0.016666666666666666,1.2889739274978638,0.7333333333333333,0.0,0.0,0.016666666666666666
R01,B40,0.6,0.03888888888888889,0.03888888888888889,4.132014274597168,2.154750108718872,2.350536584854126,1.2292759418487549,0.75,2.853015899658203,0.05,0.016666666666666666,1.8338801860809326,0.7333333333333333,0.0,0.0,0.016666666666666666
R01,B40,0.9,0.03888888888888889,0.03888888888888889,4.132014274597168,2.154750108718872,2.350536584854126,1.2292759418487549,0.75,2.853015899658203,0.05,0.016666666666666666,2.18461012840271,0.7333333333333333,0.016666666666666666,0.3,0.36666666666666664
R01,B41,0.3,0.03888888888888889,0.03888888888888889,4.132014274597168,2.154750108718872,2.350536584854126,1.2292759418487549,0.6333333333333333,1.4398351907730103,0.05,0.016666666666666666,2.294740915298462,0.7333333333333333,0.0,0.0,0.016666666666666666
R01,B41,0.6,0.03888888888888889,0.03888888888888889,4.132014274597168,2.154750108718872,2.350536584854126,1.2292759418487549,0.75,1.4398351907730103,0.05,0.016666666666666666,2.9361801147460938,0.7333333333333333,0.016666666666666666,0.4666666666666667,0.75
R01,B41,0.9,0.03888888888888889,0.03888888888888889,4.132014274597168,2.154750108718872,2.350536584854126,1.2292759418487549,0.75,1.4398351907730103,0.05,0.016666666666666666,3.3237974643707275,0.7333333333333333,0.016666666666666666,0.6833333333333333,0.75
R01,B42,0.3,0.03888888888888889,0.03888888888888889,4.132014274597168,2.154750108718872,2.350536584854126,1.2292759418487549,0.6333333333333333,2.7517480850219727,0.03333333333333333,0.03333333333333333,0.5537827014923096,0.7333333333333333,0.0,0.0,0.016666666666666666
R01,B42,0.6,0.03888888888888889,0.03888888888888889,4.132014274597168,2.154750108718872,2.350536584854126,1.2292759418487549,0.75,2.7517480850219727,0.03333333333333333,0.03333333333333333,0.9081148505210876,0.7333333333333333,0.0,0.0,0.016666666666666666
R01,B42,0.9,0.03888888888888889,0.03888888888888889,4.132014274597168,2.154750108718872,2.350536584854126,1.2292759418487549,0.75,2.7517480850219727,0.03333333333333333,0.03333333333333333,1.1692153215408325,0.7333333333333333,0.0,0.0,0.016666666666666666
R01,B43,0.3,0.03888888888888889,0.03888888888888889,4.132014274597168,2.154750108718872,2.350536584854126,1.2292759418487549,0.6333333333333333,2.7120423316955566,0.0,0.016666666666666666,0.0,0.0,0.0,0.0,0.016666666666666666
R01,B43,0.6,0.03888888888888889,0.03888888888888889,4.132014274597168,2.154750108718872,2.350536584854126,1.2292759418487549,0.75,2.7120423316955566,0.0,0.016666666666666666,0.0,0.0,0.0,0.0,0.016666666666666666
R01,B43,0.9,0.03888888888888889,0.03888888888888889,4.132014274597168,2.154750108718872,2.350536584854126,1.2292759418487549,0.75,2.7120423316955566,0.0,0.016666666666666666,0.0,0.0,0.0,0.0,0.016666666666666666
R01,B44,0.3,0.03888888888888889,0.03888888888888889,4.132014274597168,2.154750108718872,2.350536584854126,1.2292759418487549,0.6333333333333333,2.6810214519500732,0.016666666666666666,0.05,1.2722910642623901,0.7333333333333333,0.0,0.0,0.016666666666666666
R01,B44,0.6,0.03888888888888889,0.03888888888888889,4.132014274597168,2.154750108718872,2.350536584854126,1.2292759418487549,0.75,2.6810214519500732,0.016666666666666666,0.05,1.8145054578781128,0.7333333333333333,0.0,0.0,0.016666666666666666
R01,B44,0.9,0.03888888888888889,0.03888888888888889,4.132014274597168,2.154750108718872,2.350536584854126,1.2292759418487549,0.75,2.6810214519500732,0.016666666666666666,0.05,2.1641342639923096,0.7333333333333333,0.0,0.0,0.016666666666666666
R01,B45,0.3,0.03888888888888889,0.03888888888888889,4.132014274597168,2.154750108718872,2.350536584854126,1.2292759418487549,0.6333333333333333,1.940179467201233,0.0,0.016666666666666666,0.0,0.0,0.0,0.0,0.016666666666666666
R01,B45,0.6,0.03888888888888889,0.03888888888888889,4.132014274597168,2.154750108718872,2.350536584854126,1.2292759418487549,0.75,1.940179467201233,0.0,0.016666666666666666,0.0,0.0,0.0,0.0,0.016666666666666666
R01,B45,0.9,0.03888888888888889,0.03888888888888889,4.132014274597168,2.154750108718872,2.350536584854126,1.2292759418487549,0.75,1.940179467201233,0.0,0.016666666666666666,0.0,0.0,0.0,0.0,0.016666666666666666
R01,B46,0.3,0.03888888888888889,0.03888888888888889,4.132014274597168,2.154750108718872,2.350536584854126,1.2292759418487549,0.6333333333333333,2.884800672531128,0.13333333333333333,0.11666666666666667,2.127382755279541,0.7333333333333333,0.03333333333333333,0.03333333333333333,0.05
R01,B46,0.6,0.03888888888888889,0.03888888888888889,4.132014274597168,2.154750108718872,2.350536584854126,1.2292759418487549,0.75,2.884800672531128,0.13333333333333333,0.11666666666666667,2.7591073513031006,0.7333333333333333,0.05,0.05,0.06666666666666667
R01,B46,0.9,0.03888888888888889,0.03888888888888889,4.132014274597168,2.154750108718872,2.350536584854126,1.2292759418487549,0.75,2.884800672531128,0.13333333333333333,0.11666666666666667,3.1432301998138428,0.7333333333333333,0.05,0.05,0.06666666666666667
R01,B47,0.3,0.03888888888888889,0.03888888888888889,4.132014274597168,2.154750108718872,2.350536584854126,1.2292759418487549,0.6333333333333333,3.474757671356201,0.11666666666666667,0.15,2.8420841693878174,0.7333333333333333,0.03333333333333333,0.03333333333333333,0.05
R01,B47,0.6,0.03888888888888889,0.03888888888888889,4.132014274597168,2.154750108718872,2.350536584854126,1.2292759418487549,0.75,3.474757671356201,0.11666666666666667,0.15,3.505645990371704,0.7333333333333333,0.06666666666666667,0.2,0.75
R01,B47,0.9,0.03888888888888889,0.03888888888888889,4.132014274597168,2.154750108718872,2.350536584854126,1.2292759418487549,0.75,3.474757671356201,0.11666666666666667,0.15,3.9010512828826904,0.7333333333333333,0.08333333333333333,0.43333333333333335,0.75
R01,B48,0.3,0.03888888888888889,0.03888888888888889,4.132014274597168,2.154750108718872,2.350536584854126,1.2292759418487549,0.6333333333333333,0.9360933303833008,0.016666666666666666,0.016666666666666666,0.7277704477310181,0.7333333333333333,0.0,0.0,0.016666666666666666
R01,B48,0.6,0.03888888888888889,0.03888888888888889,4.132014274597168,2.154750108718872,2.350536584854126,1.2292759418487549,0.75,0.9360933303833008,0.016666666666666666,0.016666666666666666,1.1445152759552002,0.7333333333333333,0.0,0.0,0.016666666666666666
R01,B48,0.9,0.03888888888888889,0.03888888888888889,4.132014274597168,2.154750108718872,2.350536584854126,1.2292759418487549,0.75,0.9360933303833008,0.016666666666666666,0.016666666666666666,1.437789797782898,0.7333333333333333,0.0,0.0,0.016666666666666666
R01,B49,0.3,0.03888888888888889,0.03888888888888889,4.132014274597168,2.154750108718872,2.350536584854126,1.2292759418487549,0.6333333333333333,1.1281710863113403,0.0,0.016666666666666666,0.0,0.0,0.0,0.0,0.016666666666666666
R01,B49,0.6,0.03888888888888889,0.03888888888888889,4.132014274597168,2.154750108718872,2.350536584854126,1.2292759418487549,0.75,1.1281710863113403,0.0,0.016666666666666666,0.0,0.0,0.0,0.0,0.016666666666666666
R01,B49,0.9,0.03888888888888889,0.03888888888888889,4.132014274597168,2.154750108718872,2.350536584854126,1.2292759418487549,0.75,1.1281710863113403,0.0,0.016666666666666666,0.0,0.0,0.0,0.0,0.016666666666666666
R01,B50,0.3,0.03888888888888889,0.03888888888888889,4.132014274597168,2.154750108718872,2.350536584854126,1.2292759418487549,0.6333333333333333,0.8415672183036804,0.016666666666666666,0.0,0.847434937953949,0.75,0.0,0.0,0.016666666666666666
R01,B50,0.6,0.03888888888888889,0.03888888888888889,4.132014274597168,2.154750108718872,2.350536584854126,1.2292759418487549,0.75,0.8415672183036804,0.016666666666666666,0.0,1.2994574308395386,0.75,0.0,0.0,0.016666666666666666
R01,B50,0.9,0.03888888888888889,0.03888888888888889,4.132014274597168,2.154750108718872,2.350536584854126,1.2292759418487549,0.75,0.8415672183036804,0.016666666666666666,0.0,1.60962975025177,0.75,0.0,0.0,0.016666666666666666
R01,B51,0.3,0.03888888888888889,0.03888888888888889,4.132014274597168,2.154750108718872,2.350536584854126,1.2292759418487549,0.6333333333333333,1.2383742332458496,0.03333333333333333,0.0,0.9373692870140076,0.75,0.0,0.0,0.016666666666666666
R01,B51,0.6,0.03888888888888889,0.03888888888888889,4.132014274597168,2.154750108718872,2.350536584854126,1.2292759418487549,0.75,1.2383742332458496,0.03333333333333333,0.0,1.4125738143920898,0.75,0.0,0.0,0.016666666666666666
R01,B51,0.9,0.03888888888888889,0.03888888888888889,4.132014274597168,2.154750108718872,2.350536584854126,1.2292759418487549,0.75,1.2383742332458496,0.03333333333333333,0.0,1.7333827018737793,0.75,0.0,0.0,0.016666666666666666
R01,B52,0.3,0.03888888888888889,0.03888888888888889,4.132014274597168,2.154750108718872,2.350536584854126,1.2292759418487549,0.6333333333333333,1.4678744077682495,0.016666666666666666,0.016666666666666666,2.976158857345581,0.7333333333333333,0.016666666666666666,0.08333333333333333,0.21666666666666667
R01,B52,0.6,0.03888888888888889,0.03888888888888889,4.132014274597168,2.154750108718872,2.350536584854126,1.2292759418487549,0.75,1.4678744077682495,0.016666666666666666,0.016666666666666666,3.6434812545776367,0.7333333333333333,0.016666666666666666,0.4666666666666667,0.75
R01,B52,0.9,0.03888888888888889,0.03888888888888889,4.132014274597168,2.154750108718872,2.350536584854126,1.2292759418487549,0.75,1.4678744077682495,0.016666666666666666,0.016666666666666666,4.040187835693359,0.7333333333333333,0.016666666666666666,0.6833333333333333,0.75
R01,B53,0.3,0.03888888888888889,0.03888888888888889,4.132014274597168,2.154750108718872,2.350536584854126,1.2292759418487549,0.6333333333333333,0.7654678225517273,0.0,0.0,0.0,0.0,0.0,0.0,0.016666666666666666
R01,B53,0.6,0.03888888888888889,0.03888888888888889,4.132014274597168,2.154750108718872,2.350536584854126,1.2292759418487549,0.75,0.7654678225517273,0.0,0.0,0.0,0.0,0.0,0.0,0.016666666666666666
R01,B53,0.9,0.03888888888888889,0.03888888888888889,4.132014274597168,2.154750108718872,2.350536584854126,1.2292759418487549,0.75,0.7654678225517273,0.0,0.0,0.0,0.0,0.0,0.0,0.016666666666666666
R01,B54,0.3,0.03888888888888889,0.03888888888888889,4.132014274597168,2.154750108718872,2.350536584854126,1.2292759418487549,0.6333333333333333,2.0918641090393066,0.03333333333333333,0.016666666666666666,1.2207469940185547,0.7333333333333333,0.0,0.0,0.016666666666666666
R01,B54,0.6,0.03888888888888889,0.03888888888888889,4.132014274597168,2.154750108718872,2.350536584854126,1.2292759418487549,0.75,2.0918641090393066,0.03333333333333333,0.016666666666666666,1.754306435585022,0.7333333333333333,0.0,0.0,0.016666666666666666
R01,B54,0.9,0.03888888888888889,0.03888888888888889,4.132014274597168,2.154750108718872,2.350536584854126,1.2292759418487549,0.75,2.0918641090393066,0.03333333333333333,0.016666666666666666,2.10036563873291,0.7333333333333333,0.0,0.0,0.016666666666666666
R01,B55,0.3,0.03888888888888889,0.03888888888888889,4.132014274597168,2.154750108718872,2.350536584854126,1.2292759418487549,0.6333333333333333,0.6471032500267029,0.0,0.0,0.0,0.0,0.0,0.0,0.016666666666666666
R01,B55,0.6,0.03888888888888889,0.03888888888888889,4.132014274597168,2.154750108718872,2.350536584854126,1.2292759418487549,0.75,0.6471032500267029,0.0,0.0,0.0,0.0,0.0,0.0,0.016666666666666666
R01,B55,0.9,0.03888888888888889,0.03888888888888889,4.132014274597168,2.154750108718872,2.350536584854126,1.2292759418487549,0.75,0.6471032500267029,0.0,0.0,0.0,0.0,0.0,0.0,0.016666666666666666
R01,B56,0.3,0.03888888888888889,0.03888888888888889,4.132014274597168,2.154750108718872,2.350536584854126,1.2292759418487549,0.6333333333333333,4.537961483001709,0.15,0.15,3.220092296600342,0.7333333333333333,0.06666666666666667,0.15,0.38333333333333336
R01,B56,0.6,0.03888888888888889,0.03888888888888889,4.132014274597168,2.154750108718872,2.350536584854126,1.2292759418487549,0.75,4.537961483001709,0.15,0.15,3.893061637878418,0.7333333333333333,0.08333333333333333,0.4666666666666667,0.75
R01,B56,0.9,0.03888888888888889,0.03888888888888889,4.132014274597168,2.154750108718872,2.350536584854126,1.2292759418487549,0.75,4.537961483001709,0.15,0.15,4.291708946228027,0.7333333333333333,0.1,0.6833333333333333,0.75
R01,B57,0.3,0.03888888888888889,0.03888888888888889,4.132014274597168,2.154750108718872,2.350536584854126,1.2292759418487549,0.6333333333333333,1.5347144603729248,0.016666666666666666,0.016666666666666666,0.9289585947990417,0.7333333333333333,0.0,0.0,0.016666666666666666
R01,B57,0.6,0.03888888888888889,0.03888888888888889,4.132014274597168,2.154750108718872,2.350536584854126,1.2292759418487549,0.75,1.5347144603729248,0.016666666666666666,0.016666666666666666,1.402104377746582,0.7333333333333333,0.0,0.0,0.016666666666666666
R01,B57,0.9,0.03888888888888889,0.03888888888888889,4.132014274597168,2.154750108718872,2.350536584854126,1.2292759418487549,0.75,1.5347144603729248,0.016666666666666666,0.016666666666666666,1.7219829559326172,0.7333333333333333,0.0,0.0,0.016666666666666666
R01,B58,0.3,0.03888888888888889,0.03888888888888889,4.132014274597168,2.154750108718872,2.350536584854126,1.2292759418487549,0.6333333333333333,4.018362998962402,0.0,0.03333333333333333,0.0,0.0,0.0,0.0,0.016666666666666666
R01,B58,0.6,0.03888888888888889,0.03888888888888889,4.132014274597168,2.154750108718872,2.350536584854126,1.2292759418487549,0.75,4.018362998962402,0.0,0.03333333333333333,0.0,0.0,0.0,0.0,0.016666666666666666
R01,B58,0.9,0.03888888888888889,0.03888888888888889,4.132014274597168,2.154750108718872,2.350536584854126,1.2292759418487549,0.75,4.018362998962402,0.0,0.03333333333333333,0.0,0.0,0.0,0.0,0.016666666666666666
R01,B59,0.3,0.03888888888888889,0.03888888888888889,4.132014274597168,2.154750108718872,2.350536584854126,1.2292759418487549,0.6333333333333333,4.217004776000977,0.016666666666666666,0.016666666666666666,0.589536726474762,0.7333333333333333,0.0,0.0,0.016666666666666666
R01,B59,0.6,0.03888888888888889,0.03888888888888889,4.132014274597168,2.154750108718872,2.350536584854126,1.2292759418487549,0.75,4.217004776000977,0.016666666666666666,0.016666666666666666,0.957933783531189,0.7333333333333333,0.0,0.0,0.016666666666666666
R01,B59,0.9,0.03888888888888889,0.03888888888888889,4.132014274597168,2.154750108718872,2.350536584854126,1.2292759418487549,0.75,4.217004776000977,0.016666666666666666,0.016666666666666666,1.2265534400939941,0.7333333333333333,0.0,0.0,0.016666666666666666
R01,B60,0.3,0.03888888888888889,0.03888888888888889,4.132014274597168,2.154750108718872,2.350536584854126,1.2292759418487549,0.6333333333333333,4.436396598815918,0.18333333333333332,0.18333333333333332,3.3986947536468506,0.7333333333333333,0.06666666666666667,0.06666666666666667,0.2
R01,B60,0.6,0.03888888888888889,0.03888888888888889,4.132014274597168,2.154750108718872,2.350536584854126,1.2292759418487549,0.75,4.436396598815918,0.18333333333333332,0.18333333333333332,4.074992656707764,0.7333333333333333,0.08333333333333333,0.4666666666666667,0.75
R01,B60,0.9,0.03888888888888889,0.03888888888888889,4.132014274597168,2.154750108718872,2.350536584854126,1.2292759418487549,0.75,4.436396598815918,0.18333333333333332,0.18333333333333332,4.4747772216796875,0.7333333333333333,0.08333333333333333,0.6833333333333333,0.75
R02,B01,0.3,0.04138888888888889,0.04138888888888889,3.897536039352417,1.899711012840271,2.3733432292938232,1.4408469200134277,0.5166666666666667,0.7975072264671326,0.016666666666666666,0.016666666666666666,1.3872408866882324,0.6833333333333333,0.0,0.0,0.016666666666666666
R02,B01,0.6,0.04138888888888889,0.04138888888888889,3.897536039352417,1.899711012840271,2.3733432292938232,1.4408469200134277,0.6833333333333333,0.7975072264671326,0.016666666666666666,0.016666666666666666,1.9469918012619019,0.6833333333333333,0.0,0.0,0.016666666666666666
R02,B01,0.9,0.04138888888888889,0.04138888888888889,3.897536039352417,1.899711012840271,2.3733432292938232,1.4408469200134277,0.7,0.7975072264671326,0.016666666666666666,0.016666666666666666,2.3037209510803223,0.6833333333333333,0.0,0.0,0.016666666666666666
R02,B02,0.3,0.04138888888888889,0.04138888888888889,3.897536039352417,1.899711012840271,2.3733432292938232,1.4408469200134277,0.5166666666666667,2.9407479763031006,0.13333333333333333,0.11666666666666667,2.1916959285736084,0.6833333333333333,0.03333333333333333,0.03333333333333333,0.05
R02,B02,0.6,0.04138888888888889,0.04138888888888889,3.897536039352417,1.899711012840271,2.3733432292938232,1.4408469200134277,0.6833333333333333,2.9407479763031006,0.13333333333333333,0.11666666666666667,2.8273584842681885,0.6833333333333333,0.06666666666666667,0.06666666666666667,0.15
R02,B02,0.9,0.04138888888888889,0.04138888888888889,3.897536039352417,1.899711012840271,2.3733432292938232,1.4408469200134277,0.7,2.9407479763031006,0.13333333333333333,0.11666666666666667,3.2129034996032715,0.6833333333333333,0.06666666666666667,0.06666666666666667,0.7
R02,B03,0.3,0.04138888888888889,0.04138888888888889,3.897536039352417,1.899711012840271,2.3733432292938232,1.4408469200134277,0.5166666666666667,4.482211112976074,0.03333333333333333,0.03333333333333333,1.289524793624878,0.6833333333333333,0.0,0.0,0.016666666666666666
R02,B03,0.6,0.04138888888888889,0.04138888888888889,3.897536039352417,1.899711012840271,2.3733432292938232,1.4408469200134277,0.6833333333333333,4.482211112976074,0.03333333333333333,0.03333333333333333,1.8345190286636353,0.6833333333333333,0.0,0.0,0.016666666666666666
R02,B03,0.9,0.04138888888888889,0.04138888888888889,3.897536039352417,1.899711012840271,2.3733432292938232,1.4408469200134277,0.7,4.482211112976074,0.03333333333333333,0.03333333333333333,2.1852848529815674,0.6833333333333333,0.0,0.0,0.016666666666666666
R02,B04,0.3,0.04138888888888889,0.04138888888888889,3.897536039352417,1.899711012840271,2.3733432292938232,1.4408469200134277,0.5166666666666667,0.940007209777832,0.016666666666666666,0.0,0.23189304769039154,0.7,0.0,0.0,0.016666666666666666
R02,B04,0.6,0.04138888888888889,0.04138888888888889,3.897536039352417,1.899711012840271,2.3733432292938232,1.4408469200134277,0.6833333333333333,0.940007209777832,0.016666666666666666,0.0,0.4200053811073303,0.7,0.0,0.0,0.016666666666666666
R02,B04,0.9,0.04138888888888889,0.04138888888888889,3.897536039352417,1.899711012840271,2.3733432292938232,1.4408469200134277,0.7,0.940007209777832,0.016666666666666666,0.0,0.5782718658447266,0.7,0.0,0.0,0.016666666666666666
R02,B05,0.3,0.04138888888888889,0.04138888888888889,3.897536039352417,1.899711012840271,2.3733432292938232,1.4408469200134277,0.5166666666666667,1.8531681299209595,0.016666666666666666,0.0,0.7158052921295166,0.7,0.0,0.0,0.016666666666666666
R02,B05,0.6,0.04138888888888889,0.04138888888888889,3.897536039352417,1.899711012840271,2.3733432292938232,1.4408469200134277,0.6833333333333333,1.8531681299209595,0.016666666666666666,0.0,1.128710389137268,0.7,0.0,0.0,0.016666666666666666
R02,B05,0.9,0.04138888888888889,0.04138888888888889,3.897536039352417,1.899711012840271,2.3733432292938232,1.4408469200134277,0.7,1.8531681299209595,0.016666666666666666,0.0,1.4200917482376099,0.7,0.0,0.0,0.016666666666666666
R02,B06,0.3,0.04138888888888889,0.04138888888888889,3.897536039352417,1.899711012840271,2.3733432292938232,1.4408469200134277,0.5166666666666667,1.9685099124908447,0.03333333333333333,0.016666666666666666,0.9426079988479614,0.6833333333333333,0.0,0.0,0.016666666666666666
R02,B06,0.6,0.04138888888888889,0.04138888888888889,3.897536039352417,1.899711012840271,2.3733432292938232,1.4408469200134277,0.6833333333333333,1.9685099124908447,0.03333333333333333,0.016666666666666666,1.4190841913223267,0.6833333333333333,0.0,0.0,0.016666666666666666
R02,B06,0.9,0.04138888888888889,0.04138888888888889,3.897536039352417,1.899711012840271,2.3733432292938232,1.4408469200134277,0.7,1.9685099124908447,0.03333333333333333,0.016666666666666666,1.7404659986495972,0.6833333333333333,0.0,0.0,0.016666666666666666
R02,B07,0.3,0.04138888888888889,0.04138888888888889,3.897536039352417,1.899711012840271,2.3733432292938232,1.4408469200134277,0.5166666666666667,0.40546509623527527,0.03333333333333333,0.016666666666666666,0.645634651184082,0.6833333333333333,0.0,0.0,0.016666666666666666
R02,B07,0.6,0.04138888888888889,0.04138888888888889,3.897536039352417,1.899711012840271,2.3733432292938232,1.4408469200134277,0.6833333333333333,0.40546509623527527,0.03333333333333333,0.016666666666666666,1.0347470045089722,0.6833333333333333,0.0,0.0,0.016666666666666666
R02,B07,0.9,0.04138888888888889,0.04138888888888889,3.897536039352417,1.899711012840271,2.3733432292938232,1.4408469200134277,0.7,0.40546509623527527,0.03333333333333333,0.016666666666666666,1.3141512870788574,0.6833333333333333,0.0,0.0,0.016666666666666666
R02,B08,0.3,0.04138888888888889,0.04138888888888889,3.897536039352417,1.899711012840271,2.3733432292938232,1.4408469200134277,0.5166666666666667,1.1631507873535156,0.016666666666666666,0.0,0.37729427218437195,0.7,0.0,0.0,0.016666666666666666
R02,B08,0.6,0.04138888888888889,0.04138888888888889,3.897536039352417,1.899711012840271,2.3733432292938232,1.4408469200134277,0.6833333333333333,1.1631507873535156,0.016666666666666666,0.0,0.6505876183509827,0.7,0.0,0.0,0.016666666666666666
R02,B08,0.9,0.04138888888888889,0.04138888888888889,3.897536039352417,1.899711012840271,2.3733432292938232,1.4408469200134277,0.7,1.1631507873535156,0.016666666666666666,0.0,0.8649974465370178,0.7,0.0,0.0,0.016666666666666666
R02,B09,0.3,0.04138888888888889,0.04138888888888889,3.897536039352417,1.899711012840271,2.3733432292938232,1.4408469200134277,0.5166666666666667,1.9851309061050415,0.016666666666666666,0.016666666666666666,0.4399641156196594,0.6833333333333333,0.0,0.0,0.016666666666666666
R02,B09,0.6,0.04138888888888889,0.04138888888888889,3.897536039352417,1.899711012840271,2.3733432292938232,1.4408469200134277,0.6833333333333333,1.9851309061050415,0.016666666666666666,0.016666666666666666,0.7444594502449036,0.6833333333333333,0.0,0.0,0.016666666666666666
R02,B09,0.9,0.04138888888888889,0.04138888888888889,3.897536039352417,1.899711012840271,2.3733432292938232,1.4408469200134277,0.7,1.9851309061050415,0.016666666666666666,0.016666666666666666,0.9775568246841431,0.6833333333333333,0.0,0.0,0.016666666666666666
R02,B10,0.3,0.04138888888888889,0.04138888888888889,3.897536039352417,1.899711012840271,2.3733432292938232,1.4408469200134277,0.5166666666666667,4.293332099914551,0.23333333333333334,0.2,3.0866076946258545,0.6833333333333333,0.06666666666666667,0.06666666666666667,0.08333333333333333
R02,B10,0.6,0.04138888888888889,0.04138888888888889,3.897536039352417,1.899711012840271,2.3733432292938232,1.4408469200134277,0.6833333333333333,4.293332099914551,0.23333333333333334,0.2,3.756662130355835,0.6833333333333333,0.13333333333333333,0.16666666666666666,0.3333333333333333
R02,B10,0.9,0.04138888888888889,0.04138888888888889,3.897536039352417,1.899711012840271,2.3733432292938232,1.4408469200134277,0.7,4.293332099914551,0.23333333333333334,0.2,4.154309272766113,0.6833333333333333,0.15,0.3333333333333333,0.35
R02,B11,0.3,0.04138888888888889,0.04138888888888889,3.897536039352417,1.899711012840271,2.3733432292938232,1.4408469200134277,0.5166666666666667,1.4770487546920776,0.0,0.016666666666666666,0.0,0.0,0.0,0.0,0.016666666666666666
R02,B11,0.6,0.04138888888888889,0.04138888888888889,3.897536039352417,1.899711012840271,2.3733432292938232,1.4408469200134277,0.6833333333333333,1.4770487546920776,0.0,0.016666666666666666,0.0,0.0,0.0,0.0,0.016666666666666666
R02,B11,0.9,0.04138888888888889,0.04138888888888889,3.897536039352417,1.899711012840271,2.3733432292938232,1.4408469200134277,0.7,1.4770487546920776,0.0,0.016666666666666666,0.0,0.0,0.0,0.0,0.016666666666666666
R02,B12,0.3,0.04138888888888889,0.04138888888888889,3.897536039352417,1.899711012840271,2.3733432292938232,1.4408469200134277,0.5166666666666667,2.761275053024292,0.016666666666666666,0.03333333333333333,2.5067620277404785,0.6833333333333333,0.016666666666666666,0.06666666666666667,0.08333333333333333
R02,B12,0.6,0.04138888888888889,0.04138888888888889,3.897536039352417,1.899711012840271,2.3733432292938232,1.4408469200134277,0.6833333333333333,2.761275053024292,0.016666666666666666,0.03333333333333333,3.1582891941070557,0.6833333333333333,0.016666666666666666,0.16666666666666666,0.3333333333333333
R02,B12,0.9,0.04138888888888889,0.04138888888888889,3.897536039352417,1.899711012840271,2.3733432292938232,1.4408469200134277,0.7,2.761275053024292,0.016666666666666666,0.03333333333333333,3.5494866371154785,0.6833333333333333,0.016666666666666666,0.3333333333333333,0.35
R02,B13,0.3,0.04138888888888889,0.04138888888888889,3.897536039352417,1.899711012840271,2.3733432292938232,1.4408469200134277,0.5166666666666667,3.8124237060546875,0.15,0.26666666666666666,2.8555991649627686,0.6833333333333333,0.03333333333333333,0.03333333333333333,0.05
R02,B13,0.6,0.04138888888888889,0.04138888888888889,3.897536039352417,1.899711012840271,2.3733432292938232,1.4408469200134277,0.6833333333333333,3.8124237060546875,0.15,0.26666666666666666,3.519564151763916,0.6833333333333333,0.06666666666666667,0.06666666666666667,0.08333333333333333
R02,B13,0.9,0.04138888888888889,0.04138888888888889,3.897536039352417,1.899711012840271,2.3733432292938232,1.4408469200134277,0.7,3.8124237060546875,0.15,0.26666666666666666,3.915109157562256,0.6833333333333333,0.06666666666666667,0.1,0.7
R02,B14,0.3,0.04138888888888889,0.04138888888888889,3.897536039352417,1.899711012840271,2.3733432292938232,1.4408469200134277,0.5166666666666667,3.3769047260284424,0.03333333333333333,0.03333333333333333,0.508322536945343,0.6833333333333333,0.0,0.0,0.016666666666666666
R02,B14,0.6,0.04138888888888889,0.04138888888888889,3.897536039352417,1.899711012840271,2.3733432292938232,1.4408469200134277,0.6833333333333333,3.3769047260284424,0.03333333333333333,0.03333333333333333,0.8437200784683228,0.6833333333333333,0.0,0.0,0.016666666666666666
R02,B14,0.9,0.04138888888888889,0.04138888888888889,3.897536039352417,1.899711012840271,2.3733432292938232,1.4408469200134277,0.7,3.3769047260284424,0.03333333333333333,0.03333333333333333,1.094436764717102,0.6833333333333333,0.0,0.0,0.016666666666666666
R02,B15,0.3,0.04138888888888889,0.04138888888888889,3.897536039352417,1.899711012840271,2.3733432292938232,1.4408469200134277,0.5166666666666667,4.263805866241455,0.03333333333333333,0.03333333333333333,1.0067683458328247,0.6833333333333333,0.0,0.0,0.016666666666666666
R02,B15,0.6,0.04138888888888889,0.04138888888888889,3.897536039352417,1.899711012840271,2.3733432292938232,1.4408469200134277,0.6833333333333333,4.263805866241455,0.03333333333333333,0.03333333333333333,1.4981677532196045,0.6833333333333333,0.0,0.0,0.016666666666666666
R02,B15,0.9,0.04138888888888889,0.04138888888888889,3.897536039352417,1.899711012840271,2.3733432292938232,1.4408469200134277,0.7,4.263805866241455,0.03333333333333333,0.03333333333333333,1.8261975049972534,0.6833333333333333,0.0,0.0,0.016666666666666666
R02,B16,0.3,0.04138888888888889,0.04138888888888889,3.897536039352417,1.899711012840271,2.3733432292938232,1.4408469200134277,0.5166666666666667,1.291983723640442,0.016666666666666666,0.0,1.116506814956665,0.7,0.0,0.0,0.016666666666666666
R02,B16,0.6,0.04138888888888889,0.04138888888888889,3.897536039352417,1.899711012840271,2.3733432292938232,1.4408469200134277,0.6833333333333333,1.291983723640442,0.016666666666666666,0.0,1.630873203277588,0.7,0.0,0.0,0.016666666666666666
R02,B16,0.9,0.04138888888888889,0.04138888888888889,3.897536039352417,1.899711012840271,2.3733432292938232,1.4408469200134277,0.7,1.291983723640442,0.016666666666666666,0.0,1.968859076499939,0.7,0.0,0.0,0.016666666666666666
R02,B17,0.3,0.04138888888888889,0.04138888888888889,3.897536039352417,1.899711012840271,2.3733432292938232,1.4408469200134277,0.5166666666666667,2.9851768016815186,0.016666666666666666,0.016666666666666666,1.8473209142684937,0.6833333333333333,0.0,0.0,0.016666666666666666
R02,B17,0.6,0.04138888888888889,0.04138888888888889,3.897536039352417,1.899711012840271,2.3733432292938232,1.4408469200134277,0.6833333333333333,2.9851768016815186,0.016666666666666666,0.016666666666666666,2.458357810974121,0.6833333333333333,0.016666666666666666,0.08333333333333333,0.1
R02,B17,0.9,0.04138888888888889,0.04138888888888889,3.897536039352417,1.899711012840271,2.3733432292938232,1.4408469200134277,0.7,2.9851768016815186,0.016666666666666666,0.016666666666666666,2.834882974624634,0.6833333333333333,0.016666666666666666,0.11666666666666667,0.7
R02,B18,0.3,0.04138888888888889,0.04138888888888889,3.897536039352417,1.899711012840271,2.3733432292938232,1.4408469200134277,0.5166666666666667,2.340843915939331,0.03333333333333333,0.0,2.4316177368164062,0.7,0.0,0.0,0.016666666666666666
R02,B18,0.6,0.04138888888888889,0.04138888888888889,3.897536039352417,1.899711012840271,2.3733432292938232,1.4408469200134277,0.6833333333333333,2.340843915939331,0.03333333333333333,0.0,3.0798227787017822,0.7,0.016666666666666666,0.3,0.38333333333333336
R02,B18,0.9,0.04138888888888889,0.04138888888888889,3.897536039352417,1.899711012840271,2.3733432292938232,1.4408469200134277,0.7,2.340843915939331,0.03333333333333333,0.0,3.469846487045288,0.7,0.016666666666666666,0.3333333333333333,0.7166666666666667
R02,B19,0.3,0.04138888888888889,0.04138888888888889,3.897536039352417,1.899711012840271,2.3733432292938232,1.4408469200134277,0.5166666666666667,3.1921210289001465,0.03333333333333333,0.016666666666666666,0.26352912187576294,0.6833333333333333,0.0,0.0,0.016666666666666666
R02,B19,0.6,0.04138888888888889,0.04138888888888889,3.897536039352417,1.899711012840271,2.3733432292938232,1.4408469200134277,0.6833333333333333,3.1921210289001465,0.03333333333333333,0.016666666666666666,0.4718957841396332,0.6833333333333333,0.0,0.0,0.016666666666666666
R02,B19,0.9,0.04138888888888889,0.04138888888888889,3.897536039352417,1.899711012840271,2.3733432292938232,1.4408469200134277,0.7,3.1921210289001465,0.03333333333333333,0.016666666666666666,0.6442433595657349,0.6833333333333333,0.0,0.0,0.016666666666666666
R02,B20,0.3,0.04138888888888889,0.04138888888888889,3.897536039352417,1.899711012840271,2.3733432292938232,1.4408469200134277,0.5166666666666667,2.4006187915802,0.03333333333333333,0.016666666666666666,1.600916862487793,0.6833333333333333,0.0,0.0,0.016666666666666666
R02,B20,0.6,0.04138888888888889,0.04138888888888889,3.897536039352417,1.899711012840271,2.3733432292938232,1.4408469200134277,0.6833333333333333,2.4006187915802,0.03333333333333333,0.016666666666666666,2.1877522468566895,0.6833333333333333,0.0,0.0,0.016666666666666666
R02,B20,0.9,0.04138888888888889,0.04138888888888889,3.897536039352417,1.899711012840271,2.3733432292938232,1.4408469200134277,0.7,2.4006187915802,0.03333333333333333,0.016666666666666666,2.5551106929779053,0.6833333333333333,0.0,0.0,0.016666666666666666
R02,B21,0.3,0.04138888888888889,0.04138888888888889,3.897536039352417,1.899711012840271,2.3733432292938232,1.4408469200134277,0.5166666666666667,1.572773814201355,0.03333333333333333,0.0,0.9996844530105591,0.7,0.0,0.0,0.016666666666666666
R02,B21,0.6,0.04138888888888889,0.04138888888888889,3.897536039352417,1.899711012840271,2.3733432292938232,1.4408469200134277,0.6833333333333333,1.572773814201355,0.03333333333333333,0.0,1.489493489265442,0.7,0.0,0.0,0.016666666666666666
R02,B21,0.9,0.04138888888888889,0.04138888888888889,3.897536039352417,1.899711012840271,2.3733432292938232,1.4408469200134277,0.7,1.572773814201355,0.03333333333333333,0.0,1.816821575164795,0.7,0.0,0.0,0.016666666666666666
R02,B22,0.3,0.04138888888888889,0.04138888888888889,3.897536039352417,1.899711012840271,2.3733432292938232,1.4408469200134277,0.5166666666666667,4.90697717666626,0.11666666666666667,0.11666666666666667,2.2678604125976562,0.6833333333333333,0.016666666666666666,0.016666666666666666,0.03333333333333333
R02,B22,0.6,0.04138888888888889,0.04138888888888889,3.897536039352417,1.899711012840271,2.3733432292938232,1.4408469200134277,0.6833333333333333,4.90697717666626,0.11666666666666667,0.11666666666666667,2.9078528881073,0.6833333333333333,0.05,0.16666666666666666,0.36666666666666664
R02,B22,0.9,0.04138888888888889,0.04138888888888889,3.897536039352417,1.899711012840271,2.3733432292938232,1.4408469200134277,0.7,4.90697717666626,0.11666666666666667,0.11666666666666667,3.294952630996704,0.6833333333333333,0.05,0.31666666666666665,0.7
R02,B23,0.3,0.04138888888888889,0.04138888888888889,3.897536039352417,1.899711012840271,2.3733432292938232,1.4408469200134277,0.5166666666666667,1.5260562896728516,0.016666666666666666,0.0,1.2683337926864624,0.7,0.0,0.0,0.016666666666666666
R02,B23,0.6,0.04138888888888889,0.04138888888888889,3.897536039352417,1.899711012840271,2.3733432292938232,1.4408469200134277,0.6833333333333333,1.5260562896728516,0.016666666666666666,0.0,1.8099019527435303,0.7,0.0,0.0,0.016666666666666666
R02,B23,0.9,0.04138888888888889,0.04138888888888889,3.897536039352417,1.899711012840271,2.3733432292938232,1.4408469200134277,0.7,1.5260562896728516,0.016666666666666666,0.0,2.1592655181884766,0.7,0.016666666666666666,0.03333333333333333,0.05
R02,B24,0.3,0.04138888888888889,0.04138888888888889,3.897536039352417,1.899711012840271,2.3733432292938232,1.4408469200134277,0.5166666666666667,1.1314021348953247,0.016666666666666666,0.0,0.8368539214134216,0.7,0.0,0.0,0.016666666666666666
R02,B24,0.6,0.04138888888888889,0.04138888888888889,3.897536039352417,1.899711012840271,2.3733432292938232,1.4408469200134277,0.6833333333333333,1.1314021348953247,0.016666666666666666,0.0,1.2859716415405273,0.7,0.0,0.0,0.016666666666666666
R02,B24,0.9,0.04138888888888889,0.04138888888888889,3.897536039352417,1.899711012840271,2.3733432292938232,1.4408469200134277,0.7,1.1314021348953247,0.016666666666666666,0.0,1.5947856903076172,0.7,0.0,0.0,0.016666666666666666
R02,B25,0.3,0.04138888888888889,0.04138888888888889,3.897536039352417,1.899711012840271,2.3733432292938232,1.4408469200134277,0.5166666666666667,1.686398983001709,0.0,0.03333333333333333,0.0,0.0,0.0,0.0,0.016666666666666666
R02,B25,0.6,0.04138888888888889,0.04138888888888889,3.897536039352417,1.899711012840271,2.3733432292938232,1.4408469200134277,0.6833333333333333,1.686398983001709,0.0,0.03333333333333333,0.0,0.0,0.0,0.0,0.016666666666666666
R02,B25,0.9,0.04138888888888889,0.04138888888888889,3.897536039352417,1.899711012840271,2.3733432292938232,1.4408469200134277,0.7,1.686398983001709,0.0,0.03333333333333333,0.0,0.0,0.0,0.0,0.016666666666666666
R02,B26,0.3,0.04138888888888889,0.04138888888888889,3.897536039352417,1.899711012840271,2.3733432292938232,1.4408469200134277,0.5166666666666667,3.196221113204956,0.06666666666666667,0.15,1.8329451084136963,0.6833333333333333,0.0,0.0,0.016666666666666666
R02,B26,0.6,0.04138888888888889,0.04138888888888889,3.897536039352417,1.899711012840271,2.3733432292938232,1.4408469200134277,0.6833333333333333,3.196221113204956,0.06666666666666667,0.15,2.442742347717285,0.6833333333333333,0.0,0.0,0.016666666666666666
R02,B26,0.9,0.04138888888888889,0.04138888888888889,3.897536039352417,1.899711012840271,2.3733432292938232,1.4408469200134277,0.7,3.196221113204956,0.06666666666666667,0.15,2.81880521774292,0.6833333333333333,0.03333333333333333,0.03333333333333333,0.35
R02,B27,0.3,0.04138888888888889,0.04138888888888889,3.897536039352417,1.899711012840271,2.3733432292938232,1.4408469200134277,0.5166666666666667,1.2296406030654907,0.016666666666666666,0.016666666666666666,2.0213468074798584,0.6833333333333333,0.0,0.0,0.016666666666666666
R02,B27,0.6,0.04138888888888889,0.04138888888888889,3.897536039352417,1.899711012840271,2.3733432292938232,1.4408469200134277,0.6833333333333333,1.2296406030654907,0.016666666666666666,0.016666666666666666,2.6459598541259766,0.6833333333333333,0.0,0.0,0.016666666666666666
R02,B27,0.9,0.04138888888888889,0.04138888888888889,3.897536039352417,1.899711012840271,2.3733432292938232,1.4408469200134277,0.7,1.2296406030654907,0.016666666666666666,0.016666666666666666,3.0274951457977295,0.6833333333333333,0.016666666666666666,0.31666666666666665,0.7
R02,B28,0.3,0.04138888888888889,0.04138888888888889,3.897536039352417,1.899711012840271,2.3733432292938232,1.4408469200134277,0.5166666666666667,2.8887035846710205,0.0,0.016666666666666666,0.0,0.0,0.0,0.0,0.016666666666666666
R02,B28,0.6,0.04138888888888889,0.04138888888888889,3.897536039352417,1.899711012840271,2.3733432292938232,1.4408469200134277,0.6833333333333333,2.8887035846710205,0.0,0.016666666666666666,0.0,0.0,0.0,0.0,0.016666666666666666
R02,B28,0.9,0.04138888888888889,0.04138888888888889,3.897536039352417,1.899711012840271,2.3733432292938232,1.4408469200134277,0.7,2.8887035846710205,0.0,0.016666666666666666,0.0,0.0,0.0,0.0,0.016666666666666666
R02,B29,0.3,0.04138888888888889,0.04138888888888889,3.897536039352417,1.899711012840271,2.3733432292938232,1.4408469200134277,0.5166666666666667,1.656321406364441,0.03333333333333333,0.0,0.9184097647666931,0.7,0.0,0.0,0.016666666666666666
R02,B29,0.6,0.04138888888888889,0.04138888888888889,3.897536039352417,1.899711012840271,2.3733432292938232,1.4408469200134277,0.6833333333333333,1.656321406364441,0.03333333333333333,0.0,1.3889424800872803,0.7,0.0,0.0,0.016666666666666666
R02,B29,0.9,0.04138888888888889,0.04138888888888889,3.897536039352417,1.899711012840271,2.3733432292938232,1.4408469200134277,0.7,1.656321406364441,0.03333333333333333,0.0,1.7076363563537598,0.7,0.0,0.0,0.016666666666666666
R02,B30,0.3,0.04138888888888889,0.04138888888888889,3.897536039352417,1.899711012840271,2.3733432292938232,1.4408469200134277,0.5166666666666667,2.041220188140869,0.016666666666666666,0.016666666666666666,1.118241548538208,0.6833333333333333,0.0,0.0,0.016666666666666666
R02,B30,0.6,0.04138888888888889,0.04138888888888889,3.897536039352417,1.899711012840271,2.3733432292938232,1.4408469200134277,0.6833333333333333,2.041220188140869,0.016666666666666666,0.016666666666666666,1.632947325706482,0.6833333333333333,0.0,0.0,0.016666666666666666
R02,B30,0.9,0.04138888888888889,0.04138888888888889,3.897536039352417,1.899711012840271,2.3733432292938232,1.4408469200134277,0.7,2.041220188140869,0.016666666666666666,0.016666666666666666,1.971077799797058,0.6833333333333333,0.0,0.0,0.016666666666666666
R02,B31,0.3,0.04138888888888889,0.04138888888888889,3.897536039352417,1.899711012840271,2.3733432292938232,1.4408469200134277,0.5166666666666667,4.2291669845581055,0.05,0.016666666666666666,1.8726177215576172,0.6833333333333333,0.0,0.0,0.016666666666666666
R02,B31,0.6,0.04138888888888889,0.04138888888888889,3.897536039352417,1.899711012840271,2.3733432292938232,1.4408469200134277,0.6833333333333333,4.2291669845581055,0.05,0.016666666666666666,2.485790252685547,0.6833333333333333,0.016666666666666666,0.03333333333333333,0.05
R02,B31,0.9,0.04138888888888889,0.04138888888888889,3.897536039352417,1.899711012840271,2.3733432292938232,1.4408469200134277,0.7,4.2291669845581055,0.05,0.016666666666666666,2.863109588623047,0.6833333333333333,0.016666666666666666,0.03333333333333333,0.05
R02,B32,0.3,0.04138888888888889,0.04138888888888889,3.897536039352417,1.899711012840271,2.3733432292938232,1.4408469200134277,0.5166666666666667,4.008423328399658,0.13333333333333333,0.2,2.336254358291626,0.6833333333333333,0.03333333333333333,0.03333333333333333,0.1
R02,B32,0.6,0.04138888888888889,0.04138888888888889,3.897536039352417,1.899711012840271,2.3733432292938232,1.4408469200134277,0.6833333333333333,4.008423328399658,0.13333333333333333,0.2,2.979849338531494,0.6833333333333333,0.08333333333333333,0.13333333333333333,0.15
R02,B32,0.9,0.04138888888888889,0.04138888888888889,3.897536039352417,1.899711012840271,2.3733432292938232,1.4408469200134277,0.7,4.008423328399658,0.13333333333333333,0.2,3.3682358264923096,0.6833333333333333,0.08333333333333333,0.16666666666666666,0.35
R02,B33,0.3,0.04138888888888889,0.04138888888888889,3.897536039352417,1.899711012840271,2.3733432292938232,1.4408469200134277,0.5166666666666667,1.5018526315689087,0.03333333333333333,0.03333333333333333,1.6721993684768677,0.6833333333333333,0.0,0.0,0.016666666666666666
R02,B33,0.6,0.04138888888888889,0.04138888888888889,3.897536039352417,1.899711012840271,2.3733432292938232,1.4408469200134277,0.6833333333333333,1.5018526315689087,0.03333333333333333,0.03333333333333333,2.2667224407196045,0.6833333333333333,0.0,0.0,0.016666666666666666
R02,B33,0.9,0.04138888888888889,0.04138888888888889,3.897536039352417,1.899711012840271,2.3733432292938232,1.4408469200134277,0.7,1.5018526315689087,0.03333333333333333,0.03333333333333333,2.637026071548462,0.6833333333333333,0.0,0.0,0.016666666666666666
R02,B34,0.3,0.04138888888888889,0.04138888888888889,3.897536039352417,1.899711012840271,2.3733432292938232,1.4408469200134277,0.5166666666666667,1.4060969352722168,0.016666666666666666,0.0,0.23008906841278076,0.7,0.0,0.0,0.016666666666666666
R02,B34,0.6,0.04138888888888889,0.04138888888888889,3.897536039352417,1.899711012840271,2.3733432292938232,1.4408469200134277,0.6833333333333333,1.4060969352722168,0.016666666666666666,0.0,0.41701430082321167,0.7,0.0,0.0,0.016666666666666666
R02,B34,0.9,0.04138888888888889,0.04138888888888889,3.897536039352417,1.899711012840271,2.3733432292938232,1.4408469200134277,0.7,1.4060969352722168,0.016666666666666666,0.0,0.5744403600692749,0.7,0.0,0.0,0.016666666666666666
R02,B35,0.3,0.04138888888888889,0.04138888888888889,3.897536039352417,1.899711012840271,2.3733432292938232,1.4408469200134277,0.5166666666666667,3.017493724822998,0.03333333333333333,0.03333333333333333,0.9399480819702148,0.6833333333333333,0.0,0.0,0.016666666666666666
R02,B35,0.6,0.04138888888888889,0.04138888888888889,3.897536039352417,1.899711012840271,2.3733432292938232,1.4408469200134277,0.6833333333333333,3.017493724822998,0.03333333333333333,0.03333333333333333,1.4157795906066895,0.6833333333333333,0.0,0.0,0.016666666666666666
R02,B35,0.9,0.04138888888888889,0.04138888888888889,3.897536039352417,1.899711012840271,2.3733432292938232,1.4408469200134277,0.7,3.017493724822998,0.03333333333333333,0.03333333333333333,1.7368712425231934,0.6833333333333333,0.0,0.0,0.016666666666666666
R02,B36,0.3,0.04138888888888889,0.04138888888888889,3.897536039352417,1.899711012840271,2.3733432292938232,1.4408469200134277,0.5166666666666667,2.7725887298583984,0.05,0.016666666666666666,1.9811582565307617,0.6833333333333333,0.0,0.0,0.016666666666666666
R02,B36,0.6,0.04138888888888889,0.04138888888888889,3.897536039352417,1.899711012840271,2.3733432292938232,1.4408469200134277,0.6833333333333333,2.7725887298583984,0.05,0.016666666666666666,2.602858066558838,0.6833333333333333,0.016666666666666666,0.05,0.06666666666666667
R02,B36,0.9,0.04138888888888889,0.04138888888888889,3.897536039352417,1.899711012840271,2.3733432292938232,1.4408469200134277,0.7,2.7725887298583984,0.05,0.016666666666666666,2.983325958251953,0.6833333333333333,0.016666666666666666,0.05,0.06666666666666667
R02,B37,0.3,0.04138888888888889,0.04138888888888889,3.897536039352417,1.899711012840271,2.3733432292938232,1.4408469200134277,0.5166666666666667,3.298795461654663,0.016666666666666666,0.016666666666666666,0.7161754369735718,0.6833333333333333,0.0,0.0,0.016666666666666666
R02,B37,0.6,0.04138888888888889,0.04138888888888889,3.897536039352417,1.899711012840271,2.3733432292938232,1.4408469200134277,0.6833333333333333,3.298795461654663,0.016666666666666666,0.016666666666666666,1.1292003393173218,0.6833333333333333,0.0,0.0,0.016666666666666666
R02,B37,0.9,0.04138888888888889,0.04138888888888889,3.897536039352417,1.899711012840271,2.3733432292938232,1.4408469200134277,0.7,3.298795461654663,0.016666666666666666,0.016666666666666666,1.4206408262252808,0.6833333333333333,0.0,0.0,0.016666666666666666
R02,B38,0.3,0.04138888888888889,0.04138888888888889,3.897536039352417,1.899711012840271,2.3733432292938232,1.4408469200134277,0.5166666666666667,2.079441547393799,0.03333333333333333,0.016666666666666666,1.3448210954666138,0.6833333333333333,0.0,0.0,0.016666666666666666
R02,B38,0.6,0.04138888888888889,0.04138888888888889,3.897536039352417,1.899711012840271,2.3733432292938232,1.4408469200134277,0.6833333333333333,2.079441547393799,0.03333333333333333,0.016666666666666666,1.8983691930770874,0.6833333333333333,0.016666666666666666,0.13333333333333333,0.15
R02,B38,0.9,0.04138888888888889,0.04138888888888889,3.897536039352417,1.899711012840271,2.3733432292938232,1.4408469200134277,0.7,2.079441547393799,0.03333333333333333,0.016666666666666666,2.2526066303253174,0.6833333333333333,0.016666666666666666,0.16666666666666666,0.35
R02,B39,0.3,0.04138888888888889,0.04138888888888889,3.897536039352417,1.899711012840271,2.3733432292938232,1.4408469200134277,0.5166666666666667,1.8099267482757568,0.016666666666666666,0.0,0.6950393319129944,0.7,0.0,0.0,0.016666666666666666
R02,B39,0.6,0.04138888888888889,0.04138888888888889,3.897536039352417,1.899711012840271,2.3733432292938232,1.4408469200134277,0.6833333333333333,1.8099267482757568,0.016666666666666666,0.0,1.1011343002319336,0.7,0.0,0.0,0.016666666666666666
R02,B39,0.9,0.04138888888888889,0.04138888888888889,3.897536039352417,1.899711012840271,2.3733432292938232,1.4408469200134277,0.7,1.8099267482757568,0.016666666666666666,0.0,1.3891311883926392,0.7,0.0,0.0,0.016666666666666666
R02,B40,0.3,0.04138888888888889,0.04138888888888889,3.897536039352417,1.899711012840271,2.3733432292938232,1.4408469200134277,0.5166666666666667,2.356125831604004,0.016666666666666666,0.016666666666666666,0.25534671545028687,0.6833333333333333,0.0,0.0,0.016666666666666666
R02,B40,0.6,0.04138888888888889,0.04138888888888889,3.897536039352417,1.899711012840271,2.3733432292938232,1.4408469200134277,0.6833333333333333,2.356125831604004,0.016666666666666666,0.016666666666666666,0.45857495069503784,0.6833333333333333,0.0,0.0,0.016666666666666666
R02,B40,0.9,0.04138888888888889,0.04138888888888889,3.897536039352417,1.899711012840271,2.3733432292938232,1.4408469200134277,0.7,2.356125831604004,0.016666666666666666,0.016666666666666666,0.6273958086967468,0.6833333333333333,0.0,0.0,0.016666666666666666
R02,B41,0.3,0.04138888888888889,0.04138888888888889,3.897536039352417,1.899711012840271,2.3733432292938232,1.4408469200134277,0.5166666666666667,1.8453001976013184,0.03333333333333333,0.0,0.45039987564086914,0.7,0.0,0.0,0.016666666666666666
R02,B41,0.6,0.04138888888888889,0.04138888888888889,3.897536039352417,1.899711012840271,2.3733432292938232,1.4408469200134277,0.6833333333333333,1.8453001976013184,0.03333333333333333,0.0,0.7598141431808472,0.7,0.0,0.0,0.016666666666666666
R02,B41,0.9,0.04138888888888889,0.04138888888888889,3.897536039352417,1.899711012840271,2.3733432292938232,1.4408469200134277,0.7,1.8453001976013184,0.03333333333333333,0.0,0.9957737922668457,0.7,0.0,0.0,0.016666666666666666
R02,B42,0.3,0.04138888888888889,0.04138888888888889,3.897536039352417,1.899711012840271,2.3733432292938232,1.4408469200134277,0.5166666666666667,0.712949812412262,0.016666666666666666,0.016666666666666666,1.622982144355774,0.6833333333333333,0.0,0.0,0.016666666666666666
R02,B42,0.6,0.04138888888888889,0.04138888888888889,3.897536039352417,1.899711012840271,2.3733432292938232,1.4408469200134277,0.6833333333333333,0.712949812412262,0.016666666666666666,0.016666666666666666,2.2122623920440674,0.6833333333333333,0.016666666666666666,0.13333333333333333,0.15
R02,B42,0.9,0.04138888888888889,0.04138888888888889,3.897536039352417,1.899711012840271,2.3733432292938232,1.4408469200134277,0.7,0.712949812412262,0.016666666666666666,0.016666666666666666,2.5805611610412598,0.6833333333333333,0.016666666666666666,0.16666666666666666,0.35
R02,B43,0.3,0.04138888888888889,0.04138888888888889,3.897536039352417,1.899711012840271,2.3733432292938232,1.4408469200134277,0.5166666666666667,2.685804605484009,0.016666666666666666,0.016666666666666666,2.1480112075805664,0.6833333333333333,0.0,0.0,0.016666666666666666
R02,B43,0.6,0.04138888888888889,0.04138888888888889,3.897536039352417,1.899711012840271,2.3733432292938232,1.4408469200134277,0.6833333333333333,2.685804605484009,0.016666666666666666,0.016666666666666666,2.7810282707214355,0.6833333333333333,0.0,0.0,0.016666666666666666
R02,B43,0.9,0.04138888888888889,0.04138888888888889,3.897536039352417,1.899711012840271,2.3733432292938232,1.4408469200134277,0.7,2.685804605484009,0.016666666666666666,0.016666666666666666,3.165618896484375,0.6833333333333333,0.016666666666666666,0.31666666666666665,0.7
R02,B44,0.3,0.04138888888888889,0.04138888888888889,3.897536039352417,1.899711012840271,2.3733432292938232,1.4408469200134277,0.5166666666666667,0.5187937617301941,0.016666666666666666,0.016666666666666666,0.28569144010543823,0.6833333333333333,0.0,0.0,0.016666666666666666
R02,B44,0.6,0.04138888888888889,0.04138888888888889,3.897536039352417,1.899711012840271,2.3733432292938232,1.4408469200134277,0.6833333333333333,0.5187937617301941,0.016666666666666666,0.016666666666666666,0.507638692855835,0.6833333333333333,0.0,0.0,0.016666666666666666
R02,B44,0.9,0.04138888888888889,0.04138888888888889,3.897536039352417,1.899711012840271,2.3733432292938232,1.4408469200134277,0.7,0.5187937617301941,0.016666666666666666,0.016666666666666666,0.6891618967056274,0.6833333333333333,0.0,0.0,0.016666666666666666
R02,B45,0.3,0.04138888888888889,0.04138888888888889,3.897536039352417,1.899711012840271,2.3733432292938232,1.4408469200134277,0.5166666666666667,1.376244068145752,0.016666666666666666,0.0,0.7288652658462524,0.7,0.0,0.0,0.016666666666666666
R02,B45,0.6,0.04138888888888889,0.04138888888888889,3.897536039352417,1.899711012840271,2.3733432292938232,1.4408469200134277,0.6833333333333333,1.376244068145752,0.016666666666666666,0.0,1.145958423614502,0.7,0.0,0.0,0.016666666666666666
R02,B45,0.9,0.04138888888888889,0.04138888888888889,3.897536039352417,1.899711012840271,2.3733432292938232,1.4408469200134277,0.7,1.376244068145752,0.016666666666666666,0.0,1.4394041299819946,0.7,0.0,0.0,0.016666666666666666
R02,B46,0.3,0.04138888888888889,0.04138888888888889,3.897536039352417,1.899711012840271,2.3733432292938232,1.4408469200134277,0.5166666666666667,2.507157325744629,0.05,0.016666666666666666,3.157580614089966,0.6833333333333333,0.016666666666666666,0.03333333333333333,0.05
R02,B46,0.6,0.04138888888888889,0.04138888888888889,3.897536039352417,1.899711012840271,2.3733432292938232,1.4408469200134277,0.6833333333333333,2.507157325744629,0.05,0.016666666666666666,3.8292341232299805,0.6833333333333333,0.016666666666666666,0.18333333333333332,0.36666666666666664
R02,B46,0.9,0.04138888888888889,0.04138888888888889,3.897536039352417,1.899711012840271,2.3733432292938232,1.4408469200134277,0.7,2.507157325744629,0.05,0.016666666666666666,4.227430820465088,0.6833333333333333,0.016666666666666666,0.31666666666666665,0.7
R02,B47,0.3,0.04138888888888889,0.04138888888888889,3.897536039352417,1.899711012840271,2.3733432292938232,1.4408469200134277,0.5166666666666667,2.3542282581329346,0.016666666666666666,0.016666666666666666,1.1261341571807861,0.6833333333333333,0.0,0.0,0.016666666666666666
R02,B47,0.6,0.04138888888888889,0.04138888888888889,3.897536039352417,1.899711012840271,2.3733432292938232,1.4408469200134277,0.6833333333333333,2.3542282581329346,0.016666666666666666,0.016666666666666666,1.6423743963241577,0.6833333333333333,0.0,0.0,0.016666666666666666
R02,B47,0.9,0.04138888888888889,0.04138888888888889,3.897536039352417,1.899711012840271,2.3733432292938232,1.4408469200134277,0.7,2.3542282581329346,0.016666666666666666,0.016666666666666666,1.9811581373214722,0.6833333333333333,0.0,0.0,0.016666666666666666
R02,B48,0.3,0.04138888888888889,0.04138888888888889,3.897536039352417,1.899711012840271,2.3733432292938232,1.4408469200134277,0.5166666666666667,2.154085159301758,0.016666666666666666,0.0,0.7102351784706116,0.7,0.0,0.0,0.016666666666666666
R02,B48,0.6,0.04138888888888889,0.04138888888888889,3.897536039352417,1.899711012840271,2.3733432292938232,1.4408469200134277,0.6833333333333333,2.154085159301758,0.016666666666666666,0.0,1.121332049369812,0.7,0.0,0.0,0.016666666666666666
R02,B48,0.9,0.04138888888888889,0.04138888888888889,3.897536039352417,1.899711012840271,2.3733432292938232,1.4408469200134277,0.7,2.154085159301758,0.016666666666666666,0.0,1.411818027496338,0.7,0.0,0.0,0.016666666666666666
R02,B49,0.3,0.04138888888888889,0.04138888888888889,3.897536039352417,1.899711012840271,2.3733432292938232,1.4408469200134277,0.5166666666666667,1.919859528541565,0.016666666666666666,0.0,1.3556203842163086,0.7,0.0,0.0,0.016666666666666666
R02,B49,0.6,0.04138888888888889,0.04138888888888889,3.897536039352417,1.899711012840271,2.3733432292938232,1.4408469200134277,0.6833333333333333,1.919859528541565,0.016666666666666666,0.0,1.9107763767242432,0.7,0.016666666666666666,0.15,0.16666666666666666
R02,B49,0.9,0.04138888888888889,0.04138888888888889,3.897536039352417,1.899711012840271,2.3733432292938232,1.4408469200134277,0.7,1.919859528541565,0.016666666666666666,0.0,2.2656617164611816,0.7,0.016666666666666666,0.18333333333333332,0.36666666666666664
R02,B50,0.3,0.04138888888888889,0.04138888888888889,3.897536039352417,1.899711012840271,2.3733432292938232,1.4408469200134277,0.5166666666666667,3.840097188949585,0.1,0.13333333333333333,3.19932222366333,0.6833333333333333,0.016666666666666666,0.016666666666666666,0.03333333333333333
R02,B50,0.6,0.04138888888888889,0.04138888888888889,3.897536039352417,1.899711012840271,2.3733432292938232,1.4408469200134277,0.6833333333333333,3.840097188949585,0.1,0.13333333333333333,3.871863603591919,0.6833333333333333,0.016666666666666666,0.016666666666666666,0.03333333333333333
R02,B50,0.9,0.04138888888888889,0.04138888888888889,3.897536039352417,1.899711012840271,2.3733432292938232,1.4408469200134277,0.7,3.840097188949585,0.1,0.13333333333333333,4.270364761352539,0.6833333333333333,0.016666666666666666,0.016666666666666666,0.03333333333333333
R02,B51,0.3,0.04138888888888889,0.04138888888888889,3.897536039352417,1.899711012840271,2.3733432292938232,1.4408469200134277,0.5166666666666667,1.1817271709442139,0.0,0.0,0.0,0.0,0.0,0.0,0.016666666666666666
R02,B51,0.6,0.04138888888888889,0.04138888888888889,3.897536039352417,1.899711012840271,2.3733432292938232,1.4408469200134277,0.6833333333333333,1.1817271709442139,0.0,0.0,0.0,0.0,0.0,0.0,0.016666666666666666
R02,B51,0.9,0.04138888888888889,0.04138888888888889,3.897536039352417,1.899711012840271,2.3733432292938232,1.4408469200134277,0.7,1.1817271709442139,0.0,0.0,0.0,0.0,0.0,0.0,0.016666666666666666
R02,B52,0.3,0.04138888888888889,0.04138888888888889,3.897536039352417,1.899711012840271,2.3733432292938232,1.4408469200134277,0.5166666666666667,0.9042181372642517,0.03333333333333333,0.0,1.987511157989502,0.7,0.0,0.0,0.016666666666666666
R02,B52,0.6,0.04138888888888889,0.04138888888888889,3.897536039352417,1.899711012840271,2.3733432292938232,1.4408469200134277,0.6833333333333333,0.9042181372642517,0.03333333333333333,0.0,2.609679937362671,0.7,0.016666666666666666,0.15,0.2
R02,B52,0.9,0.04138888888888889,0.04138888888888889,3.897536039352417,1.899711012840271,2.3733432292938232,1.4408469200134277,0.7,0.9042181372642517,0.03333333333333333,0.0,2.9903199672698975,0.7,0.03333333333333333,0.21666666666666667,0.36666666666666664
R02,B53,0.3,0.04138888888888889,0.04138888888888889,3.897536039352417,1.899711012840271,2.3733432292938232,1.4408469200134277,0.5166666666666667,3.282038450241089,0.15,0.13333333333333333,2.176171064376831,0.6833333333333333,0.016666666666666666,0.016666666666666666,0.03333333333333333
R02,B53,0.6,0.04138888888888889,0.04138888888888889,3.897536039352417,1.899711012840271,2.3733432292938232,1.4408469200134277,0.6833333333333333,3.282038450241089,0.15,0.13333333333333333,2.8109076023101807,0.6833333333333333,0.05,0.13333333333333333,0.15
R02,B53,0.9,0.04138888888888889,0.04138888888888889,3.897536039352417,1.899711012840271,2.3733432292938232,1.4408469200134277,0.7,3.282038450241089,0.15,0.13333333333333333,3.1961188316345215,0.6833333333333333,0.05,0.16666666666666666,0.35
R02,B54,0.3,0.04138888888888889,0.04138888888888889,3.897536039352417,1.899711012840271,2.3733432292938232,1.4408469200134277,0.5166666666666667,1.3083328008651733,0.016666666666666666,0.016666666666666666,1.5851298570632935,0.6833333333333333,0.0,0.0,0.016666666666666666
R02,B54,0.6,0.04138888888888889,0.04138888888888889,3.897536039352417,1.899711012840271,2.3733432292938232,1.4408469200134277,0.6833333333333333,1.3083328008651733,0.016666666666666666,0.016666666666666666,2.1701786518096924,0.6833333333333333,0.016666666666666666,0.05,0.06666666666666667
R02,B54,0.9,0.04138888888888889,0.04138888888888889,3.897536039352417,1.899711012840271,2.3733432292938232,1.4408469200134277,0.7,1.3083328008651733,0.016666666666666666,0.016666666666666666,2.536848306655884,0.6833333333333333,0.016666666666666666,0.05,0.06666666666666667
R02,B55,0.3,0.04138888888888889,0.04138888888888889,3.897536039352417,1.899711012840271,2.3733432292938232,1.4408469200134277,0.5166666666666667,2.221374988555908,0.016666666666666666,0.03333333333333333,0.8136202096939087,0.6833333333333333,0.0,0.0,0.016666666666666666
R02,B55,0.6,0.04138888888888889,0.04138888888888889,3.897536039352417,1.899711012840271,2.3733432292938232,1.4408469200134277,0.6833333333333333,2.221374988555908,0.016666666666666666,0.03333333333333333,1.2562202215194702,0.6833333333333333,0.0,0.0,0.016666666666666666
R02,B55,0.9,0.04138888888888889,0.04138888888888889,3.897536039352417,1.899711012840271,2.3733432292938232,1.4408469200134277,0.7,2.221374988555908,0.016666666666666666,0.03333333333333333,1.5619651079177856,0.6833333333333333,0.0,0.0,0.016666666666666666
R02,B56,0.3,0.04138888888888889,0.04138888888888889,3.897536039352417,1.899711012840271,2.3733432292938232,1.4408469200134277,0.5166666666666667,0.9669838547706604,0.016666666666666666,0.0,1.6590934991836548,0.7,0.0,0.0,0.016666666666666666
R02,B56,0.6,0.04138888888888889,0.04138888888888889,3.897536039352417,1.899711012840271,2.3733432292938232,1.4408469200134277,0.6833333333333333,0.9669838547706604,0.016666666666666666,0.0,2.2522482872009277,0.7,0.0,0.0,0.016666666666666666
R02,B56,0.9,0.04138888888888889,0.04138888888888889,3.897536039352417,1.899711012840271,2.3733432292938232,1.4408469200134277,0.7,0.9669838547706604,0.016666666666666666,0.0,2.622030019760132,0.7,0.016666666666666666,0.35,0.36666666666666664
R02,B57,0.3,0.04138888888888889,0.04138888888888889,3.897536039352417,1.899711012840271,2.3733432292938232,1.4408469200134277,0.5166666666666667,4.538602828979492,0.0,0.016666666666666666,0.0,0.0,0.0,0.0,0.016666666666666666
R02,B57,0.6,0.04138888888888889,0.04138888888888889,3.897536039352417,1.899711012840271,2.3733432292938232,1.4408469200134277,0.6833333333333333,4.538602828979492,0.0,0.016666666666666666,0.0,0.0,0.0,0.0,0.016666666666666666
R02,B57,0.9,0.04138888888888889,0.04138888888888889,3.897536039352417,1.899711012840271,2.3733432292938232,1.4408469200134277,0.7,4.538602828979492,0.0,0.016666666666666666,0.0,0.0,0.0,0.0,0.016666666666666666
R02,B58,0.3,0.04138888888888889,0.04138888888888889,3.897536039352417,1.899711012840271,2.3733432292938232,1.4408469200134277,0.5166666666666667,4.893277168273926,0.15,0.26666666666666666,3.0890259742736816,0.6833333333333333,0.08333333333333333,0.11666666666666667,0.23333333333333334
R02,B58,0.6,0.04138888888888889,0.04138888888888889,3.897536039352417,1.899711012840271,2.3733432292938232,1.4408469200134277,0.6833333333333333,4.893277168273926,0.15,0.26666666666666666,3.75913667678833,0.6833333333333333,0.1,0.2833333333333333,0.36666666666666664
R02,B58,0.9,0.04138888888888889,0.04138888888888889,3.897536039352417,1.899711012840271,2.3733432292938232,1.4408469200134277,0.7,4.893277168273926,0.15,0.26666666666666666,4.156803607940674,0.6833333333333333,0.1,0.31666666666666665,0.7
R02,B59,0.3,0.04138888888888889,0.04138888888888889,3.897536039352417,1.899711012840271,2.3733432292938232,1.4408469200134277,0.5166666666666667,2.236445188522339,0.016666666666666666,0.016666666666666666,0.8665910959243774,0.6833333333333333,0.0,0.0,0.016666666666666666
R02,B59,0.6,0.04138888888888889,0.04138888888888889,3.897536039352417,1.899711012840271,2.3733432292938232,1.4408469200134277,0.6833333333333333,2.236445188522339,0.016666666666666666,0.016666666666666666,1.3237740993499756,0.6833333333333333,0.0,0.0,0.016666666666666666
R02,B59,0.9,0.04138888888888889,0.04138888888888889,3.897536039352417,1.899711012840271,2.3733432292938232,1.4408469200134277,0.7,2.236445188522339,0.016666666666666666,0.016666666666666666,1.636345386505127,0.6833333333333333,0.016666666666666666,0.03333333333333333,0.35
R02,B60,0.3,0.04138888888888889,0.04138888888888889,3.897536039352417,1.899711012840271,2.3733432292938232,1.4408469200134277,0.5166666666666667,3.9060049057006836,0.15,0.23333333333333334,2.1559815406799316,0.6833333333333333,0.03333333333333333,0.03333333333333333,0.05
R02,B60,0.6,0.04138888888888889,0.04138888888888889,3.897536039352417,1.899711012840271,2.3733432292938232,1.4408469200134277,0.6833333333333333,3.9060049057006836,0.15,0.23333333333333334,2.7894904613494873,0.6833333333333333,0.05,0.05,0.06666666666666667
R02,B60,0.9,0.04138888888888889,0.04138888888888889,3.897536039352417,1.899711012840271,2.3733432292938232,1.4408469200134277,0.7,3.9060049057006836,0.15,0.23333333333333334,3.1742587089538574,0.6833333333333333,0.05,0.05,0.06666666666666667
R03,B01,0.3,0.0675,0.06749999999999999,3.4917914867401123,2.2013094425201416,2.2611169815063477,1.1484228372573853,0.7833333333333333,3.8426730632781982,0.18333333333333332,0.2833333333333333,2.6066925525665283,0.9333333333333333,0.05,0.06666666666666667,0.08333333333333333
R03,B01,0.6,0.0675,0.06749999999999999,3.4917914867401123,2.2013094425201416,2.2611169815063477,1.1484228372573853,0.9333333333333333,3.8426730632781982,0.18333333333333332,0.2833333333333333,3.2622530460357666,0.9333333333333333,0.05,0.7333333333333333,0.9333333333333333
R03,B01,0.9,0.0675,0.06749999999999999,3.4917914867401123,2.2013094425201416,2.2611169815063477,1.1484228372573853,0.95,3.8426730632781982,0.18333333333333332,0.2833333333333333,3.6548686027526855,0.9333333333333333,0.05,0.7666666666666667,0.95
R03,B02,0.3,0.0675,0.06749999999999999,3.4917914867401123,2.2013094425201416,2.2611169815063477,1.1484228372573853,0.7833333333333333,2.965273141860962,0.03333333333333333,0.05,0.7916834354400635,0.9333333333333333,0.0,0.0,0.016666666666666666
R03,B02,0.6,0.0675,0.06749999999999999,3.4917914867401123,2.2013094425201416,2.2611169815063477,1.1484228372573853,0.9333333333333333,2.965273141860962,0.03333333333333333,0.05,1.2279484272003174,0.9333333333333333,0.03333333333333333,0.05,0.06666666666666667
R03,B02,0.9,0.0675,0.06749999999999999,3.4917914867401123,2.2013094425201416,2.2611169815063477,1.1484228372573853,0.95,2.965273141860962,0.03333333333333333,0.05,1.5306817293167114,0.9333333333333333,0.03333333333333333,0.05,0.06666666666666667
R03,B03,0.3,0.0675,0.06749999999999999,3.4917914867401123,2.2013094425201416,2.2611169815063477,1.1484228372573853,0.7833333333333333,3.9189984798431396,0.25,0.2833333333333333,3.177762508392334,0.9333333333333333,0.06666666666666667,0.16666666666666666,0.7
R03,B03,0.6,0.0675,0.06749999999999999,3.4917914867401123,2.2013094425201416,2.2611169815063477,1.1484228372573853,0.9333333333333333,3.9189984798431396,0.25,0.2833333333333333,3.8498499393463135,0.9333333333333333,0.1,0.85,0.9333333333333333
R03,B03,0.9,0.0675,0.06749999999999999,3.4917914867401123,2.2013094425201416,2.2611169815063477,1.1484228372573853,0.95,3.9189984798431396,0.25,0.2833333333333333,4.248195648193359,0.9333333333333333,0.1,0.8666666666666667,0.95
R03,B04,0.3,0.0675,0.06749999999999999,3.4917914867401123,2.2013094425201416,2.2611169815063477,1.1484228372573853,0.7833333333333333,1.3244189023971558,0.03333333333333333,0.03333333333333333,0.31716033816337585,0.9333333333333333,0.016666666666666666,0.016666666666666666,0.03333333333333333
R03,B04,0.6,0.0675,0.06749999999999999,3.4917914867401123,2.2013094425201416,2.2611169815063477,1.1484228372573853,0.9333333333333333,1.3244189023971558,0.03333333333333333,0.03333333333333333,0.5575826168060303,0.9333333333333333,0.016666666666666666,0.016666666666666666,0.03333333333333333
R03,B04,0.9,0.0675,0.06749999999999999,3.4917914867401123,2.2013094425201416,2.2611169815063477,1.1484228372573853,0.95,1.3244189023971558,0.03333333333333333,0.03333333333333333,0.7512595057487488,0.9333333333333333,0.016666666666666666,0.016666666666666666,0.03333333333333333
R03,B05,0.3,0.0675,0.06749999999999999,3.4917914867401123,2.2013094425201416,2.2611169815063477,1.1484228372573853,0.7833333333333333,2.489894151687622,0.016666666666666666,0.06666666666666667,0.6099200248718262,0.9333333333333333,0.0,0.0,0.016666666666666666
R03,B05,0.6,0.0675,0.06749999999999999,3.4917914867401123,2.2013094425201416,2.2611169815063477,1.1484228372573853,0.9333333333333333,2.489894151687622,0.016666666666666666,0.06666666666666667,0.9860289096832275,0.9333333333333333,0.0,0.0,0.016666666666666666
R03,B05,0.9,0.0675,0.06749999999999999,3.4917914867401123,2.2013094425201416,2.2611169815063477,1.1484228372573853,0.95,2.489894151687622,0.016666666666666666,0.06666666666666667,1.2587032318115234,0.9333333333333333,0.0,0.0,0.016666666666666666
R03,B06,0.3,0.0675,0.06749999999999999,3.4917914867401123,2.2013094425201416,2.2611169815063477,1.1484228372573853,0.7833333333333333,1.1724821329116821,0.03333333333333333,0.03333333333333333,0.7500850558280945,0.9333333333333333,0.0,0.0,0.016666666666666666
R03,B06,0.6,0.0675,0.06749999999999999,3.4917914867401123,2.2013094425201416,2.2611169815063477,1.1484228372573853,0.9333333333333333,1.1724821329116821,0.03333333333333333,0.03333333333333333,1.1738311052322388,0.9333333333333333,0.0,0.0,0.016666666666666666
R03,B06,0.9,0.0675,0.06749999999999999,3.4917914867401123,2.2013094425201416,2.2611169815063477,1.1484228372573853,0.95,1.1724821329116821,0.03333333333333333,0.03333333333333333,1.4705296754837036,0.9333333333333333,0.0,0.0,0.016666666666666666
R03,B07,0.3,0.0675,0.06749999999999999,3.4917914867401123,2.2013094425201416,2.2611169815063477,1.1484228372573853,0.7833333333333333,2.0906288623809814,0.016666666666666666,0.05,0.7878108620643616,0.9333333333333333,0.0,0.0,0.016666666666666666
R03,B07,0.6,0.0675,0.06749999999999999,3.4917914867401123,2.2013094425201416,2.2611169815063477,1.1484228372573853,0.9333333333333333,2.0906288623809814,0.016666666666666666,0.05,1.2229387760162354,0.9333333333333333,0.0,0.0,0.016666666666666666
R03,B07,0.9,0.0675,0.06749999999999999,3.4917914867401123,2.2013094425201416,2.2611169815063477,1.1484228372573853,0.95,2.0906288623809814,0.016666666666666666,0.05,1.5251286029815674,0.9333333333333333,0.0,0.0,0.016666666666666666
R03,B08,0.3,0.0675,0.06749999999999999,3.4917914867401123,2.2013094425201416,2.2611169815063477,1.1484228372573853,0.7833333333333333,2.2137539386749268,0.016666666666666666,0.03333333333333333,0.22390155494213104,0.9333333333333333,0.016666666666666666,0.016666666666666666,0.03333333333333333
R03,B08,0.6,0.0675,0.06749999999999999,3.4917914867401123,2.2013094425201416,2.2611169815063477,1.1484228372573853,0.9333333333333333,2.2137539386749268,0.016666666666666666,0.03333333333333333,0.4067281186580658,0.9333333333333333,0.016666666666666666,0.016666666666666666,0.03333333333333333
R03,B08,0.9,0.0675,0.06749999999999999,3.4917914867401123,2.2013094425201416,2.2611169815063477,1.1484228372573853,0.95,2.2137539386749268,0.016666666666666666,0.03333333333333333,0.5612393021583557,0.9333333333333333,0.016666666666666666,0.016666666666666666,0.03333333333333333
R03,B09,0.3,0.0675,0.06749999999999999,3.4917914867401123,2.2013094425201416,2.2611169815063477,1.1484228372573853,0.7833333333333333,3.5898873805999756,0.03333333333333333,0.016666666666666666,0.8402486443519592,0.9333333333333333,0.0,0.0,0.016666666666666666
R03,B09,0.6,0.0675,0.06749999999999999,3.4917914867401123,2.2013094425201416,2.2611169815063477,1.1484228372573853,0.9333333333333333,3.5898873805999756,0.03333333333333333,0.016666666666666666,1.2903026342391968,0.9333333333333333,0.0,0.0,0.016666666666666666
R03,B09,0.9,0.0675,0.06749999999999999,3.4917914867401123,2.2013094425201416,2.2611169815063477,1.1484228372573853,0.95,3.5898873805999756,0.03333333333333333,0.016666666666666666,1.5995548963546753,0.9333333333333333,0.0,0.0,0.016666666666666666
R03,B10,0.3,0.0675,0.06749999999999999,3.4917914867401123,2.2013094425201416,2.2611169815063477,1.1484228372573853,0.7833333333333333,0.8837674856185913,0.05,0.03333333333333333,0.6753354072570801,0.9333333333333333,0.0,0.0,0.016666666666666666
R03,B10,0.6,0.0675,0.06749999999999999,3.4917914867401123,2.2013094425201416,2.2611169815063477,1.1484228372573853,0.9333333333333333,0.8837674856185913,0.05,0.03333333333333333,1.0747920274734497,0.9333333333333333,0.016666666666666666,0.7333333333333333,0.9333333333333333
R03,B10,0.9,0.0675,0.06749999999999999,3.4917914867401123,2.2013094425201416,2.2611169815063477,1.1484228372573853,0.95,0.8837674856185913,0.05,0.03333333333333333,1.3594563007354736,0.9333333333333333,0.016666666666666666,0.7666666666666667,0.95
R03,B11,0.3,0.0675,0.06749999999999999,3.4917914867401123,2.2013094425201416,2.2611169815063477,1.1484228372573853,0.7833333333333333,3.4855384826660156,0.23333333333333334,0.18333333333333332,3.405186176300049,0.9333333333333333,0.05,0.08333333333333333,0.7
R03,B11,0.6,0.0675,0.06749999999999999,3.4917914867401123,2.2013094425201416,2.2611169815063477,1.1484228372573853,0.9333333333333333,3.4855384826660156,0.23333333333333334,0.18333333333333332,4.0815935134887695,0.9333333333333333,0.08333333333333333,0.7333333333333333,0.9333333333333333
R03,B11,0.9,0.0675,0.06749999999999999,3.4917914867401123,2.2013094425201416,2.2611169815063477,1.1484228372573853,0.95,3.4855384826660156,0.23333333333333334,0.18333333333333332,4.48141622543335,0.9333333333333333,0.1,0.7666666666666667,0.95
R03,B12,0.3,0.0675,0.06749999999999999,3.4917914867401123,2.2013094425201416,2.2611169815063477,1.1484228372573853,0.7833333333333333,0.9122827053070068,0.03333333333333333,0.0,2.227846145629883,0.95,0.03333333333333333,0.18333333333333332,0.7166666666666667
R03,B12,0.6,0.0675,0.06749999999999999,3.4917914867401123,2.2013094425201416,2.2611169815063477,1.1484228372573853,0.9333333333333333,0.9122827053070068,0.03333333333333333,0.0,2.865607261657715,0.95,0.03333333333333333,0.8666666666666667,0.95
R03,B12,0.9,0.0675,0.06749999999999999,3.4917914867401123,2.2013094425201416,2.2611169815063477,1.1484228372573853,0.95,0.9122827053070068,0.03333333333333333,0.0,3.2519071102142334,0.95,0.03333333333333333,0.8833333333333333,0.9666666666666667
R03,B13,0.3,0.0675,0.06749999999999999,3.4917914867401123,2.2013094425201416,2.2611169815063477,1.1484228372573853,0.7833333333333333,0.9858167767524719,0.03333333333333333,0.05,1.3902851343154907,0.9333333333333333,0.0,0.0,0.016666666666666666
R03,B13,0.6,0.0675,0.06749999999999999,3.4917914867401123,2.2013094425201416,2.2611169815063477,1.1484228372573853,0.9333333333333333,0.9858167767524719,0.03333333333333333,0.05,1.950469732284546,0.9333333333333333,0.0,0.0,0.016666666666666666
R03,B13,0.9,0.0675,0.06749999999999999,3.4917914867401123,2.2013094425201416,2.2611169815063477,1.1484228372573853,0.95,0.9858167767524719,0.03333333333333333,0.05,2.3073720932006836,0.9333333333333333,0.016666666666666666,0.7666666666666667,0.95
R03,B14,0.3,0.0675,0.06749999999999999,3.4917914867401123,2.2013094425201416,2.2611169815063477,1.1484228372573853,0.7833333333333333,2.632607936859131,0.03333333333333333,0.06666666666666667,0.28507199883461,0.9333333333333333,0.016666666666666666,0.016666666666666666,0.03333333333333333
R03,B14,0.6,0.0675,0.06749999999999999,3.4917914867401123,2.2013094425201416,2.2611169815063477,1.1484228372573853,0.9333333333333333,2.632607936859131,0.03333333333333333,0.06666666666666667,0.5066462159156799,0.9333333333333333,0.016666666666666666,0.016666666666666666,0.03333333333333333
R03,B14,0.9,0.0675,0.06749999999999999,3.4917914867401123,2.2013094425201416,2.2611169815063477,1.1484228372573853,0.95,2.632607936859131,0.03333333333333333,0.06666666666666667,0.6879202127456665,0.9333333333333333,0.03333333333333333,0.7833333333333333,0.95
R03,B15,0.3,0.0675,0.06749999999999999,3.4917914867401123,2.2013094425201416,2.2611169815063477,1.1484228372573853,0.7833333333333333,2.486572027206421,0.08333333333333333,0.05,1.350931167602539,0.9333333333333333,0.0,0.0,0.016666666666666666
R03,B15,0.6,0.0675,0.06749999999999999,3.4917914867401123,2.2013094425201416,2.2611169815063477,1.1484228372573853,0.9333333333333333,2.486572027206421,0.08333333333333333,0.05,1.9053913354873657,0.9333333333333333,0.0,0.0,0.016666666666666666
R03,B15,0.9,0.0675,0.06749999999999999,3.4917914867401123,2.2013094425201416,2.2611169815063477,1.1484228372573853,0.95,2.486572027206421,0.08333333333333333,0.05,2.2599964141845703,0.9333333333333333,0.03333333333333333,0.7666666666666667,0.95
R03,B16,0.3,0.0675,0.06749999999999999,3.4917914867401123,2.2013094425201416,2.2611169815063477,1.1484228372573853,0.7833333333333333,3.2437634468078613,0.016666666666666666,0.06666666666666667,0.4895826280117035,0.9333333333333333,0.0,0.0,0.016666666666666666
R03,B16,0.6,0.0675,0.06749999999999999,3.4917914867401123,2.2013094425201416,2.2611169815063477,1.1484228372573853,0.9333333333333333,3.2437634468078613,0.016666666666666666,0.06666666666666667,0.8168107271194458,0.9333333333333333,0.0,0.0,0.016666666666666666
R03,B16,0.9,0.0675,0.06749999999999999,3.4917914867401123,2.2013094425201416,2.2611169815063477,1.1484228372573853,0.95,3.2437634468078613,0.016666666666666666,0.06666666666666667,1.0629522800445557,0.9333333333333333,0.0,0.0,0.016666666666666666
R03,B17,0.3,0.0675,0.06749999999999999,3.4917914867401123,2.2013094425201416,2.2611169815063477,1.1484228372573853,0.7833333333333333,3.994708299636841,0.05,0.05,1.6706310510635376,0.9333333333333333,0.0,0.0,0.016666666666666666
R03,B17,0.6,0.0675,0.06749999999999999,3.4917914867401123,2.2013094425201416,2.2611169815063477,1.1484228372573853,0.9333333333333333,3.994708299636841,0.05,0.05,2.264991521835327,0.9333333333333333,0.016666666666666666,0.7333333333333333,0.9333333333333333
R03,B17,0.9,0.0675,0.06749999999999999,3.4917914867401123,2.2013094425201416,2.2611169815063477,1.1484228372573853,0.95,3.994708299636841,0.05,0.05,2.635233163833618,0.9333333333333333,0.03333333333333333,0.7666666666666667,0.95
R03,B18,0.3,0.0675,0.06749999999999999,3.4917914867401123,2.2013094425201416,2.2611169815063477,1.1484228372573853,0.7833333333333333,3.9965479373931885,0.13333333333333333,0.2,2.213533639907837,0.9333333333333333,0.016666666666666666,0.016666666666666666,0.03333333333333333
R03,B18,0.6,0.0675,0.06749999999999999,3.4917914867401123,2.2013094425201416,2.2611169815063477,1.1484228372573853,0.9333333333333333,3.9965479373931885,0.13333333333333333,0.2,2.850473642349243,0.9333333333333333,0.03333333333333333,0.7333333333333333,0.9333333333333333
R03,B18,0.9,0.0675,0.06749999999999999,3.4917914867401123,2.2013094425201416,2.2611169815063477,1.1484228372573853,0.95,3.9965479373931885,0.13333333333333333,0.2,3.236478090286255,0.9333333333333333,0.05,0.7666666666666667,0.95
R03,B19,0.3,0.0675,0.06749999999999999,3.4917914867401123,2.2013094425201416,2.2611169815063477,1.1484228372573853,0.7833333333333333,0.5481213927268982,0.05,0.03333333333333333,0.43473243713378906,0.9333333333333333,0.0,0.0,0.016666666666666666
R03,B19,0.6,0.0675,0.06749999999999999,3.4917914867401123,2.2013094425201416,2.2611169815063477,1.1484228372573853,0.9333333333333333,0.5481213927268982,0.05,0.03333333333333333,0.7367331385612488,0.9333333333333333,0.0,0.0,0.016666666666666666
R03,B19,0.9,0.0675,0.06749999999999999,3.4917914867401123,2.2013094425201416,2.2611169815063477,1.1484228372573853,0.95,0.5481213927268982,0.05,0.03333333333333333,0.9683703780174255,0.9333333333333333,0.0,0.0,0.016666666666666666
R03,B20,0.3,0.0675,0.06749999999999999,3.4917914867401123,2.2013094425201416,2.2611169815063477,1.1484228372573853,0.7833333333333333,0.5596157908439636,0.016666666666666666,0.016666666666666666,1.9541529417037964,0.9333333333333333,0.016666666666666666,0.016666666666666666,0.03333333333333333
R03,B20,0.6,0.0675,0.06749999999999999,3.4917914867401123,2.2013094425201416,2.2611169815063477,1.1484228372573853,0.9333333333333333,0.5596157908439636,0.016666666666666666,0.016666666666666666,2.5738234519958496,0.9333333333333333,0.016666666666666666,0.7333333333333333,0.9333333333333333
R03,B20,0.9,0.0675,0.06749999999999999,3.4917914867401123,2.2013094425201416,2.2611169815063477,1.1484228372573853,0.95,0.5596157908439636,0.016666666666666666,0.016666666666666666,2.953545331954956,0.9333333333333333,0.016666666666666666,0.7666666666666667,0.95
R03,B21,0.3,0.0675,0.06749999999999999,3.4917914867401123,2.2013094425201416,2.2611169815063477,1.1484228372573853,0.7833333333333333,1.9878743886947632,0.03333333333333333,0.016666666666666666,0.3619571626186371,0.9333333333333333,0.0,0.0,0.016666666666666666
R03,B21,0.6,0.0675,0.06749999999999999,3.4917914867401123,2.2013094425201416,2.2611169815063477,1.1484228372573853,0.9333333333333333,1.9878743886947632,0.03333333333333333,0.016666666666666666,0.6271542310714722,0.9333333333333333,0.0,0.0,0.016666666666666666
R03,B21,0.9,0.0675,0.06749999999999999,3.4917914867401123,2.2013094425201416,2.2611169815063477,1.1484228372573853,0.95,1.9878743886947632,0.03333333333333333,0.016666666666666666,0.8365599513053894,0.9333333333333333,0.016666666666666666,0.016666666666666666,0.03333333333333333
R03,B22,0.3,0.0675,0.06749999999999999,3.4917914867401123,2.2013094425201416,2.2611169815063477,1.1484228372573853,0.7833333333333333,3.243373394012451,0.06666666666666667,0.05,1.607350468635559,0.9333333333333333,0.0,0.0,0.016666666666666666
R03,B22,0.6,0.0675,0.06749999999999999,3.4917914867401123,2.2013094425201416,2.2611169815063477,1.1484228372573853,0.9333333333333333,3.243373394012451,0.06666666666666667,0.05,2.1949048042297363,0.9333333333333333,0.03333333333333333,0.03333333333333333,0.05
R03,B22,0.9,0.0675,0.06749999999999999,3.4917914867401123,2.2013094425201416,2.2611169815063477,1.1484228372573853,0.95,3.243373394012451,0.06666666666666667,0.05,2.562540292739868,0.9333333333333333,0.05,0.7666666666666667,0.95
R03,B23,0.3,0.0675,0.06749999999999999,3.4917914867401123,2.2013094425201416,2.2611169815063477,1.1484228372573853,0.7833333333333333,3.2256526947021484,0.18333333333333332,0.18333333333333332,2.7215216159820557,0.9333333333333333,0.06666666666666667,0.2,0.7
R03,B23,0.6,0.0675,0.06749999999999999,3.4917914867401123,2.2013094425201416,2.2611169815063477,1.1484228372573853,0.9333333333333333,3.2256526947021484,0.18333333333333332,0.18333333333333332,3.381228446960449,0.9333333333333333,0.06666666666666667,0.7333333333333333,0.9333333333333333
R03,B23,0.9,0.0675,0.06749999999999999,3.4917914867401123,2.2013094425201416,2.2611169815063477,1.1484228372573853,0.95,3.2256526947021484,0.18333333333333332,0.18333333333333332,3.7752935886383057,0.9333333333333333,0.08333333333333333,0.7666666666666667,0.95
R03,B24,0.3,0.0675,0.06749999999999999,3.4917914867401123,2.2013094425201416,2.2611169815063477,1.1484228372573853,0.7833333333333333,1.350667119026184,0.05,0.03333333333333333,1.1692047119140625,0.9333333333333333,0.0,0.0,0.016666666666666666
R03,B24,0.6,0.0675,0.06749999999999999,3.4917914867401123,2.2013094425201416,2.2611169815063477,1.1484228372573853,0.9333333333333333,1.350667119026184,0.05,0.03333333333333333,1.6935700178146362,0.9333333333333333,0.03333333333333333,0.7333333333333333,0.9333333333333333
R03,B24,0.9,0.0675,0.06749999999999999,3.4917914867401123,2.2013094425201416,2.2611169815063477,1.1484228372573853,0.95,1.350667119026184,0.05,0.03333333333333333,2.0357892513275146,0.9333333333333333,0.05,0.7666666666666667,0.95
R03,B25,0.3,0.0675,0.06749999999999999,3.4917914867401123,2.2013094425201416,2.2611169815063477,1.1484228372573853,0.7833333333333333,2.2417728900909424,0.03333333333333333,0.03333333333333333,0.8980687856674194,0.9333333333333333,0.0,0.0,0.016666666666666666
R03,B25,0.6,0.0675,0.06749999999999999,3.4917914867401123,2.2013094425201416,2.2611169815063477,1.1484228372573853,0.9333333333333333,2.2417728900909424,0.03333333333333333,0.03333333333333333,1.363464593887329,0.9333333333333333,0.0,0.0,0.016666666666666666
R03,B25,0.9,0.0675,0.06749999999999999,3.4917914867401123,2.2013094425201416,2.2611169815063477,1.1484228372573853,0.95,2.2417728900909424,0.03333333333333333,0.03333333333333333,1.6798168420791626,0.9333333333333333,0.0,0.0,0.016666666666666666
R03,B26,0.3,0.0675,0.06749999999999999,3.4917914867401123,2.2013094425201416,2.2611169815063477,1.1484228372573853,0.7833333333333333,2.9657883644104004,0.016666666666666666,0.1,0.25550520420074463,0.9333333333333333,0.0,0.0,0.016666666666666666
R03,B26,0.6,0.0675,0.06749999999999999,3.4917914867401123,2.2013094425201416,2.2611169815063477,1.1484228372573853,0.9333333333333333,2.9657883644104004,0.016666666666666666,0.1,0.45883363485336304,0.9333333333333333,0.0,0.0,0.016666666666666666
R03,B26,0.9,0.0675,0.06749999999999999,3.4917914867401123,2.2013094425201416,2.2611169815063477,1.1484228372573853,0.95,2.9657883644104004,0.016666666666666666,0.1,0.6277235150337219,0.9333333333333333,0.0,0.0,0.016666666666666666
R03,B27,0.3,0.0675,0.06749999999999999,3.4917914867401123,2.2013094425201416,2.2611169815063477,1.1484228372573853,0.7833333333333333,1.1151416301727295,0.03333333333333333,0.03333333333333333,1.0832500457763672,0.9333333333333333,0.0,0.0,0.016666666666666666
R03,B27,0.6,0.0675,0.06749999999999999,3.4917914867401123,2.2013094425201416,2.2611169815063477,1.1484228372573853,0.9333333333333333,1.1151416301727295,0.03333333333333333,0.03333333333333333,1.5909748077392578,0.9333333333333333,0.0,0.0,0.016666666666666666
R03,B27,0.9,0.0675,0.06749999999999999,3.4917914867401123,2.2013094425201416,2.2611169815063477,1.1484228372573853,0.95,1.1151416301727295,0.03333333333333333,0.03333333333333333,1.9261149168014526,0.9333333333333333,0.0,0.0,0.016666666666666666
R03,B28,0.3,0.0675,0.06749999999999999,3.4917914867401123,2.2013094425201416,2.2611169815063477,1.1484228372573853,0.7833333333333333,1.015230655670166,0.016666666666666666,0.016666666666666666,0.6472644805908203,0.9333333333333333,0.0,0.0,0.016666666666666666
R03,B28,0.6,0.0675,0.06749999999999999,3.4917914867401123,2.2013094425201416,2.2611169815063477,1.1484228372573853,0.9333333333333333,1.015230655670166,0.016666666666666666,0.016666666666666666,1.0369553565979004,0.9333333333333333,0.0,0.0,0.016666666666666666
R03,B28,0.9,0.0675,0.06749999999999999,3.4917914867401123,2.2013094425201416,2.2611169815063477,1.1484228372573853,0.95,1.015230655670166,0.016666666666666666,0.016666666666666666,1.3166558742523193,0.9333333333333333,0.0,0.0,0.016666666666666666
R03,B29,0.3,0.0675,0.06749999999999999,3.4917914867401123,2.2013094425201416,2.2611169815063477,1.1484228372573853,0.7833333333333333,0.5364933609962463,0.06666666666666667,0.016666666666666666,0.7667345404624939,0.9333333333333333,0.0,0.0,0.016666666666666666
R03,B29,0.6,0.0675,0.06749999999999999,3.4917914867401123,2.2013094425201416,2.2611169815063477,1.1484228372573853,0.9333333333333333,0.5364933609962463,0.06666666666666667,0.016666666666666666,1.1955727338790894,0.9333333333333333,0.016666666666666666,0.016666666666666666,0.03333333333333333
R03,B29,0.9,0.0675,0.06749999999999999,3.4917914867401123,2.2013094425201416,2.2611169815063477,1.1484228372573853,0.95,0.5364933609962463,0.06666666666666667,0.016666666666666666,1.4947395324707031,0.9333333333333333,0.016666666666666666,0.016666666666666666,0.03333333333333333
R03,B30,0.3,0.0675,0.06749999999999999,3.4917914867401123,2.2013094425201416,2.2611169815063477,1.1484228372573853,0.7833333333333333,0.9669838547706604,0.0,0.0,0.0,0.0,0.0,0.0,0.016666666666666666
R03,B30,0.6,0.0675,0.06749999999999999,3.4917914867401123,2.2013094425201416,2.2611169815063477,1.1484228372573853,0.9333333333333333,0.9669838547706604,0.0,0.0,0.0,0.0,0.0,0.0,0.016666666666666666
R03,B30,0.9,0.0675,0.06749999999999999,3.4917914867401123,2.2013094425201416,2.2611169815063477,1.1484228372573853,0.95,0.9669838547706604,0.0,0.0,0.0,0.0,0.0,0.0,0.016666666666666666
R03,B31,0.3,0.0675,0.06749999999999999,3.4917914867401123,2.2013094425201416,2.2611169815063477,1.1484228372573853,0.7833333333333333,1.4655674695968628,0.06666666666666667,0.03333333333333333,1.393025279045105,0.9333333333333333,0.0,0.0,0.016666666666666666
R03,B31,0.6,0.0675,0.06749999999999999,3.4917914867401123,2.2013094425201416,2.2611169815063477,1.1484228372573853,0.9333333333333333,1.4655674695968628,0.06666666666666667,0.03333333333333333,1.9535988569259644,0.9333333333333333,0.0,0.0,0.016666666666666666
R03,B31,0.9,0.0675,0.06749999999999999,3.4917914867401123,2.2013094425201416,2.2611169815063477,1.1484228372573853,0.95,1.4655674695968628,0.06666666666666667,0.03333333333333333,2.3106565475463867,0.9333333333333333,0.0,0.0,0.016666666666666666
R03,B32,0.3,0.0675,0.06749999999999999,3.4917914867401123,2.2013094425201416,2.2611169815063477,1.1484228372573853,0.7833333333333333,2.7120423316955566,0.08333333333333333,0.016666666666666666,1.1740508079528809,0.9333333333333333,0.0,0.0,0.016666666666666666
R03,B32,0.6,0.0675,0.06749999999999999,3.4917914867401123,2.2013094425201416,2.2611169815063477,1.1484228372573853,0.9333333333333333,2.7120423316955566,0.08333333333333333,0.016666666666666666,1.6993045806884766,0.9333333333333333,0.0,0.0,0.016666666666666666
R03,B32,0.9,0.0675,0.06749999999999999,3.4917914867401123,2.2013094425201416,2.2611169815063477,1.1484228372573853,0.95,2.7120423316955566,0.08333333333333333,0.016666666666666666,2.0418970584869385,0.9333333333333333,0.016666666666666666,0.7666666666666667,0.95
R03,B33,0.3,0.0675,0.06749999999999999,3.4917914867401123,2.2013094425201416,2.2611169815063477,1.1484228372573853,0.7833333333333333,1.4206959009170532,0.03333333333333333,0.03333333333333333,2.301553726196289,0.9333333333333333,0.016666666666666666,0.03333333333333333,0.05
R03,B33,0.6,0.0675,0.06749999999999999,3.4917914867401123,2.2013094425201416,2.2611169815063477,1.1484228372573853,0.9333333333333333,1.4206959009170532,0.03333333333333333,0.03333333333333333,2.9433534145355225,0.9333333333333333,0.016666666666666666,0.7333333333333333,0.9333333333333333
R03,B33,0.9,0.0675,0.06749999999999999,3.4917914867401123,2.2013094425201416,2.2611169815063477,1.1484228372573853,0.95,1.4206959009170532,0.03333333333333333,0.03333333333333333,3.331099271774292,0.9333333333333333,0.016666666666666666,0.7666666666666667,0.95
R03,B34,0.3,0.0675,0.06749999999999999,3.4917914867401123,2.2013094425201416,2.2611169815063477,1.1484228372573853,0.7833333333333333,3.139399528503418,0.05,0.06666666666666667,0.4724443554878235,0.9333333333333333,0.0,0.0,0.016666666666666666
R03,B34,0.6,0.0675,0.06749999999999999,3.4917914867401123,2.2013094425201416,2.2611169815063477,1.1484228372573853,0.9333333333333333,3.139399528503418,0.05,0.06666666666666667,0.7920055389404297,0.9333333333333333,0.0,0.0,0.016666666666666666
R03,B34,0.9,0.0675,0.06749999999999999,3.4917914867401123,2.2013094425201416,2.2611169815063477,1.1484228372573853,0.95,3.139399528503418,0.05,0.06666666666666667,1.0337998867034912,0.9333333333333333,0.0,0.0,0.016666666666666666
R03,B35,0.3,0.0675,0.06749999999999999,3.4917914867401123,2.2013094425201416,2.2611169815063477,1.1484228372573853,0.7833333333333333,3.83449387550354,0.16666666666666666,0.2,2.4330623149871826,0.9333333333333333,0.0,0.0,0.016666666666666666
R03,B35,0.6,0.0675,0.06749999999999999,3.4917914867401123,2.2013094425201416,2.2611169815063477,1.1484228372573853,0.9333333333333333,3.83449387550354,0.16666666666666666,0.2,3.081333637237549,0.9333333333333333,0.05,0.7333333333333333,0.9333333333333333
R03,B35,0.9,0.0675,0.06749999999999999,3.4917914867401123,2.2013094425201416,2.2611169815063477,1.1484228372573853,0.95,3.83449387550354,0.16666666666666666,0.2,3.471381187438965,0.9333333333333333,0.05,0.7666666666666667,0.95
R03,B36,0.3,0.0675,0.06749999999999999,3.4917914867401123,2.2013094425201416,2.2611169815063477,1.1484228372573853,0.7833333333333333,3.0012171268463135,0.03333333333333333,0.05,1.659130334854126,0.9333333333333333,0.0,0.0,0.016666666666666666
R03,B36,0.6,0.0675,0.06749999999999999,3.4917914867401123,2.2013094425201416,2.2611169815063477,1.1484228372573853,0.9333333333333333,3.0012171268463135,0.03333333333333333,0.05,2.252289056777954,0.9333333333333333,0.016666666666666666,0.06666666666666667,0.9333333333333333
R03,B36,0.9,0.0675,0.06749999999999999,3.4917914867401123,2.2013094425201416,2.2611169815063477,1.1484228372573853,0.95,3.0012171268463135,0.03333333333333333,0.05,2.622072219848633,0.9333333333333333,0.016666666666666666,0.7666666666666667,0.95
R03,B37,0.3,0.0675,0.06749999999999999,3.4917914867401123,2.2013094425201416,2.2611169815063477,1.1484228372573853,0.7833333333333333,4.031404972076416,0.26666666666666666,0.21666666666666667,2.8820698261260986,0.9333333333333333,0.05,0.05,0.06666666666666667
R03,B37,0.6,0.0675,0.06749999999999999,3.4917914867401123,2.2013094425201416,2.2611169815063477,1.1484228372573853,0.9333333333333333,4.031404972076416,0.26666666666666666,0.21666666666666667,3.5468077659606934,0.9333333333333333,0.06666666666666667,0.06666666666666667,0.9333333333333333
R03,B37,0.9,0.0675,0.06749999999999999,3.4917914867401123,2.2013094425201416,2.2611169815063477,1.1484228372573853,0.95,4.031404972076416,0.26666666666666666,0.21666666666666667,3.9426209926605225,0.9333333333333333,0.08333333333333333,0.7666666666666667,0.95
R03,B38,0.3,0.0675,0.06749999999999999,3.4917914867401123,2.2013094425201416,2.2611169815063477,1.1484228372573853,0.7833333333333333,1.1346226930618286,0.016666666666666666,0.05,0.6720736026763916,0.9333333333333333,0.0,0.0,0.016666666666666666
R03,B38,0.6,0.0675,0.06749999999999999,3.4917914867401123,2.2013094425201416,2.2611169815063477,1.1484228372573853,0.9333333333333333,1.1346226930618286,0.016666666666666666,0.05,1.0704143047332764,0.9333333333333333,0.0,0.0,0.016666666666666666
R03,B38,0.9,0.0675,0.06749999999999999,3.4917914867401123,2.2013094425201416,2.2611169815063477,1.1484228372573853,0.95,1.1346226930618286,0.016666666666666666,0.05,1.3545149564743042,0.9333333333333333,0.0,0.0,0.016666666666666666
R03,B39,0.3,0.0675,0.06749999999999999,3.4917914867401123,2.2013094425201416,2.2611169815063477,1.1484228372573853,0.7833333333333333,2.141242027282715,0.05,0.05,0.5109203457832336,0.9333333333333333,0.016666666666666666,0.03333333333333333,0.05
R03,B39,0.6,0.0675,0.06749999999999999,3.4917914867401123,2.2013094425201416,2.2611169815063477,1.1484228372573853,0.9333333333333333,2.141242027282715,0.05,0.05,0.8474332094192505,0.9333333333333333,0.016666666666666666,0.7333333333333333,0.9333333333333333
R03,B39,0.9,0.0675,0.06749999999999999,3.4917914867401123,2.2013094425201416,2.2611169815063477,1.1484228372573853,0.95,2.141242027282715,0.05,0.05,1.0987701416015625,0.9333333333333333,0.016666666666666666,0.7666666666666667,0.95
R03,B40,0.3,0.0675,0.06749999999999999,3.4917914867401123,2.2013094425201416,2.2611169815063477,1.1484228372573853,0.7833333333333333,4.438761234283447,0.18333333333333332,0.18333333333333332,2.6559667587280273,0.9333333333333333,0.03333333333333333,0.03333333333333333,0.05
R03,B40,0.6,0.0675,0.06749999999999999,3.4917914867401123,2.2013094425201416,2.2611169815063477,1.1484228372573853,0.9333333333333333,4.438761234283447,0.18333333333333332,0.18333333333333332,3.3133671283721924,0.9333333333333333,0.06666666666666667,0.7333333333333333,0.9333333333333333
R03,B40,0.9,0.0675,0.06749999999999999,3.4917914867401123,2.2013094425201416,2.2611169815063477,1.1484228372573853,0.95,4.438761234283447,0.18333333333333332,0.18333333333333332,3.7066268920898438,0.9333333333333333,0.08333333333333333,0.7666666666666667,0.95
R03,B41,0.3,0.0675,0.06749999999999999,3.4917914867401123,2.2013094425201416,2.2611169815063477,1.1484228372573853,0.7833333333333333,0.8020015954971313,0.05,0.0,1.5322190523147583,0.95,0.016666666666666666,0.11666666666666667,0.75
R03,B41,0.6,0.0675,0.06749999999999999,3.4917914867401123,2.2013094425201416,2.2611169815063477,1.1484228372573853,0.9333333333333333,0.8020015954971313,0.05,0.0,2.1110458374023438,0.95,0.016666666666666666,0.75,0.95
R03,B41,0.9,0.0675,0.06749999999999999,3.4917914867401123,2.2013094425201416,2.2611169815063477,1.1484228372573853,0.95,0.8020015954971313,0.05,0.0,2.4753029346466064,0.95,0.016666666666666666,0.7833333333333333,0.9666666666666667
R03,B42,0.3,0.0675,0.06749999999999999,3.4917914867401123,2.2013094425201416,2.2611169815063477,1.1484228372573853,0.7833333333333333,2.9897141456604004,0.03333333333333333,0.016666666666666666,0.6629566550254822,0.9333333333333333,0.0,0.0,0.016666666666666666
R03,B42,0.6,0.0675,0.06749999999999999,3.4917914867401123,2.2013094425201416,2.2611169815063477,1.1484228372573853,0.9333333333333333,2.9897141456604004,0.03333333333333333,0.016666666666666666,1.058152198791504,0.9333333333333333,0.0,0.0,0.016666666666666666
R03,B42,0.9,0.0675,0.06749999999999999,3.4917914867401123,2.2013094425201416,2.2611169815063477,1.1484228372573853,0.95,2.9897141456604004,0.03333333333333333,0.016666666666666666,1.340659737586975,0.9333333333333333,0.0,0.0,0.016666666666666666
R03,B43,0.3,0.0675,0.06749999999999999,3.4917914867401123,2.2013094425201416,2.2611169815063477,1.1484228372573853,0.7833333333333333,3.16420841217041,0.16666666666666666,0.2,1.9281846284866333,0.9333333333333333,0.05,0.06666666666666667,0.7
R03,B43,0.6,0.0675,0.06749999999999999,3.4917914867401123,2.2013094425201416,2.2611169815063477,1.1484228372573853,0.9333333333333333,3.16420841217041,0.16666666666666666,0.2,2.545847177505493,0.9333333333333333,0.05,0.7333333333333333,0.9333333333333333
R03,B43,0.9,0.0675,0.06749999999999999,3.4917914867401123,2.2013094425201416,2.2611169815063477,1.1484228372573853,0.95,3.16420841217041,0.16666666666666666,0.2,2.9248290061950684,0.9333333333333333,0.06666666666666667,0.7666666666666667,0.95
R03,B44,0.3,0.0675,0.06749999999999999,3.4917914867401123,2.2013094425201416,2.2611169815063477,1.1484228372573853,0.7833333333333333,2.418588638305664,0.016666666666666666,0.03333333333333333,0.4384077787399292,0.9333333333333333,0.0,0.0,0.016666666666666666
R03,B44,0.6,0.0675,0.06749999999999999,3.4917914867401123,2.2013094425201416,2.2611169815063477,1.1484228372573853,0.9333333333333333,2.418588638305664,0.016666666666666666,0.03333333333333333,0.7421630024909973,0.9333333333333333,0.0,0.0,0.016666666666666666
R03,B44,0.9,0.0675,0.06749999999999999,3.4917914867401123,2.2013094425201416,2.2611169815063477,1.1484228372573853,0.95,2.418588638305664,0.016666666666666666,0.03333333333333333,0.9748278260231018,0.9333333333333333,0.0,0.0,0.016666666666666666
R03,B45,0.3,0.0675,0.06749999999999999,3.4917914867401123,2.2013094425201416,2.2611169815063477,1.1484228372573853,0.7833333333333333,2.4406063556671143,0.08333333333333333,0.11666666666666667,2.1991710662841797,0.9333333333333333,0.03333333333333333,0.1,0.7
R03,B45,0.6,0.0675,0.06749999999999999,3.4917914867401123,2.2013094425201416,2.2611169815063477,1.1484228372573853,0.9333333333333333,2.4406063556671143,0.08333333333333333,0.11666666666666667,2.8352742195129395,0.9333333333333333,0.05,0.7333333333333333,0.9333333333333333
R03,B45,0.9,0.0675,0.06749999999999999,3.4917914867401123,2.2013094425201416,2.2611169815063477,1.1484228372573853,0.95,2.4406063556671143,0.08333333333333333,0.11666666666666667,3.220977783203125,0.9333333333333333,0.05,0.7666666666666667,0.95
R03,B46,0.3,0.0675,0.06749999999999999,3.4917914867401123,2.2013094425201416,2.2611169815063477,1.1484228372573853,0.7833333333333333,2.248128890991211,0.05,0.016666666666666666,2.0753753185272217,0.9333333333333333,0.016666666666666666,0.016666666666666666,0.03333333333333333
R03,B46,0.6,0.0675,0.06749999999999999,3.4917914867401123,2.2013094425201416,2.2611169815063477,1.1484228372573853,0.9333333333333333,2.248128890991211,0.05,0.016666666666666666,2.703712224960327,0.9333333333333333,0.03333333333333333,0.7333333333333333,0.9333333333333333
R03,B46,0.9,0.0675,0.06749999999999999,3.4917914867401123,2.2013094425201416,2.2611169815063477,1.1484228372573853,0.95,2.248128890991211,0.05,0.016666666666666666,3.0866055488586426,0.9333333333333333,0.03333333333333333,0.7666666666666667,0.95
R03,B47,0.3,0.0675,0.06749999999999999,3.4917914867401123,2.2013094425201416,2.2611169815063477,1.1484228372573853,0.7833333333333333,1.0647107362747192,0.08333333333333333,0.03333333333333333,2.0471880435943604,0.9333333333333333,0.016666666666666666,0.06666666666666667,0.7
R03,B47,0.6,0.0675,0.06749999999999999,3.4917914867401123,2.2013094425201416,2.2611169815063477,1.1484228372573853,0.9333333333333333,1.0647107362747192,0.08333333333333333,0.03333333333333333,2.6736090183258057,0.9333333333333333,0.03333333333333333,0.7333333333333333,0.9333333333333333
R03,B47,0.9,0.0675,0.06749999999999999,3.4917914867401123,2.2013094425201416,2.2611169815063477,1.1484228372573853,0.95,1.0647107362747192,0.08333333333333333,0.03333333333333333,3.05580472946167,0.9333333333333333,0.03333333333333333,0.7666666666666667,0.95
R03,B48,0.3,0.0675,0.06749999999999999,3.4917914867401123,2.2013094425201416,2.2611169815063477,1.1484228372573853,0.7833333333333333,2.6253929138183594,0.06666666666666667,0.06666666666666667,2.0391716957092285,0.9333333333333333,0.0,0.0,0.016666666666666666
R03,B48,0.6,0.0675,0.06749999999999999,3.4917914867401123,2.2013094425201416,2.2611169815063477,1.1484228372573853,0.9333333333333333,2.6253929138183594,0.06666666666666667,0.06666666666666667,2.665037155151367,0.9333333333333333,0.0,0.0,0.016666666666666666
R03,B48,0.9,0.0675,0.06749999999999999,3.4917914867401123,2.2013094425201416,2.2611169815063477,1.1484228372573853,0.95,2.6253929138183594,0.06666666666666667,0.06666666666666667,3.047029972076416,0.9333333333333333,0.03333333333333333,0.7666666666666667,0.95
R03,B49,0.3,0.0675,0.06749999999999999,3.4917914867401123,2.2013094425201416,2.2611169815063477,1.1484228372573853,0.7833333333333333,2.144761085510254,0.05,0.03333333333333333,0.8097183108329773,0.9333333333333333,0.016666666666666666,0.016666666666666666,0.03333333333333333
R03,B49,0.6,0.0675,0.06749999999999999,3.4917914867401123,2.2013094425201416,2.2611169815063477,1.1484228372573853,0.9333333333333333,2.144761085510254,0.05,0.03333333333333333,1.251204490661621,0.9333333333333333,0.016666666666666666,0.016666666666666666,0.03333333333333333
R03,B49,0.9,0.0675,0.06749999999999999,3.4917914867401123,2.2013094425201416,2.2611169815063477,1.1484228372573853,0.95,2.144761085510254,0.05,0.03333333333333333,1.5564218759536743,0.9333333333333333,0.016666666666666666,0.016666666666666666,0.03333333333333333
R03,B50,0.3,0.0675,0.06749999999999999,3.4917914867401123,2.2013094425201416,2.2611169815063477,1.1484228372573853,0.7833333333333333,2.2257039546966553,0.03333333333333333,0.03333333333333333,0.5787279009819031,0.9333333333333333,0.016666666666666666,0.016666666666666666,0.03333333333333333
R03,B50,0.6,0.0675,0.06749999999999999,3.4917914867401123,2.2013094425201416,2.2611169815063477,1.1484228372573853,0.9333333333333333,2.2257039546966553,0.03333333333333333,0.03333333333333333,0.9429464936256409,0.9333333333333333,0.016666666666666666,0.016666666666666666,0.03333333333333333
R03,B50,0.9,0.0675,0.06749999999999999,3.4917914867401123,2.2013094425201416,2.2611169815063477,1.1484228372573853,0.95,2.2257039546966553,0.03333333333333333,0.03333333333333333,1.209349274635315,0.9333333333333333,0.016666666666666666,0.016666666666666666,0.03333333333333333
R03,B51,0.3,0.0675,0.06749999999999999,3.4917914867401123,2.2013094425201416,2.2611169815063477,1.1484228372573853,0.7833333333333333,1.6213665008544922,0.06666666666666667,0.03333333333333333,1.8592926263809204,0.9333333333333333,0.016666666666666666,0.06666666666666667,0.08333333333333333
R03,B51,0.6,0.0675,0.06749999999999999,3.4917914867401123,2.2013094425201416,2.2611169815063477,1.1484228372573853,0.9333333333333333,1.6213665008544922,0.06666666666666667,0.03333333333333333,2.4713475704193115,0.9333333333333333,0.016666666666666666,0.7333333333333333,0.9333333333333333
R03,B51,0.9,0.0675,0.06749999999999999,3.4917914867401123,2.2013094425201416,2.2611169815063477,1.1484228372573853,0.95,1.6213665008544922,0.06666666666666667,0.03333333333333333,2.8482515811920166,0.9333333333333333,0.016666666666666666,0.7666666666666667,0.95
R03,B52,0.3,0.0675,0.06749999999999999,3.4917914867401123,2.2013094425201416,2.2611169815063477,1.1484228372573853,0.7833333333333333,2.8015406131744385,0.05,0.03333333333333333,1.9118742942810059,0.9333333333333333,0.0,0.0,0.016666666666666666
R03,B52,0.6,0.0675,0.06749999999999999,3.4917914867401123,2.2013094425201416,2.2611169815063477,1.1484228372573853,0.9333333333333333,2.8015406131744385,0.05,0.03333333333333333,2.5282466411590576,0.9333333333333333,0.016666666666666666,0.06666666666666667,0.9333333333333333
R03,B52,0.9,0.0675,0.06749999999999999,3.4917914867401123,2.2013094425201416,2.2611169815063477,1.1484228372573853,0.95,2.8015406131744385,0.05,0.03333333333333333,2.906751871109009,0.9333333333333333,0.03333333333333333,0.7666666666666667,0.95
R03,B53,0.3,0.0675,0.06749999999999999,3.4917914867401123,2.2013094425201416,2.2611169815063477,1.1484228372573853,0.7833333333333333,0.8586615920066833,0.08333333333333333,0.03333333333333333,1.7224915027618408,0.9333333333333333,0.016666666666666666,0.016666666666666666,0.03333333333333333
R03,B53,0.6,0.0675,0.06749999999999999,3.4917914867401123,2.2013094425201416,2.2611169815063477,1.1484228372573853,0.9333333333333333,0.8586615920066833,0.08333333333333333,0.03333333333333333,2.3220856189727783,0.9333333333333333,0.05,0.7333333333333333,0.9333333333333333
R03,B53,0.9,0.0675,0.06749999999999999,3.4917914867401123,2.2013094425201416,2.2611169815063477,1.1484228372573853,0.95,0.8586615920066833,0.08333333333333333,0.03333333333333333,2.69431471824646,0.9333333333333333,0.05,0.7666666666666667,0.95
R03,B54,0.3,0.0675,0.06749999999999999,3.4917914867401123,2.2013094425201416,2.2611169815063477,1.1484228372573853,0.7833333333333333,2.9932291507720947,0.16666666666666666,0.2,2.577718496322632,0.9333333333333333,0.06666666666666667,0.06666666666666667,0.08333333333333333
R03,B54,0.6,0.0675,0.06749999999999999,3.4917914867401123,2.2013094425201416,2.2611169815063477,1.1484228372573853,0.9333333333333333,2.9932291507720947,0.16666666666666666,0.2,3.232152223587036,0.9333333333333333,0.1,0.7333333333333333,0.9333333333333333
R03,B54,0.9,0.0675,0.06749999999999999,3.4917914867401123,2.2013094425201416,2.2611169815063477,1.1484228372573853,0.95,2.9932291507720947,0.16666666666666666,0.2,3.6243724822998047,0.9333333333333333,0.1,0.7666666666666667,0.95
R03,B55,0.3,0.0675,0.06749999999999999,3.4917914867401123,2.2013094425201416,2.2611169815063477,1.1484228372573853,0.7833333333333333,0.6259384155273438,0.05,0.016666666666666666,0.7821362018585205,0.9333333333333333,0.0,0.0,0.016666666666666666
R03,B55,0.6,0.0675,0.06749999999999999,3.4917914867401123,2.2013094425201416,2.2611169815063477,1.1484228372573853,0.9333333333333333,0.6259384155273438,0.05,0.016666666666666666,1.2155874967575073,0.9333333333333333,0.0,0.0,0.016666666666666666
R03,B55,0.9,0.0675,0.06749999999999999,3.4917914867401123,2.2013094425201416,2.2611169815063477,1.1484228372573853,0.95,0.6259384155273438,0.05,0.016666666666666666,1.5169743299484253,0.9333333333333333,0.0,0.0,0.016666666666666666
R03,B56,0.3,0.0675,0.06749999999999999,3.4917914867401123,2.2013094425201416,2.2611169815063477,1.1484228372573853,0.7833333333333333,0.7561219930648804,0.016666666666666666,0.016666666666666666,0.4287310540676117,0.9333333333333333,0.0,0.0,0.016666666666666666
R03,B56,0.6,0.0675,0.06749999999999999,3.4917914867401123,2.2013094425201416,2.2611169815063477,1.1484228372573853,0.9333333333333333,0.7561219930648804,0.016666666666666666,0.016666666666666666,0.7278462052345276,0.9333333333333333,0.0,0.0,0.016666666666666666
R03,B56,0.9,0.0675,0.06749999999999999,3.4917914867401123,2.2013094425201416,2.2611169815063477,1.1484228372573853,0.95,0.7561219930648804,0.016666666666666666,0.016666666666666666,0.957787275314331,0.9333333333333333,0.0,0.0,0.016666666666666666
R03,B57,0.3,0.0675,0.06749999999999999,3.4917914867401123,2.2013094425201416,2.2611169815063477,1.1484228372573853,0.7833333333333333,1.0952733755111694,0.05,0.016666666666666666,1.8744053840637207,0.9333333333333333,0.016666666666666666,0.08333333333333333,0.7
R03,B57,0.6,0.0675,0.06749999999999999,3.4917914867401123,2.2013094425201416,2.2611169815063477,1.1484228372573853,0.9333333333333333,1.0952733755111694,0.05,0.016666666666666666,2.4877264499664307,0.9333333333333333,0.016666666666666666,0.75,0.9333333333333333
R03,B57,0.9,0.0675,0.06749999999999999,3.4917914867401123,2.2013094425201416,2.2611169815063477,1.1484228372573853,0.95,1.0952733755111694,0.05,0.016666666666666666,2.8651010990142822,0.9333333333333333,0.016666666666666666,0.7833333333333333,0.95
R03,B58,0.3,0.0675,0.06749999999999999,3.4917914867401123,2.2013094425201416,2.2611169815063477,1.1484228372573853,0.7833333333333333,4.185555458068848,0.03333333333333333,0.08333333333333333,1.2980003356933594,0.9333333333333333,0.0,0.0,0.016666666666666666
R03,B58,0.6,0.0675,0.06749999999999999,3.4917914867401123,2.2013094425201416,2.2611169815063477,1.1484228372573853,0.9333333333333333,4.185555458068848,0.03333333333333333,0.08333333333333333,1.8443413972854614,0.9333333333333333,0.0,0.0,0.016666666666666666
R03,B58,0.9,0.0675,0.06749999999999999,3.4917914867401123,2.2013094425201416,2.2611169815063477,1.1484228372573853,0.95,4.185555458068848,0.03333333333333333,0.08333333333333333,2.1956567764282227,0.9333333333333333,0.016666666666666666,0.8833333333333333,0.95
R03,B59,0.3,0.0675,0.06749999999999999,3.4917914867401123,2.2013094425201416,2.2611169815063477,1.1484228372573853,0.7833333333333333,3.2928695678710938,0.06666666666666667,0.05,0.651349663734436,0.9333333333333333,0.0,0.0,0.016666666666666666
R03,B59,0.6,0.0675,0.06749999999999999,3.4917914867401123,2.2013094425201416,2.2611169815063477,1.1484228372573853,0.9333333333333333,3.2928695678710938,0.06666666666666667,0.05,1.0424847602844238,0.9333333333333333,0.016666666666666666,0.016666666666666666,0.03333333333333333
R03,B59,0.9,0.0675,0.06749999999999999,3.4917914867401123,2.2013094425201416,2.2611169815063477,1.1484228372573853,0.95,3.2928695678710938,0.06666666666666667,0.05,1.3229241371154785,0.9333333333333333,0.016666666666666666,0.016666666666666666,0.03333333333333333
R03,B60,0.3,0.0675,0.06749999999999999,3.4917914867401123,2.2013094425201416,2.2611169815063477,1.1484228372573853,0.7833333333333333,2.006870746612549,0.03333333333333333,0.03333333333333333,0.638668417930603,0.9333333333333333,0.0,0.0,0.016666666666666666
R03,B60,0.6,0.0675,0.06749999999999999,3.4917914867401123,2.2013094425201416,2.2611169815063477,1.1484228372573853,0.9333333333333333,2.006870746612549,0.03333333333333333,0.03333333333333333,1.0252939462661743,0.9333333333333333,0.016666666666666666,0.016666666666666666,0.03333333333333333
R03,B60,0.9,0.0675,0.06749999999999999,3.4917914867401123,2.2013094425201416,2.2611169815063477,1.1484228372573853,0.95,2.006870746612549,0.03333333333333333,0.03333333333333333,1.3034212589263916,0.9333333333333333,0.03333333333333333,0.7833333333333333,0.95
R04,B01,0.3,0.06694444444444445,0.06694444444444445,3.680996894836426,2.3019280433654785,2.2741596698760986,1.4638004302978516,0.85,2.9861867427825928,0.06666666666666667,0.03333333333333333,1.228861689567566,0.8833333333333333,0.0,0.0,0.016666666666666666
R04,B01,0.6,0.06694444444444445,0.06694444444444445,3.680996894836426,2.3019280433654785,2.2741596698760986,1.4638004302978516,0.9166666666666666,2.9861867427825928,0.06666666666666667,0.03333333333333333,1.7638185024261475,0.8833333333333333,0.0,0.0,0.016666666666666666
R04,B01,0.9,0.06694444444444445,0.06694444444444445,3.680996894836426,2.3019280433654785,2.2741596698760986,1.4638004302978516,0.9166666666666666,2.9861867427825928,0.06666666666666667,0.03333333333333333,2.110457181930542,0.8833333333333333,0.0,0.0,0.016666666666666666
R04,B02,0.3,0.06694444444444445,0.06694444444444445,3.680996894836426,2.3019280433654785,2.2741596698760986,1.4638004302978516,0.85,2.1667652130126953,0.0,0.05,0.0,0.0,0.0,0.0,0.016666666666666666
R04,B02,0.6,0.06694444444444445,0.06694444444444445,3.680996894836426,2.3019280433654785,2.2741596698760986,1.4638004302978516,0.9166666666666666,2.1667652130126953,0.0,0.05,0.0,0.0,0.0,0.0,0.016666666666666666
R04,B02,0.9,0.06694444444444445,0.06694444444444445,3.680996894836426,2.3019280433654785,2.2741596698760986,1.4638004302978516,0.9166666666666666,2.1667652130126953,0.0,0.05,0.0,0.0,0.0,0.0,0.016666666666666666
R04,B03,0.3,0.06694444444444445,0.06694444444444445,3.680996894836426,2.3019280433654785,2.2741596698760986,1.4638004302978516,0.85,3.765840530395508,0.2,0.23333333333333334,2.496697187423706,0.8833333333333333,0.1,0.13333333333333333,0.8166666666666667
R04,B03,0.6,0.06694444444444445,0.06694444444444445,3.680996894836426,2.3019280433654785,2.2741596698760986,1.4638004302978516,0.9166666666666666,3.765840530395508,0.2,0.23333333333333334,3.147794246673584,0.8833333333333333,0.13333333333333333,0.7666666666666667,0.9
R04,B03,0.9,0.06694444444444445,0.06694444444444445,3.680996894836426,2.3019280433654785,2.2741596698760986,1.4638004302978516,0.9166666666666666,3.765840530395508,0.2,0.23333333333333334,3.5388402938842773,0.8833333333333333,0.13333333333333333,0.8833333333333333,0.9
R04,B04,0.3,0.06694444444444445,0.06694444444444445,3.680996894836426,2.3019280433654785,2.2741596698760986,1.4638004302978516,0.85,0.940007209777832,0.016666666666666666,0.016666666666666666,0.1708299219608307,0.8833333333333333,0.0,0.0,0.016666666666666666
R04,B04,0.6,0.06694444444444445,0.06694444444444445,3.680996894836426,2.3019280433654785,2.2741596698760986,1.4638004302978516,0.9166666666666666,0.940007209777832,0.016666666666666666,0.016666666666666666,0.31669068336486816,0.8833333333333333,0.0,0.0,0.016666666666666666
R04,B04,0.9,0.06694444444444445,0.06694444444444445,3.680996894836426,2.3019280433654785,2.2741596698760986,1.4638004302978516,0.9166666666666666,0.940007209777832,0.016666666666666666,0.016666666666666666,0.44395917654037476,0.8833333333333333,0.0,0.0,0.016666666666666666
R04,B05,0.3,0.06694444444444445,0.06694444444444445,3.680996894836426,2.3019280433654785,2.2741596698760986,1.4638004302978516,0.85,0.7747271656990051,0.016666666666666666,0.016666666666666666,0.13732025027275085,0.8833333333333333,0.0,0.0,0.016666666666666666
R04,B05,0.6,0.06694444444444445,0.06694444444444445,3.680996894836426,2.3019280433654785,2.2741596698760986,1.4638004302978516,0.9166666666666666,0.7747271656990051,0.016666666666666666,0.016666666666666666,0.25804027915000916,0.8833333333333333,0.0,0.0,0.016666666666666666
R04,B05,0.9,0.06694444444444445,0.06694444444444445,3.680996894836426,2.3019280433654785,2.2741596698760986,1.4638004302978516,0.9166666666666666,0.7747271656990051,0.016666666666666666,0.016666666666666666,0.3657441735267639,0.8833333333333333,0.0,0.0,0.016666666666666666
R04,B06,0.3,0.06694444444444445,0.06694444444444445,3.680996894836426,2.3019280433654785,2.2741596698760986,1.4638004302978516,0.85,1.7984039783477783,0.05,0.016666666666666666,1.9581218957901,0.8833333333333333,0.03333333333333333,0.26666666666666666,0.8166666666666667
R04,B06,0.6,0.06694444444444445,0.06694444444444445,3.680996894836426,2.3019280433654785,2.2741596698760986,1.4638004302978516,0.9166666666666666,1.7984039783477783,0.05,0.016666666666666666,2.578094482421875,0.8833333333333333,0.03333333333333333,0.7666666666666667,0.9
R04,B06,0.9,0.06694444444444445,0.06694444444444445,3.680996894836426,2.3019280433654785,2.2741596698760986,1.4638004302978516,0.9166666666666666,1.7984039783477783,0.05,0.016666666666666666,2.9579274654388428,0.8833333333333333,0.03333333333333333,0.8833333333333333,0.9
R04,B07,0.3,0.06694444444444445,0.06694444444444445,3.680996894836426,2.3019280433654785,2.2741596698760986,1.4638004302978516,0.85,0.8064758777618408,0.0,0.0,0.0,0.0,0.0,0.0,0.016666666666666666
R04,B07,0.6,0.06694444444444445,0.06694444444444445,3.680996894836426,2.3019280433654785,2.2741596698760986,1.4638004302978516,0.9166666666666666,0.8064758777618408,0.0,0.0,0.0,0.0,0.0,0.0,0.016666666666666666
R04,B07,0.9,0.06694444444444445,0.06694444444444445,3.680996894836426,2.3019280433654785,2.2741596698760986,1.4638004302978516,0.9166666666666666,0.8064758777618408,0.0,0.0,0.0,0.0,0.0,0.0,0.016666666666666666
R04,B08,0.3,0.06694444444444445,0.06694444444444445,3.680996894836426,2.3019280433654785,2.2741596698760986,1.4638004302978516,0.85,2.451005220413208,0.03333333333333333,0.05,1.2792011499404907,0.8833333333333333,0.016666666666666666,0.016666666666666666,0.03333333333333333
R04,B08,0.6,0.06694444444444445,0.06694444444444445,3.680996894836426,2.3019280433654785,2.2741596698760986,1.4638004302978516,0.9166666666666666,2.451005220413208,0.03333333333333333,0.05,1.822536826133728,0.8833333333333333,0.016666666666666666,0.7666666666666667,0.9
R04,B08,0.9,0.06694444444444445,0.06694444444444445,3.680996894836426,2.3019280433654785,2.2741596698760986,1.4638004302978516,0.9166666666666666,2.451005220413208,0.03333333333333333,0.05,2.1726245880126953,0.8833333333333333,0.016666666666666666,0.8833333333333333,0.9
R04,B09,0.3,0.06694444444444445,0.06694444444444445,3.680996894836426,2.3019280433654785,2.2741596698760986,1.4638004302978516,0.85,2.998727798461914,0.03333333333333333,0.08333333333333333,0.731550395488739,0.8833333333333333,0.0,0.0,0.016666666666666666
R04,B09,0.6,0.06694444444444445,0.06694444444444445,3.680996894836426,2.3019280433654785,2.2741596698760986,1.4638004302978516,0.9166666666666666,2.998727798461914,0.03333333333333333,0.08333333333333333,1.1494956016540527,0.8833333333333333,0.0,0.0,0.016666666666666666
R04,B09,0.9,0.06694444444444445,0.06694444444444445,3.680996894836426,2.3019280433654785,2.2741596698760986,1.4638004302978516,0.9166666666666666,2.998727798461914,0.03333333333333333,0.08333333333333333,1.4433598518371582,0.8833333333333333,0.03333333333333333,0.8833333333333333,0.9
R04,B10,0.3,0.06694444444444445,0.06694444444444445,3.680996894836426,2.3019280433654785,2.2741596698760986,1.4638004302978516,0.85,0.832909107208252,0.08333333333333333,0.0,1.5437097549438477,0.9166666666666666,0.016666666666666666,0.016666666666666666,0.03333333333333333
R04,B10,0.6,0.06694444444444445,0.06694444444444445,3.680996894836426,2.3019280433654785,2.2741596698760986,1.4638004302978516,0.9166666666666666,0.832909107208252,0.08333333333333333,0.0,2.1239192485809326,0.9166666666666666,0.03333333333333333,0.8,0.9333333333333333
R04,B10,0.9,0.06694444444444445,0.06694444444444445,3.680996894836426,2.3019280433654785,2.2741596698760986,1.4638004302978516,0.9166666666666666,0.832909107208252,0.08333333333333333,0.0,2.4887142181396484,0.9166666666666666,0.05,0.9166666666666666,0.9333333333333333
R04,B11,0.3,0.06694444444444445,0.06694444444444445,3.680996894836426,2.3019280433654785,2.2741596698760986,1.4638004302978516,0.85,3.1863527297973633,0.2,0.21666666666666667,3.1991286277770996,0.8833333333333333,0.08333333333333333,0.35,0.8166666666666667
R04,B11,0.6,0.06694444444444445,0.06694444444444445,3.680996894836426,2.3019280433654785,2.2741596698760986,1.4638004302978516,0.9166666666666666,3.1863527297973633,0.2,0.21666666666666667,3.8716659545898438,0.8833333333333333,0.11666666666666667,0.85,0.9
R04,B11,0.9,0.06694444444444445,0.06694444444444445,3.680996894836426,2.3019280433654785,2.2741596698760986,1.4638004302978516,0.9166666666666666,3.1863527297973633,0.2,0.21666666666666667,4.27016544342041,0.8833333333333333,0.13333333333333333,0.8833333333333333,0.9
R04,B12,0.3,0.06694444444444445,0.06694444444444445,3.680996894836426,2.3019280433654785,2.2741596698760986,1.4638004302978516,0.85,1.8066481351852417,0.03333333333333333,0.03333333333333333,0.5203439593315125,0.8833333333333333,0.0,0.0,0.016666666666666666
R04,B12,0.6,0.06694444444444445,0.06694444444444445,3.680996894836426,2.3019280433654785,2.2741596698760986,1.4638004302978516,0.9166666666666666,1.8066481351852417,0.03333333333333333,0.03333333333333333,0.8608679175376892,0.8833333333333333,0.0,0.0,0.016666666666666666
R04,B12,0.9,0.06694444444444445,0.06694444444444445,3.680996894836426,2.3019280433654785,2.2741596698760986,1.4638004302978516,0.9166666666666666,1.8066481351852417,0.03333333333333333,0.03333333333333333,1.1144261360168457,0.8833333333333333,0.0,0.0,0.016666666666666666
R04,B13,0.3,0.06694444444444445,0.06694444444444445,3.680996894836426,2.3019280433654785,2.2741596698760986,1.4638004302978516,0.85,3.159125804901123,0.016666666666666666,0.016666666666666666,0.658444344997406,0.8833333333333333,0.0,0.0,0.016666666666666666
R04,B13,0.6,0.06694444444444445,0.06694444444444445,3.680996894836426,2.3019280433654785,2.2741596698760986,1.4638004302978516,0.9166666666666666,3.159125804901123,0.016666666666666666,0.016666666666666666,1.0520689487457275,0.8833333333333333,0.016666666666666666,0.7833333333333333,0.9
R04,B13,0.9,0.06694444444444445,0.06694444444444445,3.680996894836426,2.3019280433654785,2.2741596698760986,1.4638004302978516,0.9166666666666666,3.159125804901123,0.016666666666666666,0.016666666666666666,1.333777666091919,0.8833333333333333,0.016666666666666666,0.8833333333333333,0.9
R04,B14,0.3,0.06694444444444445,0.06694444444444445,3.680996894836426,2.3019280433654785,2.2741596698760986,1.4638004302978516,0.85,1.7422189712524414,0.03333333333333333,0.06666666666666667,0.7028450965881348,0.8833333333333333,0.0,0.0,0.016666666666666666
R04,B14,0.6,0.06694444444444445,0.06694444444444445,3.680996894836426,2.3019280433654785,2.2741596698760986,1.4638004302978516,0.9166666666666666,1.7422189712524414,0.03333333333333333,0.06666666666666667,1.1115220785140991,0.8833333333333333,0.0,0.0,0.016666666666666666
R04,B14,0.9,0.06694444444444445,0.06694444444444445,3.680996894836426,2.3019280433654785,2.2741596698760986,1.4638004302978516,0.9166666666666666,1.7422189712524414,0.03333333333333333,0.06666666666666667,1.4008060693740845,0.8833333333333333,0.0,0.0,0.016666666666666666
R04,B15,0.3,0.06694444444444445,0.06694444444444445,3.680996894836426,2.3019280433654785,2.2741596698760986,1.4638004302978516,0.85,2.293544292449951,0.2833333333333333,0.2,3.8473761081695557,0.8833333333333333,0.1,0.26666666666666666,0.8166666666666667
R04,B15,0.6,0.06694444444444445,0.06694444444444445,3.680996894836426,2.3019280433654785,2.2741596698760986,1.4638004302978516,0.9166666666666666,2.293544292449951,0.2833333333333333,0.2,4.5297980308532715,0.8833333333333333,0.16666666666666666,0.7666666666666667,0.9
R04,B15,0.9,0.06694444444444445,0.06694444444444445,3.680996894836426,2.3019280433654785,2.2741596698760986,1.4638004302978516,0.9166666666666666,2.293544292449951,0.2833333333333333,0.2,4.931662559509277,0.8833333333333333,0.2,0.8833333333333333,0.9
R04,B16,0.3,0.06694444444444445,0.06694444444444445,3.680996894836426,2.3019280433654785,2.2741596698760986,1.4638004302978516,0.85,0.7514160871505737,0.05,0.05,1.162867546081543,0.8833333333333333,0.0,0.0,0.016666666666666666
R04,B16,0.6,0.06694444444444445,0.06694444444444445,3.680996894836426,2.3019280433654785,2.2741596698760986,1.4638004302978516,0.9166666666666666,0.7514160871505737,0.05,0.05,1.686063289642334,0.8833333333333333,0.0,0.0,0.016666666666666666
R04,B16,0.9,0.06694444444444445,0.06694444444444445,3.680996894836426,2.3019280433654785,2.2741596698760986,1.4638004302978516,0.9166666666666666,0.7514160871505737,0.05,0.05,2.0277903079986572,0.8833333333333333,0.0,0.0,0.016666666666666666
R04,B17,0.3,0.06694444444444445,0.06694444444444445,3.680996894836426,2.3019280433654785,2.2741596698760986,1.4638004302978516,0.85,4.840716361999512,0.08333333333333333,0.06666666666666667,0.9154065847396851,0.8833333333333333,0.016666666666666666,0.016666666666666666,0.03333333333333333
R04,B17,0.6,0.06694444444444445,0.06694444444444445,3.680996894836426,2.3019280433654785,2.2741596698760986,1.4638004302978516,0.9166666666666666,4.840716361999512,0.08333333333333333,0.06666666666666667,1.3851890563964844,0.8833333333333333,0.016666666666666666,0.016666666666666666,0.03333333333333333
R04,B17,0.9,0.06694444444444445,0.06694444444444445,3.680996894836426,2.3019280433654785,2.2741596698760986,1.4638004302978516,0.9166666666666666,4.840716361999512,0.08333333333333333,0.06666666666666667,1.7035421133041382,0.8833333333333333,0.016666666666666666,0.016666666666666666,0.03333333333333333
R04,B18,0.3,0.06694444444444445,0.06694444444444445,3.680996894836426,2.3019280433654785,2.2741596698760986,1.4638004302978516,0.85,2.7414848804473877,0.03333333333333333,0.06666666666666667,0.9806026220321655,0.8833333333333333,0.0,0.0,0.016666666666666666
R04,B18,0.6,0.06694444444444445,0.06694444444444445,3.680996894836426,2.3019280433654785,2.2741596698760986,1.4638004302978516,0.9166666666666666,2.7414848804473877,0.03333333333333333,0.06666666666666667,1.4660581350326538,0.8833333333333333,0.0,0.0,0.016666666666666666
R04,B18,0.9,0.06694444444444445,0.06694444444444445,3.680996894836426,2.3019280433654785,2.2741596698760986,1.4638004302978516,0.9166666666666666,2.7414848804473877,0.03333333333333333,0.06666666666666667,1.791457176208496,0.8833333333333333,0.016666666666666666,0.8833333333333333,0.9
R04,B19,0.3,0.06694444444444445,0.06694444444444445,3.680996894836426,2.3019280433654785,2.2741596698760986,1.4638004302978516,0.85,1.9035989046096802,0.016666666666666666,0.05,0.10049886256456375,0.8833333333333333,0.016666666666666666,0.1,0.8166666666666667
R04,B19,0.6,0.06694444444444445,0.06694444444444445,3.680996894836426,2.3019280433654785,2.2741596698760986,1.4638004302978516,0.9166666666666666,1.9035989046096802,0.016666666666666666,0.05,0.19181367754936218,0.8833333333333333,0.016666666666666666,0.7666666666666667,0.9
R04,B19,0.9,0.06694444444444445,0.06694444444444445,3.680996894836426,2.3019280433654785,2.2741596698760986,1.4638004302978516,0.9166666666666666,1.9035989046096802,0.016666666666666666,0.05,0.27548331022262573,0.8833333333333333,0.016666666666666666,0.8833333333333333,0.9
R04,B20,0.3,0.06694444444444445,0.06694444444444445,3.680996894836426,2.3019280433654785,2.2741596698760986,1.4638004302978516,0.85,2.0149030685424805,0.06666666666666667,0.1,0.9517563581466675,0.8833333333333333,0.0,0.0,0.016666666666666666
R04,B20,0.6,0.06694444444444445,0.06694444444444445,3.680996894836426,2.3019280433654785,2.2741596698760986,1.4638004302978516,0.9166666666666666,2.0149030685424805,0.06666666666666667,0.1,1.4304333925247192,0.8833333333333333,0.0,0.0,0.016666666666666666
R04,B20,0.9,0.06694444444444445,0.06694444444444445,3.680996894836426,2.3019280433654785,2.2741596698760986,1.4638004302978516,0.9166666666666666,2.0149030685424805,0.06666666666666667,0.1,1.7528047561645508,0.8833333333333333,0.016666666666666666,0.8833333333333333,0.9
R04,B21,0.3,0.06694444444444445,0.06694444444444445,3.680996894836426,2.3019280433654785,2.2741596698760986,1.4638004302978516,0.85,2.436241388320923,0.21666666666666667,0.16666666666666666,2.9619967937469482,0.8833333333333333,0.05,0.05,0.06666666666666667
R04,B21,0.6,0.06694444444444445,0.06694444444444445,3.680996894836426,2.3019280433654785,2.2741596698760986,1.4638004302978516,0.9166666666666666,2.436241388320923,0.21666666666666667,0.16666666666666666,3.62894606590271,0.8833333333333333,0.08333333333333333,0.7666666666666667,0.9
R04,B21,0.9,0.06694444444444445,0.06694444444444445,3.680996894836426,2.3019280433654785,2.2741596698760986,1.4638004302978516,0.9166666666666666,2.436241388320923,0.21666666666666667,0.16666666666666666,4.025523662567139,0.8833333333333333,0.13333333333333333,0.8833333333333333,0.9
R04,B22,0.3,0.06694444444444445,0.06694444444444445,3.680996894836426,2.3019280433654785,2.2741596698760986,1.4638004302978516,0.85,0.712949812412262,0.016666666666666666,0.0,0.6652837991714478,0.9,0.0,0.0,0.016666666666666666
R04,B22,0.6,0.06694444444444445,0.06694444444444445,3.680996894836426,2.3019280433654785,2.2741596698760986,1.4638004302978516,0.9166666666666666,0.712949812412262,0.016666666666666666,0.0,1.0612859725952148,0.9,0.0,0.0,0.016666666666666666
R04,B22,0.9,0.06694444444444445,0.06694444444444445,3.680996894836426,2.3019280433654785,2.2741596698760986,1.4638004302978516,0.9166666666666666,0.712949812412262,0.016666666666666666,0.0,1.3442026376724243,0.9,0.016666666666666666,0.9,0.9166666666666666
R04,B23,0.3,0.06694444444444445,0.06694444444444445,3.680996894836426,2.3019280433654785,2.2741596698760986,1.4638004302978516,0.85,1.3190855979919434,0.016666666666666666,0.016666666666666666,0.0868791788816452,0.8833333333333333,0.0,0.0,0.016666666666666666
R04,B23,0.6,0.06694444444444445,0.06694444444444445,3.680996894836426,2.3019280433654785,2.2741596698760986,1.4638004302978516,0.9166666666666666,1.3190855979919434,0.016666666666666666,0.016666666666666666,0.16681000590324402,0.8833333333333333,0.0,0.0,0.016666666666666666
R04,B23,0.9,0.06694444444444445,0.06694444444444445,3.680996894836426,2.3019280433654785,2.2741596698760986,1.4638004302978516,0.9166666666666666,1.3190855979919434,0.016666666666666666,0.016666666666666666,0.24082207679748535,0.8833333333333333,0.0,0.0,0.016666666666666666
R04,B24,0.3,0.06694444444444445,0.06694444444444445,3.680996894836426,2.3019280433654785,2.2741596698760986,1.4638004302978516,0.85,2.40694522857666,0.0,0.1,0.0,0.0,0.0,0.0,0.016666666666666666
R04,B24,0.6,0.06694444444444445,0.06694444444444445,3.680996894836426,2.3019280433654785,2.2741596698760986,1.4638004302978516,0.9166666666666666,2.40694522857666,0.0,0.1,0.0,0.0,0.0,0.0,0.016666666666666666
R04,B24,0.9,0.06694444444444445,0.06694444444444445,3.680996894836426,2.3019280433654785,2.2741596698760986,1.4638004302978516,0.9166666666666666,2.40694522857666,0.0,0.1,0.0,0.0,0.0,0.0,0.016666666666666666
R04,B25,0.3,0.06694444444444445,0.06694444444444445,3.680996894836426,2.3019280433654785,2.2741596698760986,1.4638004302978516,0.85,0.783901572227478,0.0,0.0,0.0,0.0,0.0,0.0,0.016666666666666666
R04,B25,0.6,0.06694444444444445,0.06694444444444445,3.680996894836426,2.3019280433654785,2.2741596698760986,1.4638004302978516,0.9166666666666666,0.783901572227478,0.0,0.0,0.0,0.0,0.0,0.0,0.016666666666666666
R04,B25,0.9,0.06694444444444445,0.06694444444444445,3.680996894836426,2.3019280433654785,2.2741596698760986,1.4638004302978516,0.9166666666666666,0.783901572227478,0.0,0.0,0.0,0.0,0.0,0.0,0.016666666666666666
R04,B26,0.3,0.06694444444444445,0.06694444444444445,3.680996894836426,2.3019280433654785,2.2741596698760986,1.4638004302978516,0.85,2.1983351707458496,0.06666666666666667,0.03333333333333333,0.502816379070282,0.8833333333333333,0.0,0.0,0.016666666666666666
R04,B26,0.6,0.06694444444444445,0.06694444444444445,3.680996894836426,2.3019280433654785,2.2741596698760986,1.4638004302978516,0.9166666666666666,2.1983351707458496,0.06666666666666667,0.03333333333333333,0.8358363509178162,0.8833333333333333,0.0,0.0,0.016666666666666666
R04,B26,0.9,0.06694444444444445,0.06694444444444445,3.680996894836426,2.3019280433654785,2.2741596698760986,1.4638004302978516,0.9166666666666666,2.1983351707458496,0.06666666666666667,0.03333333333333333,1.085227608680725,0.8833333333333333,0.016666666666666666,0.8833333333333333,0.9
R04,B27,0.3,0.06694444444444445,0.06694444444444445,3.680996894836426,2.3019280433654785,2.2741596698760986,1.4638004302978516,0.85,0.8153648376464844,0.05,0.03333333333333333,1.0316812992095947,0.8833333333333333,0.016666666666666666,0.13333333333333333,0.8166666666666667
R04,B27,0.6,0.06694444444444445,0.06694444444444445,3.680996894836426,2.3019280433654785,2.2741596698760986,1.4638004302978516,0.9166666666666666,0.8153648376464844,0.05,0.03333333333333333,1.5285658836364746,0.8833333333333333,0.016666666666666666,0.7666666666666667,0.9
R04,B27,0.9,0.06694444444444445,0.06694444444444445,3.680996894836426,2.3019280433654785,2.2741596698760986,1.4638004302978516,0.9166666666666666,0.8153648376464844,0.05,0.03333333333333333,1.8590033054351807,0.8833333333333333,0.016666666666666666,0.8833333333333333,0.9
R04,B28,0.3,0.06694444444444445,0.06694444444444445,3.680996894836426,2.3019280433654785,2.2741596698760986,1.4638004302978516,0.85,1.915450930595398,0.05,0.03333333333333333,0.5642186999320984,0.8833333333333333,0.0,0.0,0.016666666666666666
R04,B28,0.6,0.06694444444444445,0.06694444444444445,3.680996894836426,2.3019280433654785,2.2741596698760986,1.4638004302978516,0.9166666666666666,1.915450930595398,0.05,0.03333333333333333,0.9227288961410522,0.8833333333333333,0.0,0.0,0.016666666666666666
R04,B28,0.9,0.06694444444444445,0.06694444444444445,3.680996894836426,2.3019280433654785,2.2741596698760986,1.4638004302978516,0.9166666666666666,1.915450930595398,0.05,0.03333333333333333,1.186079978942871,0.8833333333333333,0.0,0.0,0.016666666666666666
R04,B29,0.3,0.06694444444444445,0.06694444444444445,3.680996894836426,2.3019280433654785,2.2741596698760986,1.4638004302978516,0.85,1.3270750045776367,0.03333333333333333,0.03333333333333333,1.492311954498291,0.8833333333333333,0.0,0.0,0.016666666666666666
R04,B29,0.6,0.06694444444444445,0.06694444444444445,3.680996894836426,2.3019280433654785,2.2741596698760986,1.4638004302978516,0.9166666666666666,1.3270750045776367,0.03333333333333333,0.03333333333333333,2.0661957263946533,0.8833333333333333,0.016666666666666666,0.7666666666666667,0.9
R04,B29,0.9,0.06694444444444445,0.06694444444444445,3.680996894836426,2.3019280433654785,2.2741596698760986,1.4638004302978516,0.9166666666666666,1.3270750045776367,0.03333333333333333,0.03333333333333333,2.428521156311035,0.8833333333333333,0.016666666666666666,0.8833333333333333,0.9
R04,B30,0.3,0.06694444444444445,0.06694444444444445,3.680996894836426,2.3019280433654785,2.2741596698760986,1.4638004302978516,0.85,0.5766133666038513,0.05,0.05,3.5925307273864746,0.8833333333333333,0.03333333333333333,0.08333333333333333,0.8166666666666667
R04,B30,0.6,0.06694444444444445,0.06694444444444445,3.680996894836426,2.3019280433654785,2.2741596698760986,1.4638004302978516,0.9166666666666666,0.5766133666038513,0.05,0.05,4.271818161010742,0.8833333333333333,0.03333333333333333,0.7666666666666667,0.9
R04,B30,0.9,0.06694444444444445,0.06694444444444445,3.680996894836426,2.3019280433654785,2.2741596698760986,1.4638004302978516,0.9166666666666666,0.5766133666038513,0.05,0.05,4.6726202964782715,0.8833333333333333,0.05,0.8833333333333333,0.9
R04,B31,0.3,0.06694444444444445,0.06694444444444445,3.680996894836426,2.3019280433654785,2.2741596698760986,1.4638004302978516,0.85,3.335413694381714,0.25,0.16666666666666666,3.549750804901123,0.8833333333333333,0.13333333333333333,0.36666666666666664,0.8166666666666667
R04,B31,0.6,0.06694444444444445,0.06694444444444445,3.680996894836426,2.3019280433654785,2.2741596698760986,1.4638004302978516,0.9166666666666666,3.335413694381714,0.25,0.16666666666666666,4.228427886962891,0.8833333333333333,0.13333333333333333,0.7666666666666667,0.9
R04,B31,0.9,0.06694444444444445,0.06694444444444445,3.680996894836426,2.3019280433654785,2.2741596698760986,1.4638004302978516,0.9166666666666666,3.335413694381714,0.25,0.16666666666666666,4.629022598266602,0.8833333333333333,0.15,0.8833333333333333,0.9
R04,B32,0.3,0.06694444444444445,0.06694444444444445,3.680996894836426,2.3019280433654785,2.2741596698760986,1.4638004302978516,0.85,2.220289945602417,0.15,0.15,2.9621548652648926,0.8833333333333333,0.05,0.13333333333333333,0.8166666666666667
R04,B32,0.6,0.06694444444444445,0.06694444444444445,3.680996894836426,2.3019280433654785,2.2741596698760986,1.4638004302978516,0.9166666666666666,2.220289945602417,0.15,0.15,3.629108428955078,0.8833333333333333,0.08333333333333333,0.7666666666666667,0.9
R04,B32,0.9,0.06694444444444445,0.06694444444444445,3.680996894836426,2.3019280433654785,2.2741596698760986,1.4638004302978516,0.9166666666666666,2.220289945602417,0.15,0.15,4.0256876945495605,0.8833333333333333,0.08333333333333333,0.8833333333333333,0.9
R04,B33,0.3,0.06694444444444445,0.06694444444444445,3.680996894836426,2.3019280433654785,2.2741596698760986,1.4638004302978516,0.85,3.485844850540161,0.08333333333333333,0.06666666666666667,0.6967666745185852,0.8833333333333333,0.0,0.0,0.016666666666666666
R04,B33,0.6,0.06694444444444445,0.06694444444444445,3.680996894836426,2.3019280433654785,2.2741596698760986,1.4638004302978516,0.9166666666666666,3.485844850540161,0.08333333333333333,0.06666666666666667,1.1034353971481323,0.8833333333333333,0.016666666666666666,0.7666666666666667,0.9
R04,B33,0.9,0.06694444444444445,0.06694444444444445,3.680996894836426,2.3019280433654785,2.2741596698760986,1.4638004302978516,0.9166666666666666,3.485844850540161,0.08333333333333333,0.06666666666666667,1.3917186260223389,0.8833333333333333,0.016666666666666666,0.8833333333333333,0.9
R04,B34,0.3,0.06694444444444445,0.06694444444444445,3.680996894836426,2.3019280433654785,2.2741596698760986,1.4638004302978516,0.85,1.1474025249481201,0.06666666666666667,0.016666666666666666,0.9525433778762817,0.8833333333333333,0.0,0.0,0.016666666666666666
R04,B34,0.6,0.06694444444444445,0.06694444444444445,3.680996894836426,2.3019280433654785,2.2741596698760986,1.4638004302978516,0.9166666666666666,1.1474025249481201,0.06666666666666667,0.016666666666666666,1.4314085245132446,0.8833333333333333,0.03333333333333333,0.7666666666666667,0.9
R04,B34,0.9,0.06694444444444445,0.06694444444444445,3.680996894836426,2.3019280433654785,2.2741596698760986,1.4638004302978516,0.9166666666666666,1.1474025249481201,0.06666666666666667,0.016666666666666666,1.7538642883300781,0.8833333333333333,0.03333333333333333,0.8833333333333333,0.9
R04,B35,0.3,0.06694444444444445,0.06694444444444445,3.680996894836426,2.3019280433654785,2.2741596698760986,1.4638004302978516,0.85,1.9300711154937744,0.0,0.05,0.0,0.0,0.0,0.0,0.016666666666666666
R04,B35,0.6,0.06694444444444445,0.06694444444444445,3.680996894836426,2.3019280433654785,2.2741596698760986,1.4638004302978516,0.9166666666666666,1.9300711154937744,0.0,0.05,0.0,0.0,0.0,0.0,0.016666666666666666
R04,B35,0.9,0.06694444444444445,0.06694444444444445,3.680996894836426,2.3019280433654785,2.2741596698760986,1.4638004302978516,0.9166666666666666,1.9300711154937744,0.0,0.05,0.0,0.0,0.0,0.0,0.016666666666666666
R04,B36,0.3,0.06694444444444445,0.06694444444444445,3.680996894836426,2.3019280433654785,2.2741596698760986,1.4638004302978516,0.85,3.908015012741089,0.06666666666666667,0.06666666666666667,1.3884167671203613,0.8833333333333333,0.0,0.0,0.016666666666666666
R04,B36,0.6,0.06694444444444445,0.06694444444444445,3.680996894836426,2.3019280433654785,2.2741596698760986,1.4638004302978516,0.9166666666666666,3.908015012741089,0.06666666666666667,0.06666666666666667,1.9483354091644287,0.8833333333333333,0.016666666666666666,0.7666666666666667,0.9
R04,B36,0.9,0.06694444444444445,0.06694444444444445,3.680996894836426,2.3019280433654785,2.2741596698760986,1.4638004302978516,0.9166666666666666,3.908015012741089,0.06666666666666667,0.06666666666666667,2.305131435394287,0.8833333333333333,0.016666666666666666,0.8833333333333333,0.9
R04,B37,0.3,0.06694444444444445,0.06694444444444445,3.680996894836426,2.3019280433654785,2.2741596698760986,1.4638004302978516,0.85,2.641197919845581,0.15,0.18333333333333332,2.047374963760376,0.8833333333333333,0.03333333333333333,0.03333333333333333,0.05
R04,B37,0.6,0.06694444444444445,0.06694444444444445,3.680996894836426,2.3019280433654785,2.2741596698760986,1.4638004302978516,0.9166666666666666,2.641197919845581,0.15,0.18333333333333332,2.6738088130950928,0.8833333333333333,0.05,0.7666666666666667,0.9
R04,B37,0.9,0.06694444444444445,0.06694444444444445,3.680996894836426,2.3019280433654785,2.2741596698760986,1.4638004302978516,0.9166666666666666,2.641197919845581,0.15,0.18333333333333332,3.056008815765381,0.8833333333333333,0.08333333333333333,0.8833333333333333,0.9
R04,B38,0.3,0.06694444444444445,0.06694444444444445,3.680996894836426,2.3019280433654785,2.2741596698760986,1.4638004302978516,0.85,2.97450852394104,0.21666666666666667,0.25,3.3079590797424316,0.8833333333333333,0.05,0.05,0.06666666666666667
R04,B38,0.6,0.06694444444444445,0.06694444444444445,3.680996894836426,2.3019280433654785,2.2741596698760986,1.4638004302978516,0.9166666666666666,2.97450852394104,0.21666666666666667,0.25,3.9826414585113525,0.8833333333333333,0.13333333333333333,0.7666666666666667,0.9
R04,B38,0.9,0.06694444444444445,0.06694444444444445,3.680996894836426,2.3019280433654785,2.2741596698760986,1.4638004302978516,0.9166666666666666,2.97450852394104,0.21666666666666667,0.25,4.381875038146973,0.8833333333333333,0.16666666666666666,0.8833333333333333,0.9
R04,B39,0.3,0.06694444444444445,0.06694444444444445,3.680996894836426,2.3019280433654785,2.2741596698760986,1.4638004302978516,0.85,2.649714708328247,0.016666666666666666,0.03333333333333333,0.23519529402256012,0.8833333333333333,0.0,0.0,0.016666666666666666
R04,B39,0.6,0.06694444444444445,0.06694444444444445,3.680996894836426,2.3019280433654785,2.2741596698760986,1.4638004302978516,0.9166666666666666,2.649714708328247,0.016666666666666666,0.03333333333333333,0.42547139525413513,0.8833333333333333,0.0,0.0,0.016666666666666666
R04,B39,0.9,0.06694444444444445,0.06694444444444445,3.680996894836426,2.3019280433654785,2.2741596698760986,1.4638004302978516,0.9166666666666666,2.649714708328247,0.016666666666666666,0.03333333333333333,0.5852653980255127,0.8833333333333333,0.016666666666666666,0.016666666666666666,0.03333333333333333
R04,B40,0.3,0.06694444444444445,0.06694444444444445,3.680996894836426,2.3019280433654785,2.2741596698760986,1.4638004302978516,0.85,1.2641266584396362,0.0,0.0,0.0,0.0,0.0,0.0,0.016666666666666666
R04,B40,0.6,0.06694444444444445,0.06694444444444445,3.680996894836426,2.3019280433654785,2.2741596698760986,1.4638004302978516,0.9166666666666666,1.2641266584396362,0.0,0.0,0.0,0.0,0.0,0.0,0.016666666666666666
R04,B40,0.9,0.06694444444444445,0.06694444444444445,3.680996894836426,2.3019280433654785,2.2741596698760986,1.4638004302978516,0.9166666666666666,1.2641266584396362,0.0,0.0,0.0,0.0,0.0,0.0,0.016666666666666666
R04,B41,0.3,0.06694444444444445,0.06694444444444445,3.680996894836426,2.3019280433654785,2.2741596698760986,1.4638004302978516,0.85,2.832624912261963,0.06666666666666667,0.08333333333333333,0.7382343411445618,0.8833333333333333,0.0,0.0,0.016666666666666666
R04,B41,0.6,0.06694444444444445,0.06694444444444445,3.680996894836426,2.3019280433654785,2.2741596698760986,1.4638004302978516,0.9166666666666666,2.832624912261963,0.06666666666666667,0.08333333333333333,1.158287763595581,0.8833333333333333,0.0,0.0,0.016666666666666666
R04,B41,0.9,0.06694444444444445,0.06694444444444445,3.680996894836426,2.3019280433654785,2.2741596698760986,1.4638004302978516,0.9166666666666666,2.832624912261963,0.06666666666666667,0.08333333333333333,1.453184962272644,0.8833333333333333,0.0,0.0,0.016666666666666666
R04,B42,0.3,0.06694444444444445,0.06694444444444445,3.680996894836426,2.3019280433654785,2.2741596698760986,1.4638004302978516,0.85,3.996915578842163,0.16666666666666666,0.2,1.8916774988174438,0.8833333333333333,0.016666666666666666,0.08333333333333333,0.8166666666666667
R04,B42,0.6,0.06694444444444445,0.06694444444444445,3.680996894836426,2.3019280433654785,2.2741596698760986,1.4638004302978516,0.9166666666666666,3.996915578842163,0.16666666666666666,0.2,2.506420612335205,0.8833333333333333,0.03333333333333333,0.7666666666666667,0.9
R04,B42,0.9,0.06694444444444445,0.06694444444444445,3.680996894836426,2.3019280433654785,2.2741596698760986,1.4638004302978516,0.9166666666666666,3.996915578842163,0.16666666666666666,0.2,2.8843226432800293,0.8833333333333333,0.08333333333333333,0.8833333333333333,0.9
R04,B43,0.3,0.06694444444444445,0.06694444444444445,3.680996894836426,2.3019280433654785,2.2741596698760986,1.4638004302978516,0.85,2.3542282581329346,0.06666666666666667,0.06666666666666667,1.5357639789581299,0.8833333333333333,0.03333333333333333,0.08333333333333333,0.1
R04,B43,0.6,0.06694444444444445,0.06694444444444445,3.680996894836426,2.3019280433654785,2.2741596698760986,1.4638004302978516,0.9166666666666666,2.3542282581329346,0.06666666666666667,0.06666666666666667,2.1150193214416504,0.8833333333333333,0.03333333333333333,0.7666666666666667,0.9
R04,B43,0.9,0.06694444444444445,0.06694444444444445,3.680996894836426,2.3019280433654785,2.2741596698760986,1.4638004302978516,0.9166666666666666,2.3542282581329346,0.06666666666666667,0.06666666666666667,2.479443311691284,0.8833333333333333,0.05,0.8833333333333333,0.9
R04,B44,0.3,0.06694444444444445,0.06694444444444445,3.680996894836426,2.3019280433654785,2.2741596698760986,1.4638004302978516,0.85,2.729159116744995,0.016666666666666666,0.016666666666666666,0.292881041765213,0.8833333333333333,0.0,0.0,0.016666666666666666
R04,B44,0.6,0.06694444444444445,0.06694444444444445,3.680996894836426,2.3019280433654785,2.2741596698760986,1.4638004302978516,0.9166666666666666,2.729159116744995,0.016666666666666666,0.016666666666666666,0.519131064414978,0.8833333333333333,0.0,0.0,0.016666666666666666
R04,B44,0.9,0.06694444444444445,0.06694444444444445,3.680996894836426,2.3019280433654785,2.2741596698760986,1.4638004302978516,0.9166666666666666,2.729159116744995,0.016666666666666666,0.016666666666666666,0.7035181522369385,0.8833333333333333,0.0,0.0,0.016666666666666666
R04,B45,0.3,0.06694444444444445,0.06694444444444445,3.680996894836426,2.3019280433654785,2.2741596698760986,1.4638004302978516,0.85,2.2762410640716553,0.03333333333333333,0.03333333333333333,0.43717607855796814,0.8833333333333333,0.0,0.0,0.016666666666666666
R04,B45,0.6,0.06694444444444445,0.06694444444444445,3.680996894836426,2.3019280433654785,2.2741596698760986,1.4638004302978516,0.9166666666666666,2.2762410640716553,0.03333333333333333,0.03333333333333333,0.7403443455696106,0.8833333333333333,0.016666666666666666,0.7666666666666667,0.9
R04,B45,0.9,0.06694444444444445,0.06694444444444445,3.680996894836426,2.3019280433654785,2.2741596698760986,1.4638004302978516,0.9166666666666666,2.2762410640716553,0.03333333333333333,0.03333333333333333,0.9726657271385193,0.8833333333333333,0.016666666666666666,0.8833333333333333,0.9
R04,B46,0.3,0.06694444444444445,0.06694444444444445,3.680996894836426,2.3019280433654785,2.2741596698760986,1.4638004302978516,0.85,2.641197919845581,0.05,0.05,0.7466477155685425,0.8833333333333333,0.0,0.0,0.016666666666666666
R04,B46,0.6,0.06694444444444445,0.06694444444444445,3.680996894836426,2.3019280433654785,2.2741596698760986,1.4638004302978516,0.9166666666666666,2.641197919845581,0.05,0.05,1.1693286895751953,0.8833333333333333,0.016666666666666666,0.7666666666666667,0.9
R04,B46,0.9,0.06694444444444445,0.06694444444444445,3.680996894836426,2.3019280433654785,2.2741596698760986,1.4638004302978516,0.9166666666666666,2.641197919845581,0.05,0.05,1.4655086994171143,0.8833333333333333,0.016666666666666666,0.8833333333333333,0.9
R04,B47,0.3,0.06694444444444445,0.06694444444444445,3.680996894836426,2.3019280433654785,2.2741596698760986,1.4638004302978516,0.85,4.247637748718262,0.016666666666666666,0.05,0.14175528287887573,0.8833333333333333,0.0,0.0,0.016666666666666666
R04,B47,0.6,0.06694444444444445,0.06694444444444445,3.680996894836426,2.3019280433654785,2.2741596698760986,1.4638004302978516,0.9166666666666666,4.247637748718262,0.016666666666666666,0.05,0.2658882439136505,0.8833333333333333,0.0,0.0,0.016666666666666666
R04,B47,0.9,0.06694444444444445,0.06694444444444445,3.680996894836426,2.3019280433654785,2.2741596698760986,1.4638004302978516,0.9166666666666666,4.247637748718262,0.016666666666666666,0.05,0.37629982829093933,0.8833333333333333,0.0,0.0,0.016666666666666666
R04,B48,0.3,0.06694444444444445,0.06694444444444445,3.680996894836426,2.3019280433654785,2.2741596698760986,1.4638004302978516,0.85,1.724550724029541,0.06666666666666667,0.05,1.8311798572540283,0.8833333333333333,0.016666666666666666,0.03333333333333333,0.05
R04,B48,0.6,0.06694444444444445,0.06694444444444445,3.680996894836426,2.3019280433654785,2.2741596698760986,1.4638004302978516,0.9166666666666666,1.724550724029541,0.06666666666666667,0.05,2.440823554992676,0.8833333333333333,0.016666666666666666,0.7666666666666667,0.9
R04,B48,0.9,0.06694444444444445,0.06694444444444445,3.680996894836426,2.3019280433654785,2.2741596698760986,1.4638004302978516,0.9166666666666666,1.724550724029541,0.06666666666666667,0.05,2.816829204559326,0.8833333333333333,0.05,0.8833333333333333,0.9
R04,B49,0.3,0.06694444444444445,0.06694444444444445,3.680996894836426,2.3019280433654785,2.2741596698760986,1.4638004302978516,0.85,2.3005831241607666,0.016666666666666666,0.03333333333333333,0.6344011425971985,0.8833333333333333,0.0,0.0,0.016666666666666666
R04,B49,0.6,0.06694444444444445,0.06694444444444445,3.680996894836426,2.3019280433654785,2.2741596698760986,1.4638004302978516,0.9166666666666666,2.3005831241607666,0.016666666666666666,0.03333333333333333,1.01949143409729,0.8833333333333333,0.016666666666666666,0.7666666666666667,0.9
R04,B49,0.9,0.06694444444444445,0.06694444444444445,3.680996894836426,2.3019280433654785,2.2741596698760986,1.4638004302978516,0.9166666666666666,2.3005831241607666,0.016666666666666666,0.03333333333333333,1.296828269958496,0.8833333333333333,0.016666666666666666,0.8833333333333333,0.9
R04,B50,0.3,0.06694444444444445,0.06694444444444445,3.680996894836426,2.3019280433654785,2.2741596698760986,1.4638004302978516,0.85,4.699297904968262,0.03333333333333333,0.03333333333333333,1.1093943119049072,0.8833333333333333,0.0,0.0,0.016666666666666666
R04,B50,0.6,0.06694444444444445,0.06694444444444445,3.680996894836426,2.3019280433654785,2.2741596698760986,1.4638004302978516,0.9166666666666666,4.699297904968262,0.03333333333333333,0.03333333333333333,1.622362494468689,0.8833333333333333,0.03333333333333333,0.7666666666666667,0.9
R04,B50,0.9,0.06694444444444445,0.06694444444444445,3.680996894836426,2.3019280433654785,2.2741596698760986,1.4638004302978516,0.9166666666666666,4.699297904968262,0.03333333333333333,0.03333333333333333,1.9597516059875488,0.8833333333333333,0.03333333333333333,0.8833333333333333,0.9
R04,B51,0.3,0.06694444444444445,0.06694444444444445,3.680996894836426,2.3019280433654785,2.2741596698760986,1.4638004302978516,0.85,0.7514160871505737,0.06666666666666667,0.016666666666666666,0.7284377813339233,0.9,0.0,0.0,0.016666666666666666
R04,B51,0.6,0.06694444444444445,0.06694444444444445,3.680996894836426,2.3019280433654785,2.2741596698760986,1.4638004302978516,0.9166666666666666,0.7514160871505737,0.06666666666666667,0.016666666666666666,1.1453949213027954,0.9,0.0,0.0,0.016666666666666666
R04,B51,0.9,0.06694444444444445,0.06694444444444445,3.680996894836426,2.3019280433654785,2.2741596698760986,1.4638004302978516,0.9166666666666666,0.7514160871505737,0.06666666666666667,0.016666666666666666,1.4387738704681396,0.9,0.016666666666666666,0.9,0.9166666666666666
R04,B52,0.3,0.06694444444444445,0.06694444444444445,3.680996894836426,2.3019280433654785,2.2741596698760986,1.4638004302978516,0.85,2.7978909015655518,0.03333333333333333,0.05,0.5865899324417114,0.8833333333333333,0.0,0.0,0.016666666666666666
R04,B52,0.6,0.06694444444444445,0.06694444444444445,3.680996894836426,2.3019280433654785,2.2741596698760986,1.4638004302978516,0.9166666666666666,2.7978909015655518,0.03333333333333333,0.05,0.9538540244102478,0.8833333333333333,0.0,0.0,0.016666666666666666
R04,B52,0.9,0.06694444444444445,0.06694444444444445,3.680996894836426,2.3019280433654785,2.2741596698760986,1.4638004302978516,0.9166666666666666,2.7978909015655518,0.03333333333333333,0.05,1.2218739986419678,0.8833333333333333,0.0,0.0,0.016666666666666666
R04,B53,0.3,0.06694444444444445,0.06694444444444445,3.680996894836426,2.3019280433654785,2.2741596698760986,1.4638004302978516,0.85,2.406043767929077,0.03333333333333333,0.03333333333333333,0.36196407675743103,0.8833333333333333,0.0,0.0,0.016666666666666666
R04,B53,0.6,0.06694444444444445,0.06694444444444445,3.680996894836426,2.3019280433654785,2.2741596698760986,1.4638004302978516,0.9166666666666666,2.406043767929077,0.03333333333333333,0.03333333333333333,0.6271647810935974,0.8833333333333333,0.016666666666666666,0.7666666666666667,0.9
R04,B53,0.9,0.06694444444444445,0.06694444444444445,3.680996894836426,2.3019280433654785,2.2741596698760986,1.4638004302978516,0.9166666666666666,2.406043767929077,0.03333333333333333,0.03333333333333333,0.8365728259086609,0.8833333333333333,0.016666666666666666,0.8833333333333333,0.9
R04,B54,0.3,0.06694444444444445,0.06694444444444445,3.680996894836426,2.3019280433654785,2.2741596698760986,1.4638004302978516,0.85,1.376244068145752,0.06666666666666667,0.03333333333333333,1.6327118873596191,0.8833333333333333,0.016666666666666666,0.016666666666666666,0.03333333333333333
R04,B54,0.6,0.06694444444444445,0.06694444444444445,3.680996894836426,2.3019280433654785,2.2741596698760986,1.4638004302978516,0.9166666666666666,1.376244068145752,0.06666666666666667,0.03333333333333333,2.2230513095855713,0.8833333333333333,0.03333333333333333,0.7666666666666667,0.9
R04,B54,0.9,0.06694444444444445,0.06694444444444445,3.680996894836426,2.3019280433654785,2.2741596698760986,1.4638004302978516,0.9166666666666666,1.376244068145752,0.06666666666666667,0.03333333333333333,2.5917561054229736,0.8833333333333333,0.05,0.8833333333333333,0.9
R04,B55,0.3,0.06694444444444445,0.06694444444444445,3.680996894836426,2.3019280433654785,2.2741596698760986,1.4638004302978516,0.85,1.0331844091415405,0.06666666666666667,0.03333333333333333,1.713945984840393,0.8833333333333333,0.0,0.0,0.016666666666666666
R04,B55,0.6,0.06694444444444445,0.06694444444444445,3.680996894836426,2.3019280433654785,2.2741596698760986,1.4638004302978516,0.9166666666666666,1.0331844091415405,0.06666666666666667,0.03333333333333333,2.3126981258392334,0.8833333333333333,0.016666666666666666,0.7666666666666667,0.9
R04,B55,0.9,0.06694444444444445,0.06694444444444445,3.680996894836426,2.3019280433654785,2.2741596698760986,1.4638004302978516,0.9166666666666666,1.0331844091415405,0.06666666666666667,0.03333333333333333,2.6846084594726562,0.8833333333333333,0.016666666666666666,0.8833333333333333,0.9
R04,B56,0.3,0.06694444444444445,0.06694444444444445,3.680996894836426,2.3019280433654785,2.2741596698760986,1.4638004302978516,0.85,1.302912712097168,0.05,0.03333333333333333,2.3284902572631836,0.8833333333333333,0.016666666666666666,0.13333333333333333,0.8166666666666667
R04,B56,0.6,0.06694444444444445,0.06694444444444445,3.680996894836426,2.3019280433654785,2.2741596698760986,1.4638004302978516,0.9166666666666666,1.302912712097168,0.05,0.03333333333333333,2.971689224243164,0.8833333333333333,0.016666666666666666,0.7666666666666667,0.9
R04,B56,0.9,0.06694444444444445,0.06694444444444445,3.680996894836426,2.3019280433654785,2.2741596698760986,1.4638004302978516,0.9166666666666666,1.302912712097168,0.05,0.03333333333333333,3.3599345684051514,0.8833333333333333,0.03333333333333333,0.8833333333333333,0.9
R04,B57,0.3,0.06694444444444445,0.06694444444444445,3.680996894836426,2.3019280433654785,2.2741596698760986,1.4638004302978516,0.85,3.6793339252471924,0.23333333333333334,0.25,2.6181111335754395,0.8833333333333333,0.03333333333333333,0.05,0.06666666666666667
R04,B57,0.6,0.06694444444444445,0.06694444444444445,3.680996894836426,2.3019280433654785,2.2741596698760986,1.4638004302978516,0.9166666666666666,3.6793339252471924,0.23333333333333334,0.25,3.27410626411438,0.8833333333333333,0.15,0.7666666666666667,0.9
R04,B57,0.9,0.06694444444444445,0.06694444444444445,3.680996894836426,2.3019280433654785,2.2741596698760986,1.4638004302978516,0.9166666666666666,3.6793339252471924,0.23333333333333334,0.25,3.6668741703033447,0.8833333333333333,0.16666666666666666,0.8833333333333333,0.9
R04,B58,0.3,0.06694444444444445,0.06694444444444445,3.680996894836426,2.3019280433654785,2.2741596698760986,1.4638004302978516,0.85,2.9632091522216797,0.05,0.05,0.39089298248291016,0.8833333333333333,0.0,0.0,0.016666666666666666
R04,B58,0.6,0.06694444444444445,0.06694444444444445,3.680996894836426,2.3019280433654785,2.2741596698760986,1.4638004302978516,0.9166666666666666,2.9632091522216797,0.05,0.05,0.6712085604667664,0.8833333333333333,0.016666666666666666,0.7666666666666667,0.9
R04,B58,0.9,0.06694444444444445,0.06694444444444445,3.680996894836426,2.3019280433654785,2.2741596698760986,1.4638004302978516,0.9166666666666666,2.9632091522216797,0.05,0.05,0.8899059891700745,0.8833333333333333,0.016666666666666666,0.8833333333333333,0.9
R04,B59,0.3,0.06694444444444445,0.06694444444444445,3.680996894836426,2.3019280433654785,2.2741596698760986,1.4638004302978516,0.85,1.7900913953781128,0.016666666666666666,0.03333333333333333,0.22194170951843262,0.8833333333333333,0.0,0.0,0.016666666666666666
R04,B59,0.6,0.06694444444444445,0.06694444444444445,3.680996894836426,2.3019280433654785,2.2741596698760986,1.4638004302978516,0.9166666666666666,1.7900913953781128,0.016666666666666666,0.03333333333333333,0.403461217880249,0.8833333333333333,0.0,0.0,0.016666666666666666
R04,B59,0.9,0.06694444444444445,0.06694444444444445,3.680996894836426,2.3019280433654785,2.2741596698760986,1.4638004302978516,0.9166666666666666,1.7900913953781128,0.016666666666666666,0.03333333333333333,0.5570386052131653,0.8833333333333333,0.0,0.0,0.016666666666666666
R04,B60,0.3,0.06694444444444445,0.06694444444444445,3.680996894836426,2.3019280433654785,2.2741596698760986,1.4638004302978516,0.85,4.537212371826172,0.05,0.05,1.5526727437973022,0.8833333333333333,0.016666666666666666,0.016666666666666666,0.03333333333333333
R04,B60,0.6,0.06694444444444445,0.06694444444444445,3.680996894836426,2.3019280433654785,2.2741596698760986,1.4638004302978516,0.9166666666666666,4.537212371826172,0.05,0.05,2.133948564529419,0.8833333333333333,0.05,0.7666666666666667,0.9
R04,B60,0.9,0.06694444444444445,0.06694444444444445,3.680996894836426,2.3019280433654785,2.2741596698760986,1.4638004302978516,0.9166666666666666,4.537212371826172,0.05,0.05,2.4991579055786133,0.8833333333333333,0.05,0.8833333333333333,0.9
R05,B01,0.3,0.04416666666666667,0.04416666666666667,4.122054576873779,1.781925916671753,2.6012845039367676,1.684915542602539,0.43333333333333335,5.645305633544922,0.26666666666666666,0.43333333333333335,3.628350257873535,0.6333333333333333,0.06666666666666667,0.06666666666666667,0.08333333333333333
R05,B01,0.6,0.04416666666666667,0.04416666666666667,4.122054576873779,1.781925916671753,2.6012845039367676,1.684915542602539,0.6333333333333333,5.645305633544922,0.26666666666666666,0.43333333333333335,4.308128356933594,0.6333333333333333,0.15,0.15,0.6333333333333333
R05,B01,0.9,0.04416666666666667,0.04416666666666667,4.122054576873779,1.781925916671753,2.6012845039367676,1.684915542602539,0.6333333333333333,5.645305633544922,0.26666666666666666,0.43333333333333335,4.709097385406494,0.6333333333333333,0.16666666666666666,0.16666666666666666,0.6333333333333333
R05,B02,0.3,0.04416666666666667,0.04416666666666667,4.122054576873779,1.781925916671753,2.6012845039367676,1.684915542602539,0.43333333333333335,4.534211158752441,0.0,0.03333333333333333,0.0,0.0,0.0,0.0,0.016666666666666666
R05,B02,0.6,0.04416666666666667,0.04416666666666667,4.122054576873779,1.781925916671753,2.6012845039367676,1.684915542602539,0.6333333333333333,4.534211158752441,0.0,0.03333333333333333,0.0,0.0,0.0,0.0,0.016666666666666666
R05,B02,0.9,0.04416666666666667,0.04416666666666667,4.122054576873779,1.781925916671753,2.6012845039367676,1.684915542602539,0.6333333333333333,4.534211158752441,0.0,0.03333333333333333,0.0,0.0,0.0,0.0,0.016666666666666666
R05,B03,0.3,0.04416666666666667,0.04416666666666667,4.122054576873779,1.781925916671753,2.6012845039367676,1.684915542602539,0.43333333333333335,3.76213002204895,0.05,0.03333333333333333,2.540433406829834,0.6333333333333333,0.016666666666666666,0.03333333333333333,0.05
R05,B03,0.6,0.04416666666666667,0.04416666666666667,4.122054576873779,1.781925916671753,2.6012845039367676,1.684915542602539,0.6333333333333333,3.76213002204895,0.05,0.03333333333333333,3.193366527557373,0.6333333333333333,0.016666666666666666,0.3333333333333333,0.48333333333333334
R05,B03,0.9,0.04416666666666667,0.04416666666666667,4.122054576873779,1.781925916671753,2.6012845039367676,1.684915542602539,0.6333333333333333,3.76213002204895,0.05,0.03333333333333333,3.585059404373169,0.6333333333333333,0.016666666666666666,0.48333333333333334,0.5
R05,B04,0.3,0.04416666666666667,0.04416666666666667,4.122054576873779,1.781925916671753,2.6012845039367676,1.684915542602539,0.43333333333333335,0.9745596051216125,0.016666666666666666,0.0,3.089553117752075,0.65,0.016666666666666666,0.05,0.06666666666666667
R05,B04,0.6,0.04416666666666667,0.04416666666666667,4.122054576873779,1.781925916671753,2.6012845039367676,1.684915542602539,0.6333333333333333,0.9745596051216125,0.016666666666666666,0.0,3.759675979614258,0.65,0.016666666666666666,0.08333333333333333,0.1
R05,B04,0.9,0.04416666666666667,0.04416666666666667,4.122054576873779,1.781925916671753,2.6012845039367676,1.684915542602539,0.6333333333333333,0.9745596051216125,0.016666666666666666,0.0,4.157347202301025,0.65,0.016666666666666666,0.1,0.11666666666666667
R05,B05,0.3,0.04416666666666667,0.04416666666666667,4.122054576873779,1.781925916671753,2.6012845039367676,1.684915542602539,0.43333333333333335,1.6826883554458618,0.016666666666666666,0.016666666666666666,1.2488105297088623,0.6333333333333333,0.0,0.0,0.016666666666666666
R05,B05,0.6,0.04416666666666667,0.04416666666666667,4.122054576873779,1.781925916671753,2.6012845039367676,1.684915542602539,0.6333333333333333,1.6826883554458618,0.016666666666666666,0.016666666666666666,1.787146806716919,0.6333333333333333,0.0,0.0,0.016666666666666666
R05,B05,0.9,0.04416666666666667,0.04416666666666667,4.122054576873779,1.781925916671753,2.6012845039367676,1.684915542602539,0.6333333333333333,1.6826883554458618,0.016666666666666666,0.016666666666666666,2.135181427001953,0.6333333333333333,0.0,0.0,0.016666666666666666
R05,B06,0.3,0.04416666666666667,0.04416666666666667,4.122054576873779,1.781925916671753,2.6012845039367676,1.684915542602539,0.43333333333333335,1.916922688484192,0.016666666666666666,0.03333333333333333,1.0832271575927734,0.6333333333333333,0.0,0.0,0.016666666666666666
R05,B06,0.6,0.04416666666666667,0.04416666666666667,4.122054576873779,1.781925916671753,2.6012845039367676,1.684915542602539,0.6333333333333333,1.916922688484192,0.016666666666666666,0.03333333333333333,1.590947151184082,0.6333333333333333,0.0,0.0,0.016666666666666666
R05,B06,0.9,0.04416666666666667,0.04416666666666667,4.122054576873779,1.781925916671753,2.6012845039367676,1.684915542602539,0.6333333333333333,1.916922688484192,0.016666666666666666,0.03333333333333333,1.926085352897644,0.6333333333333333,0.0,0.0,0.016666666666666666
R05,B07,0.3,0.04416666666666667,0.04416666666666667,4.122054576873779,1.781925916671753,2.6012845039367676,1.684915542602539,0.43333333333333335,0.4946962296962738,0.016666666666666666,0.0,0.6357966661453247,0.65,0.0,0.0,0.016666666666666666
R05,B07,0.6,0.04416666666666667,0.04416666666666667,4.122054576873779,1.781925916671753,2.6012845039367676,1.684915542602539,0.6333333333333333,0.4946962296962738,0.016666666666666666,0.0,1.0213900804519653,0.65,0.0,0.0,0.016666666666666666
R05,B07,0.9,0.04416666666666667,0.04416666666666667,4.122054576873779,1.781925916671753,2.6012845039367676,1.684915542602539,0.6333333333333333,0.4946962296962738,0.016666666666666666,0.0,1.2989860773086548,0.65,0.0,0.0,0.016666666666666666
R05,B08,0.3,0.04416666666666667,0.04416666666666667,4.122054576873779,1.781925916671753,2.6012845039367676,1.684915542602539,0.43333333333333335,1.9021074771881104,0.05,0.016666666666666666,2.1755783557891846,0.6333333333333333,0.0,0.0,0.016666666666666666
R05,B08,0.6,0.04416666666666667,0.04416666666666667,4.122054576873779,1.781925916671753,2.6012845039367676,1.684915542602539,0.6333333333333333,1.9021074771881104,0.05,0.016666666666666666,2.810279130935669,0.6333333333333333,0.016666666666666666,0.08333333333333333,0.1
R05,B08,0.9,0.04416666666666667,0.04416666666666667,4.122054576873779,1.781925916671753,2.6012845039367676,1.684915542602539,0.6333333333333333,1.9021074771881104,0.05,0.016666666666666666,3.195477247238159,0.6333333333333333,0.016666666666666666,0.23333333333333334,0.5
R05,B09,0.3,0.04416666666666667,0.04416666666666667,4.122054576873779,1.781925916671753,2.6012845039367676,1.684915542602539,0.43333333333333335,3.0291671752929688,0.016666666666666666,0.016666666666666666,0.1499306857585907,0.6333333333333333,0.0,0.0,0.016666666666666666
R05,B09,0.6,0.04416666666666667,0.04416666666666667,4.122054576873779,1.781925916671753,2.6012845039367676,1.684915542602539,0.6333333333333333,3.0291671752929688,0.016666666666666666,0.016666666666666666,0.28028538823127747,0.6333333333333333,0.0,0.0,0.016666666666666666
R05,B09,0.9,0.04416666666666667,0.04416666666666667,4.122054576873779,1.781925916671753,2.6012845039367676,1.684915542602539,0.6333333333333333,3.0291671752929688,0.016666666666666666,0.016666666666666666,0.3955906629562378,0.6333333333333333,0.0,0.0,0.016666666666666666
R05,B10,0.3,0.04416666666666667,0.04416666666666667,4.122054576873779,1.781925916671753,2.6012845039367676,1.684915542602539,0.43333333333333335,5.518616676330566,0.03333333333333333,0.03333333333333333,0.7308598756790161,0.6333333333333333,0.0,0.0,0.016666666666666666
R05,B10,0.6,0.04416666666666667,0.04416666666666667,4.122054576873779,1.781925916671753,2.6012845039367676,1.684915542602539,0.6333333333333333,5.518616676330566,0.03333333333333333,0.03333333333333333,1.1485862731933594,0.6333333333333333,0.0,0.0,0.016666666666666666
R05,B10,0.9,0.04416666666666667,0.04416666666666667,4.122054576873779,1.781925916671753,2.6012845039367676,1.684915542602539,0.6333333333333333,5.518616676330566,0.03333333333333333,0.03333333333333333,1.4423431158065796,0.6333333333333333,0.0,0.0,0.016666666666666666
R05,B11,0.3,0.04416666666666667,0.04416666666666667,4.122054576873779,1.781925916671753,2.6012845039367676,1.684915542602539,0.43333333333333335,2.713369369506836,0.016666666666666666,0.016666666666666666,1.7002604007720947,0.6333333333333333,0.0,0.0,0.016666666666666666
R05,B11,0.6,0.04416666666666667,0.04416666666666667,4.122054576873779,1.781925916671753,2.6012845039367676,1.684915542602539,0.6333333333333333,2.713369369506836,0.016666666666666666,0.016666666666666666,2.297647476196289,0.6333333333333333,0.0,0.0,0.016666666666666666
R05,B11,0.9,0.04416666666666667,0.04416666666666667,4.122054576873779,1.781925916671753,2.6012845039367676,1.684915542602539,0.6333333333333333,2.713369369506836,0.016666666666666666,0.016666666666666666,2.6690404415130615,0.6333333333333333,0.0,0.0,0.016666666666666666
R05,B12,0.3,0.04416666666666667,0.04416666666666667,4.122054576873779,1.781925916671753,2.6012845039367676,1.684915542602539,0.43333333333333335,3.3541057109832764,0.03333333333333333,0.05,0.7475629448890686,0.6333333333333333,0.0,0.0,0.016666666666666666
R05,B12,0.6,0.04416666666666667,0.04416666666666667,4.122054576873779,1.781925916671753,2.6012845039367676,1.684915542602539,0.6333333333333333,3.3541057109832764,0.03333333333333333,0.05,1.1705279350280762,0.6333333333333333,0.0,0.0,0.016666666666666666
R05,B12,0.9,0.04416666666666667,0.04416666666666667,4.122054576873779,1.781925916671753,2.6012845039367676,1.684915542602539,0.6333333333333333,3.3541057109832764,0.03333333333333333,0.05,1.4668463468551636,0.6333333333333333,0.0,0.0,0.016666666666666666
R05,B13,0.3,0.04416666666666667,0.04416666666666667,4.122054576873779,1.781925916671753,2.6012845039367676,1.684915542602539,0.43333333333333335,0.7975072264671326,0.016666666666666666,0.0,0.9351418018341064,0.65,0.0,0.0,0.016666666666666666
R05,B13,0.6,0.04416666666666667,0.04416666666666667,4.122054576873779,1.781925916671753,2.6012845039367676,1.684915542602539,0.6333333333333333,0.7975072264671326,0.016666666666666666,0.0,1.4098031520843506,0.65,0.0,0.0,0.016666666666666666
R05,B13,0.9,0.04416666666666667,0.04416666666666667,4.122054576873779,1.781925916671753,2.6012845039367676,1.684915542602539,0.6333333333333333,0.7975072264671326,0.016666666666666666,0.0,1.730366826057434,0.65,0.0,0.0,0.016666666666666666
R05,B14,0.3,0.04416666666666667,0.04416666666666667,4.122054576873779,1.781925916671753,2.6012845039367676,1.684915542602539,0.43333333333333335,2.9942312240600586,0.03333333333333333,0.016666666666666666,0.6612540483474731,0.6333333333333333,0.0,0.0,0.016666666666666666
R05,B14,0.6,0.04416666666666667,0.04416666666666667,4.122054576873779,1.781925916671753,2.6012845039367676,1.684915542602539,0.6333333333333333,2.9942312240600586,0.03333333333333333,0.016666666666666666,1.0558580160140991,0.6333333333333333,0.0,0.0,0.016666666666666666
R05,B14,0.9,0.04416666666666667,0.04416666666666667,4.122054576873779,1.781925916671753,2.6012845039367676,1.684915542602539,0.6333333333333333,2.9942312240600586,0.03333333333333333,0.016666666666666666,1.3380649089813232,0.6333333333333333,0.0,0.0,0.016666666666666666
R05,B15,0.3,0.04416666666666667,0.04416666666666667,4.122054576873779,1.781925916671753,2.6012845039367676,1.684915542602539,0.43333333333333335,2.8112082481384277,0.05,0.016666666666666666,1.9220809936523438,0.6333333333333333,0.0,0.0,0.016666666666666666
R05,B15,0.6,0.04416666666666667,0.04416666666666667,4.122054576873779,1.781925916671753,2.6012845039367676,1.684915542602539,0.6333333333333333,2.8112082481384277,0.05,0.016666666666666666,2.5392634868621826,0.6333333333333333,0.016666666666666666,0.3333333333333333,0.48333333333333334
R05,B15,0.9,0.04416666666666667,0.04416666666666667,4.122054576873779,1.781925916671753,2.6012845039367676,1.684915542602539,0.6333333333333333,2.8112082481384277,0.05,0.016666666666666666,2.9180681705474854,0.6333333333333333,0.016666666666666666,0.48333333333333334,0.5
R05,B16,0.3,0.04416666666666667,0.04416666666666667,4.122054576873779,1.781925916671753,2.6012845039367676,1.684915542602539,0.43333333333333335,2.478217601776123,0.05,0.016666666666666666,1.6606416702270508,0.6333333333333333,0.0,0.0,0.016666666666666666
R05,B16,0.6,0.04416666666666667,0.04416666666666667,4.122054576873779,1.781925916671753,2.6012845039367676,1.684915542602539,0.6333333333333333,2.478217601776123,0.05,0.016666666666666666,2.2539591789245605,0.6333333333333333,0.0,0.0,0.016666666666666666
R05,B16,0.9,0.04416666666666667,0.04416666666666667,4.122054576873779,1.781925916671753,2.6012845039367676,1.684915542602539,0.6333333333333333,2.478217601776123,0.05,0.016666666666666666,2.623802900314331,0.6333333333333333,0.0,0.0,0.016666666666666666
R05,B17,0.3,0.04416666666666667,0.04416666666666667,4.122054576873779,1.781925916671753,2.6012845039367676,1.684915542602539,0.43333333333333335,4.109561443328857,0.016666666666666666,0.03333333333333333,0.09928801655769348,0.6333333333333333,0.0,0.0,0.016666666666666666
R05,B17,0.6,0.04416666666666667,0.04416666666666667,4.122054576873779,1.781925916671753,2.6012845039367676,1.684915542602539,0.6333333333333333,4.109561443328857,0.016666666666666666,0.03333333333333333,0.18960221111774445,0.6333333333333333,0.0,0.0,0.016666666666666666
R05,B17,0.9,0.04416666666666667,0.04416666666666667,4.122054576873779,1.781925916671753,2.6012845039367676,1.684915542602539,0.6333333333333333,4.109561443328857,0.016666666666666666,0.03333333333333333,0.27243107557296753,0.6333333333333333,0.0,0.0,0.016666666666666666
R05,B18,0.3,0.04416666666666667,0.04416666666666667,4.122054576873779,1.781925916671753,2.6012845039367676,1.684915542602539,0.43333333333333335,1.6409364938735962,0.016666666666666666,0.0,0.6139243245124817,0.65,0.0,0.0,0.016666666666666666
R05,B18,0.6,0.04416666666666667,0.04416666666666667,4.122054576873779,1.781925916671753,2.6012845039367676,1.684915542602539,0.6333333333333333,1.6409364938735962,0.016666666666666666,0.0,0.9915229082107544,0.65,0.0,0.0,0.016666666666666666
R05,B18,0.9,0.04416666666666667,0.04416666666666667,4.122054576873779,1.781925916671753,2.6012845039367676,1.684915542602539,0.6333333333333333,1.6409364938735962,0.016666666666666666,0.0,1.26497483253479,0.65,0.0,0.0,0.016666666666666666
R05,B19,0.3,0.04416666666666667,0.04416666666666667,4.122054576873779,1.781925916671753,2.6012845039367676,1.684915542602539,0.43333333333333335,2.4159138202667236,0.03333333333333333,0.016666666666666666,0.9243181943893433,0.6333333333333333,0.0,0.0,0.016666666666666666
R05,B19,0.6,0.04416666666666667,0.04416666666666667,4.122054576873779,1.781925916671753,2.6012845039367676,1.684915542602539,0.6333333333333333,2.4159138202667236,0.03333333333333333,0.016666666666666666,1.3963185548782349,0.6333333333333333,0.0,0.0,0.016666666666666666
R05,B19,0.9,0.04416666666666667,0.04416666666666667,4.122054576873779,1.781925916671753,2.6012845039367676,1.684915542602539,0.6333333333333333,2.4159138202667236,0.03333333333333333,0.016666666666666666,1.7156785726547241,0.6333333333333333,0.0,0.0,0.016666666666666666
R05,B20,0.3,0.04416666666666667,0.04416666666666667,4.122054576873779,1.781925916671753,2.6012845039367676,1.684915542602539,0.43333333333333335,1.007957935333252,0.016666666666666666,0.0,0.38001975417137146,0.65,0.0,0.0,0.016666666666666666
R05,B20,0.6,0.04416666666666667,0.04416666666666667,4.122054576873779,1.781925916671753,2.6012845039367676,1.684915542602539,0.6333333333333333,1.007957935333252,0.016666666666666666,0.0,0.6547321677207947,0.65,0.0,0.0,0.016666666666666666
R05,B20,0.9,0.04416666666666667,0.04416666666666667,4.122054576873779,1.781925916671753,2.6012845039367676,1.684915542602539,0.6333333333333333,1.007957935333252,0.016666666666666666,0.0,0.8700122833251953,0.65,0.0,0.0,0.016666666666666666
R05,B21,0.3,0.04416666666666667,0.04416666666666667,4.122054576873779,1.781925916671753,2.6012845039367676,1.684915542602539,0.43333333333333335,4.116432189941406,0.0,0.03333333333333333,0.0,0.0,0.0,0.0,0.016666666666666666
R05,B21,0.6,0.04416666666666667,0.04416666666666667,4.122054576873779,1.781925916671753,2.6012845039367676,1.684915542602539,0.6333333333333333,4.116432189941406,0.0,0.03333333333333333,0.0,0.0,0.0,0.0,0.016666666666666666
R05,B21,0.9,0.04416666666666667,0.04416666666666667,4.122054576873779,1.781925916671753,2.6012845039367676,1.684915542602539,0.6333333333333333,4.116432189941406,0.0,0.03333333333333333,0.0,0.0,0.0,0.0,0.016666666666666666
R05,B22,0.3,0.04416666666666667,0.04416666666666667,4.122054576873779,1.781925916671753,2.6012845039367676,1.684915542602539,0.43333333333333335,3.3813347816467285,0.0,0.016666666666666666,0.0,0.0,0.0,0.0,0.016666666666666666
R05,B22,0.6,0.04416666666666667,0.04416666666666667,4.122054576873779,1.781925916671753,2.6012845039367676,1.684915542602539,0.6333333333333333,3.3813347816467285,0.0,0.016666666666666666,0.0,0.0,0.0,0.0,0.016666666666666666
R05,B22,0.9,0.04416666666666667,0.04416666666666667,4.122054576873779,1.781925916671753,2.6012845039367676,1.684915542602539,0.6333333333333333,3.3813347816467285,0.0,0.016666666666666666,0.0,0.0,0.0,0.0,0.016666666666666666
R05,B23,0.3,0.04416666666666667,0.04416666666666667,4.122054576873779,1.781925916671753,2.6012845039367676,1.684915542602539,0.43333333333333335,3.2600176334381104,0.16666666666666666,0.23333333333333334,2.8005294799804688,0.6333333333333333,0.05,0.05,0.06666666666666667
R05,B23,0.6,0.04416666666666667,0.04416666666666667,4.122054576873779,1.781925916671753,2.6012845039367676,1.684915542602539,0.6333333333333333,3.2600176334381104,0.16666666666666666,0.23333333333333334,3.4628164768218994,0.6333333333333333,0.08333333333333333,0.3333333333333333,0.48333333333333334
R05,B23,0.9,0.04416666666666667,0.04416666666666667,4.122054576873779,1.781925916671753,2.6012845039367676,1.684915542602539,0.6333333333333333,3.2600176334381104,0.16666666666666666,0.23333333333333334,3.8577795028686523,0.6333333333333333,0.1,0.48333333333333334,0.5
R05,B24,0.3,0.04416666666666667,0.04416666666666667,4.122054576873779,1.781925916671753,2.6012845039367676,1.684915542602539,0.43333333333333335,1.2059707641601562,0.03333333333333333,0.0,0.814324140548706,0.65,0.0,0.0,0.016666666666666666
R05,B24,0.6,0.04416666666666667,0.04416666666666667,4.122054576873779,1.781925916671753,2.6012845039367676,1.684915542602539,0.6333333333333333,1.2059707641601562,0.03333333333333333,0.0,1.257124423980713,0.65,0.0,0.0,0.016666666666666666
R05,B24,0.9,0.04416666666666667,0.04416666666666667,4.122054576873779,1.781925916671753,2.6012845039367676,1.684915542602539,0.6333333333333333,1.2059707641601562,0.03333333333333333,0.0,1.5629642009735107,0.65,0.016666666666666666,0.5,0.5166666666666667
R05,B25,0.3,0.04416666666666667,0.04416666666666667,4.122054576873779,1.781925916671753,2.6012845039367676,1.684915542602539,0.43333333333333335,1.1052567958831787,0.016666666666666666,0.016666666666666666,0.9123650789260864,0.6333333333333333,0.0,0.0,0.016666666666666666
R05,B25,0.6,0.04416666666666667,0.04416666666666667,4.122054576873779,1.781925916671753,2.6012845039367676,1.684915542602539,0.6333333333333333,1.1052567958831787,0.016666666666666666,0.016666666666666666,1.3813849687576294,0.6333333333333333,0.0,0.0,0.016666666666666666
R05,B25,0.9,0.04416666666666667,0.04416666666666667,4.122054576873779,1.781925916671753,2.6012845039367676,1.684915542602539,0.6333333333333333,1.1052567958831787,0.016666666666666666,0.016666666666666666,1.6993911266326904,0.6333333333333333,0.0,0.0,0.016666666666666666
R05,B26,0.3,0.04416666666666667,0.04416666666666667,4.122054576873779,1.781925916671753,2.6012845039367676,1.684915542602539,0.43333333333333335,1.5602476596832275,0.05,0.0,1.9570815563201904,0.65,0.0,0.0,0.016666666666666666
R05,B26,0.6,0.04416666666666667,0.04416666666666667,4.122054576873779,1.781925916671753,2.6012845039367676,1.684915542602539,0.6333333333333333,1.5602476596832275,0.05,0.0,2.576974868774414,0.65,0.0,0.0,0.016666666666666666
R05,B26,0.9,0.04416666666666667,0.04416666666666667,4.122054576873779,1.781925916671753,2.6012845039367676,1.684915542602539,0.6333333333333333,1.5602476596832275,0.05,0.0,2.9567790031433105,0.65,0.0,0.0,0.016666666666666666
R05,B27,0.3,0.04416666666666667,0.04416666666666667,4.122054576873779,1.781925916671753,2.6012845039367676,1.684915542602539,0.43333333333333335,0.8628899455070496,0.05,0.016666666666666666,0.9806660413742065,0.6333333333333333,0.0,0.0,0.016666666666666666
R05,B27,0.6,0.04416666666666667,0.04416666666666667,4.122054576873779,1.781925916671753,2.6012845039367676,1.684915542602539,0.6333333333333333,0.8628899455070496,0.05,0.016666666666666666,1.46613609790802,0.6333333333333333,0.0,0.0,0.016666666666666666
R05,B27,0.9,0.04416666666666667,0.04416666666666667,4.122054576873779,1.781925916671753,2.6012845039367676,1.684915542602539,0.6333333333333333,0.8628899455070496,0.05,0.016666666666666666,1.7915418148040771,0.6333333333333333,0.0,0.0,0.016666666666666666
R05,B28,0.3,0.04416666666666667,0.04416666666666667,4.122054576873779,1.781925916671753,2.6012845039367676,1.684915542602539,0.43333333333333335,3.1484532356262207,0.016666666666666666,0.016666666666666666,0.4650942087173462,0.6333333333333333,0.0,0.0,0.016666666666666666
R05,B28,0.6,0.04416666666666667,0.04416666666666667,4.122054576873779,1.781925916671753,2.6012845039367676,1.684915542602539,0.6333333333333333,3.1484532356262207,0.016666666666666666,0.016666666666666666,0.7813083529472351,0.6333333333333333,0.0,0.0,0.016666666666666666
R05,B28,0.9,0.04416666666666667,0.04416666666666667,4.122054576873779,1.781925916671753,2.6012845039367676,1.684915542602539,0.6333333333333333,3.1484532356262207,0.016666666666666666,0.016666666666666666,1.0211883783340454,0.6333333333333333,0.0,0.0,0.016666666666666666
R05,B29,0.3,0.04416666666666667,0.04416666666666667,4.122054576873779,1.781925916671753,2.6012845039367676,1.684915542602539,0.43333333333333335,1.2089602947235107,0.016666666666666666,0.0,0.6108904480934143,0.65,0.0,0.0,0.016666666666666666
R05,B29,0.6,0.04416666666666667,0.04416666666666667,4.122054576873779,1.781925916671753,2.6012845039367676,1.684915542602539,0.6333333333333333,1.2089602947235107,0.016666666666666666,0.0,0.9873610734939575,0.65,0.0,0.0,0.016666666666666666
R05,B29,0.9,0.04416666666666667,0.04416666666666667,4.122054576873779,1.781925916671753,2.6012845039367676,1.684915542602539,0.6333333333333333,1.2089602947235107,0.016666666666666666,0.0,1.2602243423461914,0.65,0.0,0.0,0.016666666666666666
R05,B30,0.3,0.04416666666666667,0.04416666666666667,4.122054576873779,1.781925916671753,2.6012845039367676,1.684915542602539,0.43333333333333335,4.324530124664307,0.16666666666666666,0.26666666666666666,2.4600989818573,0.6333333333333333,0.016666666666666666,0.016666666666666666,0.03333333333333333
R05,B30,0.6,0.04416666666666667,0.04416666666666667,4.122054576873779,1.781925916671753,2.6012845039367676,1.684915542602539,0.6333333333333333,4.324530124664307,0.16666666666666666,0.26666666666666666,3.1095938682556152,0.6333333333333333,0.06666666666666667,0.3333333333333333,0.48333333333333334
R05,B30,0.9,0.04416666666666667,0.04416666666666667,4.122054576873779,1.781925916671753,2.6012845039367676,1.684915542602539,0.6333333333333333,4.324530124664307,0.16666666666666666,0.26666666666666666,3.5000741481781006,0.6333333333333333,0.08333333333333333,0.48333333333333334,0.5
R05,B31,0.3,0.04416666666666667,0.04416666666666667,4.122054576873779,1.781925916671753,2.6012845039367676,1.684915542602539,0.43333333333333335,4.198404312133789,0.21666666666666667,0.2833333333333333,3.1187171936035156,0.6333333333333333,0.05,0.08333333333333333,0.1
R05,B31,0.6,0.04416666666666667,0.04416666666666667,4.122054576873779,1.781925916671753,2.6012845039367676,1.684915542602539,0.6333333333333333,4.198404312133789,0.21666666666666667,0.2833333333333333,3.7895095348358154,0.6333333333333333,0.08333333333333333,0.3333333333333333,0.48333333333333334
R05,B31,0.9,0.04416666666666667,0.04416666666666667,4.122054576873779,1.781925916671753,2.6012845039367676,1.684915542602539,0.6333333333333333,4.198404312133789,0.21666666666666667,0.2833333333333333,4.187410354614258,0.6333333333333333,0.1,0.48333333333333334,0.5
R05,B32,0.3,0.04416666666666667,0.04416666666666667,4.122054576873779,1.781925916671753,2.6012845039367676,1.684915542602539,0.43333333333333335,1.9516081809997559,0.016666666666666666,0.016666666666666666,0.586905300617218,0.6333333333333333,0.0,0.0,0.016666666666666666
R05,B32,0.6,0.04416666666666667,0.04416666666666667,4.122054576873779,1.781925916671753,2.6012845039367676,1.684915542602539,0.6333333333333333,1.9516081809997559,0.016666666666666666,0.016666666666666666,0.9542908668518066,0.6333333333333333,0.0,0.0,0.016666666666666666
R05,B32,0.9,0.04416666666666667,0.04416666666666667,4.122054576873779,1.781925916671753,2.6012845039367676,1.684915542602539,0.6333333333333333,1.9516081809997559,0.016666666666666666,0.016666666666666666,1.2223751544952393,0.6333333333333333,0.0,0.0,0.016666666666666666
R05,B33,0.3,0.04416666666666667,0.04416666666666667,4.122054576873779,1.781925916671753,2.6012845039367676,1.684915542602539,0.43333333333333335,1.6808278560638428,0.0,0.0,0.0,0.0,0.0,0.0,0.016666666666666666
R05,B33,0.6,0.04416666666666667,0.04416666666666667,4.122054576873779,1.781925916671753,2.6012845039367676,1.684915542602539,0.6333333333333333,1.6808278560638428,0.0,0.0,0.0,0.0,0.0,0.0,0.016666666666666666
R05,B33,0.9,0.04416666666666667,0.04416666666666667,4.122054576873779,1.781925916671753,2.6012845039367676,1.684915542602539,0.6333333333333333,1.6808278560638428,0.0,0.0,0.0,0.0,0.0,0.0,0.016666666666666666
R05,B34,0.3,0.04416666666666667,0.04416666666666667,4.122054576873779,1.781925916671753,2.6012845039367676,1.684915542602539,0.43333333333333335,2.073171854019165,0.03333333333333333,0.0,0.28702887892723083,0.65,0.0,0.0,0.016666666666666666
R05,B34,0.6,0.04416666666666667,0.04416666666666667,4.122054576873779,1.781925916671753,2.6012845039367676,1.684915542602539,0.6333333333333333,2.073171854019165,0.03333333333333333,0.0,0.5097803473472595,0.65,0.0,0.0,0.016666666666666666
R05,B34,0.9,0.04416666666666667,0.04416666666666667,4.122054576873779,1.781925916671753,2.6012845039367676,1.684915542602539,0.6333333333333333,2.073171854019165,0.03333333333333333,0.0,0.6918403506278992,0.65,0.0,0.0,0.016666666666666666
R05,B35,0.3,0.04416666666666667,0.04416666666666667,4.122054576873779,1.781925916671753,2.6012845039367676,1.684915542602539,0.43333333333333335,3.1599748134613037,0.016666666666666666,0.03333333333333333,1.9202779531478882,0.6333333333333333,0.0,0.0,0.016666666666666666
R05,B35,0.6,0.04416666666666667,0.04416666666666667,4.122054576873779,1.781925916671753,2.6012845039367676,1.684915542602539,0.6333333333333333,3.1599748134613037,0.016666666666666666,0.03333333333333333,2.537317991256714,0.6333333333333333,0.0,0.0,0.016666666666666666
R05,B35,0.9,0.04416666666666667,0.04416666666666667,4.122054576873779,1.781925916671753,2.6012845039367676,1.684915542602539,0.6333333333333333,3.1599748134613037,0.016666666666666666,0.03333333333333333,2.916069984436035,0.6333333333333333,0.016666666666666666,0.08333333333333333,0.1
R05,B36,0.3,0.04416666666666667,0.04416666666666667,4.122054576873779,1.781925916671753,2.6012845039367676,1.684915542602539,0.43333333333333335,3.592919111251831,0.05,0.016666666666666666,2.1036903858184814,0.6333333333333333,0.0,0.0,0.016666666666666666
R05,B36,0.6,0.04416666666666667,0.04416666666666667,4.122054576873779,1.781925916671753,2.6012845039367676,1.684915542602539,0.6333333333333333,3.592919111251831,0.05,0.016666666666666666,2.7338948249816895,0.6333333333333333,0.016666666666666666,0.35,0.5
R05,B36,0.9,0.04416666666666667,0.04416666666666667,4.122054576873779,1.781925916671753,2.6012845039367676,1.684915542602539,0.6333333333333333,3.592919111251831,0.05,0.016666666666666666,3.117466688156128,0.6333333333333333,0.016666666666666666,0.5,0.65
R05,B37,0.3,0.04416666666666667,0.04416666666666667,4.122054576873779,1.781925916671753,2.6012845039367676,1.684915542602539,0.43333333333333335,4.794467449188232,0.03333333333333333,0.03333333333333333,1.0667994022369385,0.6333333333333333,0.0,0.0,0.016666666666666666
R05,B37,0.6,0.04416666666666667,0.04416666666666667,4.122054576873779,1.781925916671753,2.6012845039367676,1.684915542602539,0.6333333333333333,4.794467449188232,0.03333333333333333,0.03333333333333333,1.5711392164230347,0.6333333333333333,0.0,0.0,0.016666666666666666
R05,B37,0.9,0.04416666666666667,0.04416666666666667,4.122054576873779,1.781925916671753,2.6012845039367676,1.684915542602539,0.6333333333333333,4.794467449188232,0.03333333333333333,0.03333333333333333,1.9048187732696533,0.6333333333333333,0.0,0.0,0.016666666666666666
R05,B38,0.3,0.04416666666666667,0.04416666666666667,4.122054576873779,1.781925916671753,2.6012845039367676,1.684915542602539,0.43333333333333335,4.179145336151123,0.03333333333333333,0.03333333333333333,2.204638957977295,0.6333333333333333,0.0,0.0,0.016666666666666666
R05,B38,0.6,0.04416666666666667,0.04416666666666667,4.122054576873779,1.781925916671753,2.6012845039367676,1.684915542602539,0.6333333333333333,4.179145336151123,0.03333333333333333,0.03333333333333333,2.841062068939209,0.6333333333333333,0.0,0.0,0.016666666666666666
R05,B38,0.9,0.04416666666666667,0.04416666666666667,4.122054576873779,1.781925916671753,2.6012845039367676,1.684915542602539,0.6333333333333333,4.179145336151123,0.03333333333333333,0.03333333333333333,3.2268810272216797,0.6333333333333333,0.016666666666666666,0.1,0.11666666666666667
R05,B39,0.3,0.04416666666666667,0.04416666666666667,4.122054576873779,1.781925916671753,2.6012845039367676,1.684915542602539,0.43333333333333335,4.67020845413208,0.23333333333333334,0.3333333333333333,3.214961528778076,0.6333333333333333,0.03333333333333333,0.03333333333333333,0.05
R05,B39,0.6,0.04416666666666667,0.04416666666666667,4.122054576873779,1.781925916671753,2.6012845039367676,1.684915542602539,0.6333333333333333,4.67020845413208,0.23333333333333334,0.3333333333333333,3.8878259658813477,0.6333333333333333,0.06666666666666667,0.06666666666666667,0.08333333333333333
R05,B39,0.9,0.04416666666666667,0.04416666666666667,4.122054576873779,1.781925916671753,2.6012845039367676,1.684915542602539,0.6333333333333333,4.67020845413208,0.23333333333333334,0.3333333333333333,4.286437511444092,0.6333333333333333,0.11666666666666667,0.21666666666666667,0.5
R05,B40,0.3,0.04416666666666667,0.04416666666666667,4.122054576873779,1.781925916671753,2.6012845039367676,1.684915542602539,0.43333333333333335,3.3382575511932373,0.0,0.03333333333333333,0.0,0.0,0.0,0.0,0.016666666666666666
R05,B40,0.6,0.04416666666666667,0.04416666666666667,4.122054576873779,1.781925916671753,2.6012845039367676,1.684915542602539,0.6333333333333333,3.3382575511932373,0.0,0.03333333333333333,0.0,0.0,0.0,0.0,0.016666666666666666
R05,B40,0.9,0.04416666666666667,0.04416666666666667,4.122054576873779,1.781925916671753,2.6012845039367676,1.684915542602539,0.6333333333333333,3.3382575511932373,0.0,0.03333333333333333,0.0,0.0,0.0,0.0,0.016666666666666666
R05,B41,0.3,0.04416666666666667,0.04416666666666667,4.122054576873779,1.781925916671753,2.6012845039367676,1.684915542602539,0.43333333333333335,1.5303946733474731,0.05,0.0,1.5787864923477173,0.65,0.0,0.0,0.016666666666666666
R05,B41,0.6,0.04416666666666667,0.04416666666666667,4.122054576873779,1.781925916671753,2.6012845039367676,1.684915542602539,0.6333333333333333,1.5303946733474731,0.05,0.0,2.1631085872650146,0.65,0.0,0.0,0.016666666666666666
R05,B41,0.9,0.04416666666666667,0.04416666666666667,4.122054576873779,1.781925916671753,2.6012845039367676,1.684915542602539,0.6333333333333333,1.5303946733474731,0.05,0.0,2.5294976234436035,0.65,0.0,0.0,0.016666666666666666
R05,B42,0.3,0.04416666666666667,0.04416666666666667,4.122054576873779,1.781925916671753,2.6012845039367676,1.684915542602539,0.43333333333333335,1.348073124885559,0.016666666666666666,0.016666666666666666,0.7442445158958435,0.6333333333333333,0.0,0.0,0.016666666666666666
R05,B42,0.6,0.04416666666666667,0.04416666666666667,4.122054576873779,1.781925916671753,2.6012845039367676,1.684915542602539,0.6333333333333333,1.348073124885559,0.016666666666666666,0.016666666666666666,1.1661778688430786,0.6333333333333333,0.0,0.0,0.016666666666666666
R05,B42,0.9,0.04416666666666667,0.04416666666666667,4.122054576873779,1.781925916671753,2.6012845039367676,1.684915542602539,0.6333333333333333,1.348073124885559,0.016666666666666666,0.016666666666666666,1.4619934558868408,0.6333333333333333,0.0,0.0,0.016666666666666666
R05,B43,0.3,0.04416666666666667,0.04416666666666667,4.122054576873779,1.781925916671753,2.6012845039367676,1.684915542602539,0.43333333333333335,3.501645803451538,0.0,0.016666666666666666,0.0,0.0,0.0,0.0,0.016666666666666666
R05,B43,0.6,0.04416666666666667,0.04416666666666667,4.122054576873779,1.781925916671753,2.6012845039367676,1.684915542602539,0.6333333333333333,3.501645803451538,0.0,0.016666666666666666,0.0,0.0,0.0,0.0,0.016666666666666666
R05,B43,0.9,0.04416666666666667,0.04416666666666667,4.122054576873779,1.781925916671753,2.6012845039367676,1.684915542602539,0.6333333333333333,3.501645803451538,0.0,0.016666666666666666,0.0,0.0,0.0,0.0,0.016666666666666666
R05,B44,0.3,0.04416666666666667,0.04416666666666667,4.122054576873779,1.781925916671753,2.6012845039367676,1.684915542602539,0.43333333333333335,2.444084644317627,0.016666666666666666,0.0,1.2150124311447144,0.65,0.0,0.0,0.016666666666666666
R05,B44,0.6,0.04416666666666667,0.04416666666666667,4.122054576873779,1.781925916671753,2.6012845039367676,1.684915542602539,0.6333333333333333,2.444084644317627,0.016666666666666666,0.0,1.7475762367248535,0.65,0.0,0.0,0.016666666666666666
R05,B44,0.9,0.04416666666666667,0.04416666666666667,4.122054576873779,1.781925916671753,2.6012845039367676,1.684915542602539,0.6333333333333333,2.444084644317627,0.016666666666666666,0.0,2.09322190284729,0.65,0.016666666666666666,0.5,0.5166666666666667
R05,B45,0.3,0.04416666666666667,0.04416666666666667,4.122054576873779,1.781925916671753,2.6012845039367676,1.684915542602539,0.43333333333333335,1.8373700380325317,0.03333333333333333,0.0,1.8553354740142822,0.65,0.0,0.0,0.016666666666666666
R05,B45,0.6,0.04416666666666667,0.04416666666666667,4.122054576873779,1.781925916671753,2.6012845039367676,1.684915542602539,0.6333333333333333,1.8373700380325317,0.03333333333333333,0.0,2.467055559158325,0.65,0.0,0.0,0.016666666666666666
R05,B45,0.9,0.04416666666666667,0.04416666666666667,4.122054576873779,1.781925916671753,2.6012845039367676,1.684915542602539,0.6333333333333333,1.8373700380325317,0.03333333333333333,0.0,2.84383487701416,0.65,0.0,0.0,0.016666666666666666
R05,B46,0.3,0.04416666666666667,0.04416666666666667,4.122054576873779,1.781925916671753,2.6012845039367676,1.684915542602539,0.43333333333333335,5.1966166496276855,0.18333333333333332,0.26666666666666666,2.8394439220428467,0.6333333333333333,0.03333333333333333,0.03333333333333333,0.05
R05,B46,0.6,0.04416666666666667,0.04416666666666667,4.122054576873779,1.781925916671753,2.6012845039367676,1.684915542602539,0.6333333333333333,5.1966166496276855,0.18333333333333332,0.26666666666666666,3.5029263496398926,0.6333333333333333,0.06666666666666667,0.06666666666666667,0.08333333333333333
R05,B46,0.9,0.04416666666666667,0.04416666666666667,4.122054576873779,1.781925916671753,2.6012845039367676,1.684915542602539,0.6333333333333333,5.1966166496276855,0.18333333333333332,0.26666666666666666,3.8983042240142822,0.6333333333333333,0.08333333333333333,0.08333333333333333,0.1
R05,B47,0.3,0.04416666666666667,0.04416666666666667,4.122054576873779,1.781925916671753,2.6012845039367676,1.684915542602539,0.43333333333333335,4.094677925109863,0.05,0.03333333333333333,1.2043272256851196,0.6333333333333333,0.0,0.0,0.016666666666666666
R05,B47,0.6,0.04416666666666667,0.04416666666666667,4.122054576873779,1.781925916671753,2.6012845039367676,1.684915542602539,0.6333333333333333,4.094677925109863,0.05,0.03333333333333333,1.735018014907837,0.6333333333333333,0.0,0.0,0.016666666666666666
R05,B47,0.9,0.04416666666666667,0.04416666666666667,4.122054576873779,1.781925916671753,2.6012845039367676,1.684915542602539,0.6333333333333333,4.094677925109863,0.05,0.03333333333333333,2.0798845291137695,0.6333333333333333,0.0,0.0,0.016666666666666666
R05,B48,0.3,0.04416666666666667,0.04416666666666667,4.122054576873779,1.781925916671753,2.6012845039367676,1.684915542602539,0.43333333333333335,1.2725656032562256,0.05,0.0,0.6450889706611633,0.65,0.0,0.0,0.016666666666666666
R05,B48,0.6,0.04416666666666667,0.04416666666666667,4.122054576873779,1.781925916671753,2.6012845039367676,1.684915542602539,0.6333333333333333,1.2725656032562256,0.05,0.0,1.0340074300765991,0.65,0.0,0.0,0.016666666666666666
R05,B48,0.9,0.04416666666666667,0.04416666666666667,4.122054576873779,1.781925916671753,2.6012845039367676,1.684915542602539,0.6333333333333333,1.2725656032562256,0.05,0.0,1.313312292098999,0.65,0.0,0.0,0.016666666666666666
R05,B49,0.3,0.04416666666666667,0.04416666666666667,4.122054576873779,1.781925916671753,2.6012845039367676,1.684915542602539,0.43333333333333335,3.023833751678467,0.03333333333333333,0.03333333333333333,1.1811490058898926,0.6333333333333333,0.0,0.0,0.016666666666666666
R05,B49,0.6,0.04416666666666667,0.04416666666666667,4.122054576873779,1.781925916671753,2.6012845039367676,1.684915542602539,0.6333333333333333,3.023833751678467,0.03333333333333333,0.03333333333333333,1.7076948881149292,0.6333333333333333,0.0,0.0,0.016666666666666666
R05,B49,0.9,0.04416666666666667,0.04416666666666667,4.122054576873779,1.781925916671753,2.6012845039367676,1.684915542602539,0.6333333333333333,3.023833751678467,0.03333333333333333,0.03333333333333333,2.0508294105529785,0.6333333333333333,0.0,0.0,0.016666666666666666
R05,B50,0.3,0.04416666666666667,0.04416666666666667,4.122054576873779,1.781925916671753,2.6012845039367676,1.684915542602539,0.43333333333333335,2.7140321731567383,0.05,0.03333333333333333,0.9278652667999268,0.6333333333333333,0.0,0.0,0.016666666666666666
R05,B50,0.6,0.04416666666666667,0.04416666666666667,4.122054576873779,1.781925916671753,2.6012845039367676,1.684915542602539,0.6333333333333333,2.7140321731567383,0.05,0.03333333333333333,1.400741696357727,0.6333333333333333,0.0,0.0,0.016666666666666666
R05,B50,0.9,0.04416666666666667,0.04416666666666667,4.122054576873779,1.781925916671753,2.6012845039367676,1.684915542602539,0.6333333333333333,2.7140321731567383,0.05,0.03333333333333333,1.7204985618591309,0.6333333333333333,0.0,0.0,0.016666666666666666
R05,B51,0.3,0.04416666666666667,0.04416666666666667,4.122054576873779,1.781925916671753,2.6012845039367676,1.684915542602539,0.43333333333333335,1.6034198999404907,0.016666666666666666,0.016666666666666666,0.10282932966947556,0.6333333333333333,0.0,0.0,0.016666666666666666
R05,B51,0.6,0.04416666666666667,0.04416666666666667,4.122054576873779,1.781925916671753,2.6012845039367676,1.684915542602539,0.6333333333333333,1.6034198999404907,0.016666666666666666,0.016666666666666666,0.19606375694274902,0.6333333333333333,0.0,0.0,0.016666666666666666
R05,B51,0.9,0.04416666666666667,0.04416666666666667,4.122054576873779,1.781925916671753,2.6012845039367676,1.684915542602539,0.6333333333333333,1.6034198999404907,0.016666666666666666,0.016666666666666666,0.2813420295715332,0.6333333333333333,0.0,0.0,0.016666666666666666
R05,B52,0.3,0.04416666666666667,0.04416666666666667,4.122054576873779,1.781925916671753,2.6012845039367676,1.684915542602539,0.43333333333333335,1.1568812131881714,0.03333333333333333,0.0,0.8671945333480835,0.65,0.0,0.0,0.016666666666666666
R05,B52,0.6,0.04416666666666667,0.04416666666666667,4.122054576873779,1.781925916671753,2.6012845039367676,1.684915542602539,0.6333333333333333,1.1568812131881714,0.03333333333333333,0.0,1.324537992477417,0.65,0.0,0.0,0.016666666666666666
R05,B52,0.9,0.04416666666666667,0.04416666666666667,4.122054576873779,1.781925916671753,2.6012845039367676,1.684915542602539,0.6333333333333333,1.1568812131881714,0.03333333333333333,0.0,1.637183666229248,0.65,0.0,0.0,0.016666666666666666
R05,B53,0.3,0.04416666666666667,0.04416666666666667,4.122054576873779,1.781925916671753,2.6012845039367676,1.684915542602539,0.43333333333333335,1.6331543922424316,0.03333333333333333,0.0,1.404870867729187,0.65,0.0,0.0,0.016666666666666666
R05,B53,0.6,0.04416666666666667,0.04416666666666667,4.122054576873779,1.781925916671753,2.6012845039367676,1.684915542602539,0.6333333333333333,1.6331543922424316,0.03333333333333333,0.0,1.967112421989441,0.65,0.016666666666666666,0.35,0.5
R05,B53,0.9,0.04416666666666667,0.04416666666666667,4.122054576873779,1.781925916671753,2.6012845039367676,1.684915542602539,0.6333333333333333,1.6331543922424316,0.03333333333333333,0.0,2.3248355388641357,0.65,0.016666666666666666,0.5,0.65
R05,B54,0.3,0.04416666666666667,0.04416666666666667,4.122054576873779,1.781925916671753,2.6012845039367676,1.684915542602539,0.43333333333333335,1.3887913227081299,0.0,0.0,0.0,0.0,0.0,0.0,0.016666666666666666
R05,B54,0.6,0.04416666666666667,0.04416666666666667,4.122054576873779,1.781925916671753,2.6012845039367676,1.684915542602539,0.6333333333333333,1.3887913227081299,0.0,0.0,0.0,0.0,0.0,0.0,0.016666666666666666
R05,B54,0.9,0.04416666666666667,0.04416666666666667,4.122054576873779,1.781925916671753,2.6012845039367676,1.684915542602539,0.6333333333333333,1.3887913227081299,0.0,0.0,0.0,0.0,0.0,0.0,0.016666666666666666
R05,B55,0.3,0.04416666666666667,0.04416666666666667,4.122054576873779,1.781925916671753,2.6012845039367676,1.684915542602539,0.43333333333333335,1.5347144603729248,0.016666666666666666,0.0,0.3271673619747162,0.65,0.0,0.0,0.016666666666666666
R05,B55,0.6,0.04416666666666667,0.04416666666666667,4.122054576873779,1.781925916671753,2.6012845039367676,1.684915542602539,0.6333333333333333,1.5347144603729248,0.016666666666666666,0.0,0.5732747316360474,0.65,0.0,0.0,0.016666666666666666
R05,B55,0.9,0.04416666666666667,0.04416666666666667,4.122054576873779,1.781925916671753,2.6012845039367676,1.684915542602539,0.6333333333333333,1.5347144603729248,0.016666666666666666,0.0,0.770617663860321,0.65,0.0,0.0,0.016666666666666666
R05,B56,0.3,0.04416666666666667,0.04416666666666667,4.122054576873779,1.781925916671753,2.6012845039367676,1.684915542602539,0.43333333333333335,1.4350844621658325,0.016666666666666666,0.0,0.4677272439002991,0.65,0.0,0.0,0.016666666666666666
R05,B56,0.6,0.04416666666666667,0.04416666666666667,4.122054576873779,1.781925916671753,2.6012845039367676,1.684915542602539,0.6333333333333333,1.4350844621658325,0.016666666666666666,0.0,0.785144567489624,0.65,0.0,0.0,0.016666666666666666
R05,B56,0.9,0.04416666666666667,0.04416666666666667,4.122054576873779,1.781925916671753,2.6012845039367676,1.684915542602539,0.6333333333333333,1.4350844621658325,0.016666666666666666,0.0,1.0257138013839722,0.65,0.0,0.0,0.016666666666666666
R05,B57,0.3,0.04416666666666667,0.04416666666666667,4.122054576873779,1.781925916671753,2.6012845039367676,1.684915542602539,0.43333333333333335,0.604315996170044,0.05,0.0,2.5488035678863525,0.65,0.0,0.0,0.016666666666666666
R05,B57,0.6,0.04416666666666667,0.04416666666666667,4.122054576873779,1.781925916671753,2.6012845039367676,1.684915542602539,0.6333333333333333,0.604315996170044,0.05,0.0,3.2020788192749023,0.65,0.03333333333333333,0.35,0.5
R05,B57,0.9,0.04416666666666667,0.04416666666666667,4.122054576873779,1.781925916671753,2.6012845039367676,1.684915542602539,0.6333333333333333,0.604315996170044,0.05,0.0,3.5938918590545654,0.65,0.03333333333333333,0.5,0.5166666666666667
R05,B58,0.3,0.04416666666666667,0.04416666666666667,4.122054576873779,1.781925916671753,2.6012845039367676,1.684915542602539,0.43333333333333335,1.597365379333496,0.03333333333333333,0.0,0.9890278577804565,0.65,0.0,0.0,0.016666666666666666
R05,B58,0.6,0.04416666666666667,0.04416666666666667,4.122054576873779,1.781925916671753,2.6012845039367676,1.684915542602539,0.6333333333333333,1.597365379333496,0.03333333333333333,0.0,1.4764182567596436,0.65,0.0,0.0,0.016666666666666666
R05,B58,0.9,0.04416666666666667,0.04416666666666667,4.122054576873779,1.781925916671753,2.6012845039367676,1.684915542602539,0.6333333333333333,1.597365379333496,0.03333333333333333,0.0,1.8026760816574097,0.65,0.0,0.0,0.016666666666666666
R05,B59,0.3,0.04416666666666667,0.04416666666666667,4.122054576873779,1.781925916671753,2.6012845039367676,1.684915542602539,0.43333333333333335,3.3551533222198486,0.03333333333333333,0.03333333333333333,1.1429802179336548,0.6333333333333333,0.0,0.0,0.016666666666666666
R05,B59,0.6,0.04416666666666667,0.04416666666666667,4.122054576873779,1.781925916671753,2.6012845039367676,1.684915542602539,0.6333333333333333,3.3551533222198486,0.03333333333333333,0.03333333333333333,1.6624480485916138,0.6333333333333333,0.0,0.0,0.016666666666666666
R05,B59,0.9,0.04416666666666667,0.04416666666666667,4.122054576873779,1.781925916671753,2.6012845039367676,1.684915542602539,0.6333333333333333,3.3551533222198486,0.03333333333333333,0.03333333333333333,2.002601146697998,0.6333333333333333,0.0,0.0,0.016666666666666666
R05,B60,0.3,0.04416666666666667,0.04416666666666667,4.122054576873779,1.781925916671753,2.6012845039367676,1.684915542602539,0.43333333333333335,3.208421468734741,0.016666666666666666,0.03333333333333333,0.40701863169670105,0.6333333333333333,0.0,0.0,0.016666666666666666
R05,B60,0.6,0.04416666666666667,0.04416666666666667,4.122054576873779,1.781925916671753,2.6012845039367676,1.684915542602539,0.6333333333333333,3.208421468734741,0.016666666666666666,0.03333333333333333,0.6954765319824219,0.6333333333333333,0.0,0.0,0.016666666666666666
R05,B60,0.9,0.04416666666666667,0.04416666666666667,4.122054576873779,1.781925916671753,2.6012845039367676,1.684915542602539,0.6333333333333333,3.208421468734741,0.016666666666666666,0.03333333333333333,0.9190853238105774,0.6333333333333333,0.0,0.0,0.016666666666666666
R06,B01,0.3,0.06638888888888889,0.06638888888888889,3.614739418029785,1.8350600004196167,2.6633338928222656,1.3121205568313599,0.6166666666666667,3.647797107696533,0.016666666666666666,0.03333333333333333,0.4674884080886841,0.9166666666666666,0.0,0.0,0.016666666666666666
R06,B01,0.6,0.06638888888888889,0.06638888888888889,3.614739418029785,1.8350600004196167,2.6633338928222656,1.3121205568313599,0.8833333333333333,3.647797107696533,0.016666666666666666,0.03333333333333333,0.7847967743873596,0.9166666666666666,0.0,0.0,0.016666666666666666
R06,B01,0.9,0.06638888888888889,0.06638888888888889,3.614739418029785,1.8350600004196167,2.6633338928222656,1.3121205568313599,0.9333333333333333,3.647797107696533,0.016666666666666666,0.03333333333333333,1.0253037214279175,0.9166666666666666,0.0,0.0,0.016666666666666666
R06,B02,0.3,0.06638888888888889,0.06638888888888889,3.614739418029785,1.8350600004196167,2.6633338928222656,1.3121205568313599,0.6166666666666667,3.5559194087982178,0.016666666666666666,0.05,0.7245434522628784,0.9166666666666666,0.016666666666666666,0.016666666666666666,0.03333333333333333
R06,B02,0.6,0.06638888888888889,0.06638888888888889,3.614739418029785,1.8350600004196167,2.6633338928222656,1.3121205568313599,0.8833333333333333,3.5559194087982178,0.016666666666666666,0.05,1.1402586698532104,0.9166666666666666,0.016666666666666666,0.016666666666666666,0.03333333333333333
R06,B02,0.9,0.06638888888888889,0.06638888888888889,3.614739418029785,1.8350600004196167,2.6633338928222656,1.3121205568313599,0.9333333333333333,3.5559194087982178,0.016666666666666666,0.05,1.433026671409607,0.9166666666666666,0.016666666666666666,0.13333333333333333,0.15
R06,B03,0.3,0.06638888888888889,0.06638888888888889,3.614739418029785,1.8350600004196167,2.6633338928222656,1.3121205568313599,0.6166666666666667,0.40546509623527527,0.05,0.016666666666666666,0.8543440699577332,0.9166666666666666,0.0,0.0,0.016666666666666666
R06,B03,0.6,0.06638888888888889,0.06638888888888889,3.614739418029785,1.8350600004196167,2.6633338928222656,1.3121205568313599,0.8833333333333333,0.40546509623527527,0.05,0.016666666666666666,1.3082423210144043,0.9166666666666666,0.016666666666666666,0.016666666666666666,0.03333333333333333
R06,B03,0.9,0.06638888888888889,0.06638888888888889,3.614739418029785,1.8350600004196167,2.6633338928222656,1.3121205568313599,0.9333333333333333,0.40546509623527527,0.05,0.016666666666666666,1.619288682937622,0.9166666666666666,0.016666666666666666,0.016666666666666666,0.03333333333333333
R06,B04,0.3,0.06638888888888889,0.06638888888888889,3.614739418029785,1.8350600004196167,2.6633338928222656,1.3121205568313599,0.6166666666666667,1.5216989517211914,0.08333333333333333,0.016666666666666666,1.0163735151290894,0.9166666666666666,0.0,0.0,0.016666666666666666
R06,B04,0.6,0.06638888888888889,0.06638888888888889,3.614739418029785,1.8350600004196167,2.6633338928222656,1.3121205568313599,0.8833333333333333,1.5216989517211914,0.08333333333333333,0.016666666666666666,1.5099074840545654,0.9166666666666666,0.03333333333333333,0.05,0.06666666666666667
R06,B04,0.9,0.06638888888888889,0.06638888888888889,3.614739418029785,1.8350600004196167,2.6633338928222656,1.3121205568313599,0.9333333333333333,1.5216989517211914,0.08333333333333333,0.016666666666666666,1.8388763666152954,0.9166666666666666,0.03333333333333333,0.05,0.06666666666666667
R06,B05,0.3,0.06638888888888889,0.06638888888888889,3.614739418029785,1.8350600004196167,2.6633338928222656,1.3121205568313599,0.6166666666666667,1.5706970691680908,0.08333333333333333,0.016666666666666666,1.3373879194259644,0.9166666666666666,0.03333333333333333,0.03333333333333333,0.05
R06,B05,0.6,0.06638888888888889,0.06638888888888889,3.614739418029785,1.8350600004196167,2.6633338928222656,1.3121205568313599,0.8833333333333333,1.5706970691680908,0.08333333333333333,0.016666666666666666,1.8898175954818726,0.9166666666666666,0.03333333333333333,0.05,0.06666666666666667
R06,B05,0.9,0.06638888888888889,0.06638888888888889,3.614739418029785,1.8350600004196167,2.6633338928222656,1.3121205568313599,0.9333333333333333,1.5706970691680908,0.08333333333333333,0.016666666666666666,2.243603467941284,0.9166666666666666,0.03333333333333333,0.05,0.06666666666666667
R06,B06,0.3,0.06638888888888889,0.06638888888888889,3.614739418029785,1.8350600004196167,2.6633338928222656,1.3121205568313599,0.6166666666666667,3.51838755607605,0.25,0.18333333333333332,2.6563820838928223,0.9166666666666666,0.016666666666666666,0.016666666666666666,0.03333333333333333
R06,B06,0.6,0.06638888888888889,0.06638888888888889,3.614739418029785,1.8350600004196167,2.6633338928222656,1.3121205568313599,0.8833333333333333,3.51838755607605,0.25,0.18333333333333332,3.3137974739074707,0.9166666666666666,0.06666666666666667,0.18333333333333332,0.8833333333333333
R06,B06,0.9,0.06638888888888889,0.06638888888888889,3.614739418029785,1.8350600004196167,2.6633338928222656,1.3121205568313599,0.9333333333333333,3.51838755607605,0.25,0.18333333333333332,3.7070624828338623,0.9166666666666666,0.08333333333333333,0.48333333333333334,0.9166666666666666
R06,B07,0.3,0.06638888888888889,0.06638888888888889,3.614739418029785,1.8350600004196167,2.6633338928222656,1.3121205568313599,0.6166666666666667,4.881209850311279,0.23333333333333334,0.21666666666666667,2.3035223484039307,0.9166666666666666,0.016666666666666666,0.016666666666666666,0.03333333333333333
R06,B07,0.6,0.06638888888888889,0.06638888888888889,3.614739418029785,1.8350600004196167,2.6633338928222656,1.3121205568313599,0.8833333333333333,4.881209850311279,0.23333333333333334,0.21666666666666667,2.945425510406494,0.9166666666666666,0.05,0.18333333333333332,0.8833333333333333
R06,B07,0.9,0.06638888888888889,0.06638888888888889,3.614739418029785,1.8350600004196167,2.6633338928222656,1.3121205568313599,0.9333333333333333,4.881209850311279,0.23333333333333334,0.21666666666666667,3.3332087993621826,0.9166666666666666,0.08333333333333333,0.48333333333333334,0.9166666666666666
R06,B08,0.3,0.06638888888888889,0.06638888888888889,3.614739418029785,1.8350600004196167,2.6633338928222656,1.3121205568313599,0.6166666666666667,1.8309801816940308,0.11666666666666667,0.03333333333333333,2.0592730045318604,0.9166666666666666,0.03333333333333333,0.05,0.08333333333333333
R06,B08,0.6,0.06638888888888889,0.06638888888888889,3.614739418029785,1.8350600004196167,2.6633338928222656,1.3121205568313599,0.8833333333333333,1.8309801816940308,0.11666666666666667,0.03333333333333333,2.6865224838256836,0.9166666666666666,0.03333333333333333,0.15,0.8833333333333333
R06,B08,0.9,0.06638888888888889,0.06638888888888889,3.614739418029785,1.8350600004196167,2.6633338928222656,1.3121205568313599,0.9333333333333333,1.8309801816940308,0.11666666666666667,0.03333333333333333,3.0690200328826904,0.9166666666666666,0.03333333333333333,0.75,0.9166666666666666
R06,B09,0.3,0.06638888888888889,0.06638888888888889,3.614739418029785,1.8350600004196167,2.6633338928222656,1.3121205568313599,0.6166666666666667,3.4855384826660156,0.05,0.016666666666666666,0.6476545333862305,0.9166666666666666,0.0,0.0,0.016666666666666666
R06,B09,0.6,0.06638888888888889,0.06638888888888889,3.614739418029785,1.8350600004196167,2.6633338928222656,1.3121205568313599,0.8833333333333333,3.4855384826660156,0.05,0.016666666666666666,1.0374835729599,0.9166666666666666,0.0,0.0,0.016666666666666666
R06,B09,0.9,0.06638888888888889,0.06638888888888889,3.614739418029785,1.8350600004196167,2.6633338928222656,1.3121205568313599,0.9333333333333333,3.4855384826660156,0.05,0.016666666666666666,1.317254900932312,0.9166666666666666,0.0,0.0,0.016666666666666666
R06,B10,0.3,0.06638888888888889,0.06638888888888889,3.614739418029785,1.8350600004196167,2.6633338928222656,1.3121205568313599,0.6166666666666667,3.0955777168273926,0.03333333333333333,0.06666666666666667,1.6408559083938599,0.9166666666666666,0.0,0.0,0.016666666666666666
R06,B10,0.6,0.06638888888888889,0.06638888888888889,3.614739418029785,1.8350600004196167,2.6633338928222656,1.3121205568313599,0.8833333333333333,3.0955777168273926,0.03333333333333333,0.06666666666666667,2.2320733070373535,0.9166666666666666,0.016666666666666666,0.05,0.06666666666666667
R06,B10,0.9,0.06638888888888889,0.06638888888888889,3.614739418029785,1.8350600004196167,2.6633338928222656,1.3121205568313599,0.9333333333333333,3.0955777168273926,0.03333333333333333,0.06666666666666667,2.601114273071289,0.9166666666666666,0.016666666666666666,0.06666666666666667,0.08333333333333333
R06,B11,0.3,0.06638888888888889,0.06638888888888889,3.614739418029785,1.8350600004196167,2.6633338928222656,1.3121205568313599,0.6166666666666667,2.370243787765503,0.016666666666666666,0.03333333333333333,1.5023804903030396,0.9166666666666666,0.0,0.0,0.016666666666666666
R06,B11,0.6,0.06638888888888889,0.06638888888888889,3.614739418029785,1.8350600004196167,2.6633338928222656,1.3121205568313599,0.8833333333333333,2.370243787765503,0.016666666666666666,0.03333333333333333,2.0775322914123535,0.9166666666666666,0.016666666666666666,0.06666666666666667,0.08333333333333333
R06,B11,0.9,0.06638888888888889,0.06638888888888889,3.614739418029785,1.8350600004196167,2.6633338928222656,1.3121205568313599,0.9333333333333333,2.370243787765503,0.016666666666666666,0.03333333333333333,2.440354585647583,0.9166666666666666,0.016666666666666666,0.06666666666666667,0.08333333333333333
R06,B12,0.3,0.06638888888888889,0.06638888888888889,3.614739418029785,1.8350600004196167,2.6633338928222656,1.3121205568313599,0.6166666666666667,2.374905824661255,0.06666666666666667,0.05,0.5847219824790955,0.9166666666666666,0.0,0.0,0.016666666666666666
R06,B12,0.6,0.06638888888888889,0.06638888888888889,3.614739418029785,1.8350600004196167,2.6633338928222656,1.3121205568313599,0.8833333333333333,2.374905824661255,0.06666666666666667,0.05,0.9512655138969421,0.9166666666666666,0.016666666666666666,0.06666666666666667,0.08333333333333333
R06,B12,0.9,0.06638888888888889,0.06638888888888889,3.614739418029785,1.8350600004196167,2.6633338928222656,1.3121205568313599,0.9333333333333333,2.374905824661255,0.06666666666666667,0.05,1.2189035415649414,0.9166666666666666,0.016666666666666666,0.06666666666666667,0.08333333333333333
R06,B13,0.3,0.06638888888888889,0.06638888888888889,3.614739418029785,1.8350600004196167,2.6633338928222656,1.3121205568313599,0.6166666666666667,3.829076051712036,0.03333333333333333,0.15,0.7569061517715454,0.9166666666666666,0.0,0.0,0.016666666666666666
R06,B13,0.6,0.06638888888888889,0.06638888888888889,3.614739418029785,1.8350600004196167,2.6633338928222656,1.3121205568313599,0.8833333333333333,3.829076051712036,0.03333333333333333,0.15,1.1827517747879028,0.9166666666666666,0.0,0.0,0.016666666666666666
R06,B13,0.9,0.06638888888888889,0.06638888888888889,3.614739418029785,1.8350600004196167,2.6633338928222656,1.3121205568313599,0.9333333333333333,3.829076051712036,0.03333333333333333,0.15,1.4804704189300537,0.9166666666666666,0.0,0.0,0.016666666666666666
R06,B14,0.3,0.06638888888888889,0.06638888888888889,3.614739418029785,1.8350600004196167,2.6633338928222656,1.3121205568313599,0.6166666666666667,4.614724159240723,0.2,0.23333333333333334,2.4316985607147217,0.9166666666666666,0.06666666666666667,0.06666666666666667,0.08333333333333333
R06,B14,0.6,0.06638888888888889,0.06638888888888889,3.614739418029785,1.8350600004196167,2.6633338928222656,1.3121205568313599,0.8833333333333333,4.614724159240723,0.2,0.23333333333333334,3.079907178878784,0.9166666666666666,0.08333333333333333,0.08333333333333333,0.1
R06,B14,0.9,0.06638888888888889,0.06638888888888889,3.614739418029785,1.8350600004196167,2.6633338928222656,1.3121205568313599,0.9333333333333333,4.614724159240723,0.2,0.23333333333333334,3.4699323177337646,0.9166666666666666,0.08333333333333333,0.1,0.11666666666666667
R06,B15,0.3,0.06638888888888889,0.06638888888888889,3.614739418029785,1.8350600004196167,2.6633338928222656,1.3121205568313599,0.6166666666666667,2.1792869567871094,0.1,0.03333333333333333,1.9094294309616089,0.9166666666666666,0.0,0.0,0.016666666666666666
R06,B15,0.6,0.06638888888888889,0.06638888888888889,3.614739418029785,1.8350600004196167,2.6633338928222656,1.3121205568313599,0.8833333333333333,2.1792869567871094,0.1,0.03333333333333333,2.525606393814087,0.9166666666666666,0.03333333333333333,0.11666666666666667,0.13333333333333333
R06,B15,0.9,0.06638888888888889,0.06638888888888889,3.614739418029785,1.8350600004196167,2.6633338928222656,1.3121205568313599,0.9333333333333333,2.1792869567871094,0.1,0.03333333333333333,2.9040393829345703,0.9166666666666666,0.03333333333333333,0.11666666666666667,0.13333333333333333
R06,B16,0.3,0.06638888888888889,0.06638888888888889,3.614739418029785,1.8350600004196167,2.6633338928222656,1.3121205568313599,0.6166666666666667,2.5726122856140137,0.03333333333333333,0.016666666666666666,0.18795016407966614,0.9166666666666666,0.0,0.0,0.016666666666666666
R06,B16,0.6,0.06638888888888889,0.06638888888888889,3.614739418029785,1.8350600004196167,2.6633338928222656,1.3121205568313599,0.8833333333333333,2.5726122856140137,0.03333333333333333,0.016666666666666666,0.34610193967819214,0.9166666666666666,0.0,0.0,0.016666666666666666
R06,B16,0.9,0.06638888888888889,0.06638888888888889,3.614739418029785,1.8350600004196167,2.6633338928222656,1.3121205568313599,0.9333333333333333,2.5726122856140137,0.03333333333333333,0.016666666666666666,0.4826236665248871,0.9166666666666666,0.0,0.0,0.016666666666666666
R06,B17,0.3,0.06638888888888889,0.06638888888888889,3.614739418029785,1.8350600004196167,2.6633338928222656,1.3121205568313599,0.6166666666666667,0.8878912329673767,0.0,0.0,0.0,0.0,0.0,0.0,0.016666666666666666
R06,B17,0.6,0.06638888888888889,0.06638888888888889,3.614739418029785,1.8350600004196167,2.6633338928222656,1.3121205568313599,0.8833333333333333,0.8878912329673767,0.0,0.0,0.0,0.0,0.0,0.0,0.016666666666666666
R06,B17,0.9,0.06638888888888889,0.06638888888888889,3.614739418029785,1.8350600004196167,2.6633338928222656,1.3121205568313599,0.9333333333333333,0.8878912329673767,0.0,0.0,0.0,0.0,0.0,0.0,0.016666666666666666
R06,B18,0.3,0.06638888888888889,0.06638888888888889,3.614739418029785,1.8350600004196167,2.6633338928222656,1.3121205568313599,0.6166666666666667,3.332561492919922,0.016666666666666666,0.08333333333333333,0.050295401364564896,0.9166666666666666,0.0,0.0,0.016666666666666666
R06,B18,0.6,0.06638888888888889,0.06638888888888889,3.614739418029785,1.8350600004196167,2.6633338928222656,1.3121205568313599,0.8833333333333333,3.332561492919922,0.016666666666666666,0.08333333333333333,0.09818185120820999,0.9166666666666666,0.0,0.0,0.016666666666666666
R06,B18,0.9,0.06638888888888889,0.06638888888888889,3.614739418029785,1.8350600004196167,2.6633338928222656,1.3121205568313599,0.9333333333333333,3.332561492919922,0.016666666666666666,0.08333333333333333,0.14387957751750946,0.9166666666666666,0.0,0.0,0.016666666666666666
R06,B19,0.3,0.06638888888888889,0.06638888888888889,3.614739418029785,1.8350600004196167,2.6633338928222656,1.3121205568313599,0.6166666666666667,1.850028395652771,0.06666666666666667,0.05,0.48468875885009766,0.9166666666666666,0.0,0.0,0.016666666666666666
R06,B19,0.6,0.06638888888888889,0.06638888888888889,3.614739418029785,1.8350600004196167,2.6633338928222656,1.3121205568313599,0.8833333333333333,1.850028395652771,0.06666666666666667,0.05,0.8097469210624695,0.9166666666666666,0.0,0.0,0.016666666666666666
R06,B19,0.9,0.06638888888888889,0.06638888888888889,3.614739418029785,1.8350600004196167,2.6633338928222656,1.3121205568313599,0.9333333333333333,1.850028395652771,0.06666666666666667,0.05,1.0546633005142212,0.9166666666666666,0.0,0.0,0.016666666666666666
R06,B20,0.3,0.06638888888888889,0.06638888888888889,3.614739418029785,1.8350600004196167,2.6633338928222656,1.3121205568313599,0.6166666666666667,3.747619867324829,0.05,0.05,0.4206574261188507,0.9166666666666666,0.0,0.0,0.016666666666666666
R06,B20,0.6,0.06638888888888889,0.06638888888888889,3.614739418029785,1.8350600004196167,2.6633338928222656,1.3121205568313599,0.8833333333333333,3.747619867324829,0.05,0.05,0.7158499360084534,0.9166666666666666,0.0,0.0,0.016666666666666666
R06,B20,0.9,0.06638888888888889,0.06638888888888889,3.614739418029785,1.8350600004196167,2.6633338928222656,1.3121205568313599,0.9333333333333333,3.747619867324829,0.05,0.05,0.9434727430343628,0.9166666666666666,0.016666666666666666,0.03333333333333333,0.05
R06,B21,0.3,0.06638888888888889,0.06638888888888889,3.614739418029785,1.8350600004196167,2.6633338928222656,1.3121205568313599,0.6166666666666667,2.3485140800476074,0.05,0.016666666666666666,0.7495465278625488,0.9166666666666666,0.0,0.0,0.016666666666666666
R06,B21,0.6,0.06638888888888889,0.06638888888888889,3.614739418029785,1.8350600004196167,2.6633338928222656,1.3121205568313599,0.8833333333333333,2.3485140800476074,0.05,0.016666666666666666,1.173125982284546,0.9166666666666666,0.0,0.0,0.016666666666666666
R06,B21,0.9,0.06638888888888889,0.06638888888888889,3.614739418029785,1.8350600004196167,2.6633338928222656,1.3121205568313599,0.9333333333333333,2.3485140800476074,0.05,0.016666666666666666,1.4697437286376953,0.9166666666666666,0.0,0.0,0.016666666666666666
R06,B22,0.3,0.06638888888888889,0.06638888888888889,3.614739418029785,1.8350600004196167,2.6633338928222656,1.3121205568313599,0.6166666666666667,1.2527629137039185,0.03333333333333333,0.0,0.6834614276885986,0.9333333333333333,0.0,0.0,0.016666666666666666
R06,B22,0.6,0.06638888888888889,0.06638888888888889,3.614739418029785,1.8350600004196167,2.6633338928222656,1.3121205568313599,0.8833333333333333,1.2527629137039185,0.03333333333333333,0.0,1.085676908493042,0.9333333333333333,0.0,0.0,0.016666666666666666
R06,B22,0.9,0.06638888888888889,0.06638888888888889,3.614739418029785,1.8350600004196167,2.6633338928222656,1.3121205568313599,0.9333333333333333,1.2527629137039185,0.03333333333333333,0.0,1.3717302083969116,0.9333333333333333,0.0,0.0,0.016666666666666666
R06,B23,0.3,0.06638888888888889,0.06638888888888889,3.614739418029785,1.8350600004196167,2.6633338928222656,1.3121205568313599,0.6166666666666667,3.80354642868042,0.18333333333333332,0.23333333333333334,2.5964150428771973,0.9166666666666666,0.0,0.0,0.016666666666666666
R06,B23,0.6,0.06638888888888889,0.06638888888888889,3.614739418029785,1.8350600004196167,2.6633338928222656,1.3121205568313599,0.8833333333333333,3.80354642868042,0.18333333333333332,0.23333333333333334,3.251579761505127,0.9166666666666666,0.03333333333333333,0.08333333333333333,0.8833333333333333
R06,B23,0.9,0.06638888888888889,0.06638888888888889,3.614739418029785,1.8350600004196167,2.6633338928222656,1.3121205568313599,0.9333333333333333,3.80354642868042,0.18333333333333332,0.23333333333333334,3.6440563201904297,0.9166666666666666,0.05,0.3,0.9166666666666666
R06,B24,0.3,0.06638888888888889,0.06638888888888889,3.614739418029785,1.8350600004196167,2.6633338928222656,1.3121205568313599,0.6166666666666667,3.487375020980835,0.016666666666666666,0.06666666666666667,1.463923692703247,0.9166666666666666,0.0,0.0,0.016666666666666666
R06,B24,0.6,0.06638888888888889,0.06638888888888889,3.614739418029785,1.8350600004196167,2.6633338928222656,1.3121205568313599,0.8833333333333333,3.487375020980835,0.016666666666666666,0.06666666666666667,2.0341532230377197,0.9166666666666666,0.016666666666666666,0.13333333333333333,0.8833333333333333
R06,B24,0.9,0.06638888888888889,0.06638888888888889,3.614739418029785,1.8350600004196167,2.6633338928222656,1.3121205568313599,0.9333333333333333,3.487375020980835,0.016666666666666666,0.06666666666666667,2.3950424194335938,0.9166666666666666,0.016666666666666666,0.48333333333333334,0.9166666666666666
R06,B25,0.3,0.06638888888888889,0.06638888888888889,3.614739418029785,1.8350600004196167,2.6633338928222656,1.3121205568313599,0.6166666666666667,4.920710563659668,0.2,0.2,2.4107766151428223,0.9166666666666666,0.06666666666666667,0.06666666666666667,0.08333333333333333
R06,B25,0.6,0.06638888888888889,0.06638888888888889,3.614739418029785,1.8350600004196167,2.6633338928222656,1.3121205568313599,0.8833333333333333,4.920710563659668,0.2,0.2,3.0580132007598877,0.9166666666666666,0.08333333333333333,0.08333333333333333,0.8833333333333333
R06,B25,0.9,0.06638888888888889,0.06638888888888889,3.614739418029785,1.8350600004196167,2.6633338928222656,1.3121205568313599,0.9333333333333333,4.920710563659668,0.2,0.2,3.4476940631866455,0.9166666666666666,0.1,0.5833333333333334,0.9166666666666666
R06,B26,0.3,0.06638888888888889,0.06638888888888889,3.614739418029785,1.8350600004196167,2.6633338928222656,1.3121205568313599,0.6166666666666667,2.6925981044769287,0.016666666666666666,0.05,0.6761066317558289,0.9166666666666666,0.0,0.0,0.016666666666666666
R06,B26,0.6,0.06638888888888889,0.06638888888888889,3.614739418029785,1.8350600004196167,2.6633338928222656,1.3121205568313599,0.8833333333333333,2.6925981044769287,0.016666666666666666,0.05,1.0758265256881714,0.9166666666666666,0.0,0.0,0.016666666666666666
R06,B26,0.9,0.06638888888888889,0.06638888888888889,3.614739418029785,1.8350600004196167,2.6633338928222656,1.3121205568313599,0.9333333333333333,2.6925981044769287,0.016666666666666666,0.05,1.3606233596801758,0.9166666666666666,0.0,0.0,0.016666666666666666
R06,B27,0.3,0.06638888888888889,0.06638888888888889,3.614739418029785,1.8350600004196167,2.6633338928222656,1.3121205568313599,0.6166666666666667,1.9035989046096802,0.016666666666666666,0.016666666666666666,0.29987022280693054,0.9166666666666666,0.0,0.0,0.016666666666666666
R06,B27,0.6,0.06638888888888889,0.06638888888888889,3.614739418029785,1.8350600004196167,2.6633338928222656,1.3121205568313599,0.8833333333333333,1.9035989046096802,0.016666666666666666,0.016666666666666666,0.5302559733390808,0.9166666666666666,0.0,0.0,0.016666666666666666
R06,B27,0.9,0.06638888888888889,0.06638888888888889,3.614739418029785,1.8350600004196167,2.6633338928222656,1.3121205568313599,0.9333333333333333,1.9035989046096802,0.016666666666666666,0.016666666666666666,0.717376708984375,0.9166666666666666,0.0,0.0,0.016666666666666666
R06,B28,0.3,0.06638888888888889,0.06638888888888889,3.614739418029785,1.8350600004196167,2.6633338928222656,1.3121205568313599,0.6166666666666667,0.40546509623527527,0.05,0.016666666666666666,0.38938313722610474,0.9166666666666666,0.016666666666666666,0.016666666666666666,0.03333333333333333
R06,B28,0.6,0.06638888888888889,0.06638888888888889,3.614739418029785,1.8350600004196167,2.6633338928222656,1.3121205568313599,0.8833333333333333,0.40546509623527527,0.05,0.016666666666666666,0.6689261794090271,0.9166666666666666,0.016666666666666666,0.03333333333333333,0.05
R06,B28,0.9,0.06638888888888889,0.06638888888888889,3.614739418029785,1.8350600004196167,2.6633338928222656,1.3121205568313599,0.9333333333333333,0.40546509623527527,0.05,0.016666666666666666,0.8871542811393738,0.9166666666666666,0.016666666666666666,0.03333333333333333,0.05
R06,B29,0.3,0.06638888888888889,0.06638888888888889,3.614739418029785,1.8350600004196167,2.6633338928222656,1.3121205568313599,0.6166666666666667,5.06588077545166,0.18333333333333332,0.3,2.1785507202148438,0.9166666666666666,0.016666666666666666,0.016666666666666666,0.03333333333333333
R06,B29,0.6,0.06638888888888889,0.06638888888888889,3.614739418029785,1.8350600004196167,2.6633338928222656,1.3121205568313599,0.8833333333333333,5.06588077545166,0.18333333333333332,0.3,2.813430070877075,0.9166666666666666,0.05,0.05,0.06666666666666667
R06,B29,0.9,0.06638888888888889,0.06638888888888889,3.614739418029785,1.8350600004196167,2.6633338928222656,1.3121205568313599,0.9333333333333333,5.06588077545166,0.18333333333333332,0.3,3.198692798614502,0.9166666666666666,0.06666666666666667,0.3,0.9166666666666666
R06,B30,0.3,0.06638888888888889,0.06638888888888889,3.614739418029785,1.8350600004196167,2.6633338928222656,1.3121205568313599,0.6166666666666667,3.147165060043335,0.06666666666666667,0.05,2.0565922260284424,0.9166666666666666,0.0,0.0,0.016666666666666666
R06,B30,0.6,0.06638888888888889,0.06638888888888889,3.614739418029785,1.8350600004196167,2.6633338928222656,1.3121205568313599,0.8833333333333333,3.147165060043335,0.06666666666666667,0.05,2.6836588382720947,0.9166666666666666,0.0,0.0,0.016666666666666666
R06,B30,0.9,0.06638888888888889,0.06638888888888889,3.614739418029785,1.8350600004196167,2.6633338928222656,1.3121205568313599,0.9333333333333333,3.147165060043335,0.06666666666666667,0.05,3.066089630126953,0.9166666666666666,0.03333333333333333,0.3,0.9166666666666666
R06,B31,0.3,0.06638888888888889,0.06638888888888889,3.614739418029785,1.8350600004196167,2.6633338928222656,1.3121205568313599,0.6166666666666667,3.465423345565796,0.05,0.05,0.5705610513687134,0.9166666666666666,0.016666666666666666,0.016666666666666666,0.03333333333333333
R06,B31,0.6,0.06638888888888889,0.06638888888888889,3.614739418029785,1.8350600004196167,2.6633338928222656,1.3121205568313599,0.8833333333333333,3.465423345565796,0.05,0.05,0.9315807819366455,0.9166666666666666,0.016666666666666666,0.08333333333333333,0.1
R06,B31,0.9,0.06638888888888889,0.06638888888888889,3.614739418029785,1.8350600004196167,2.6633338928222656,1.3121205568313599,0.9333333333333333,3.465423345565796,0.05,0.05,1.1962766647338867,0.9166666666666666,0.016666666666666666,0.08333333333333333,0.1
R06,B32,0.3,0.06638888888888889,0.06638888888888889,3.614739418029785,1.8350600004196167,2.6633338928222656,1.3121205568313599,0.6166666666666667,1.663926124572754,0.03333333333333333,0.016666666666666666,0.8560530543327332,0.9166666666666666,0.0,0.0,0.016666666666666666
R06,B32,0.6,0.06638888888888889,0.06638888888888889,3.614739418029785,1.8350600004196167,2.6633338928222656,1.3121205568313599,0.8833333333333333,1.663926124572754,0.03333333333333333,0.016666666666666666,1.3104127645492554,0.9166666666666666,0.0,0.0,0.016666666666666666
R06,B32,0.9,0.06638888888888889,0.06638888888888889,3.614739418029785,1.8350600004196167,2.6633338928222656,1.3121205568313599,0.9333333333333333,1.663926124572754,0.03333333333333333,0.016666666666666666,1.621673822402954,0.9166666666666666,0.0,0.0,0.016666666666666666
R06,B33,0.3,0.06638888888888889,0.06638888888888889,3.614739418029785,1.8350600004196167,2.6633338928222656,1.3121205568313599,0.6166666666666667,2.7265448570251465,0.0,0.016666666666666666,0.0,0.0,0.0,0.0,0.016666666666666666
R06,B33,0.6,0.06638888888888889,0.06638888888888889,3.614739418029785,1.8350600004196167,2.6633338928222656,1.3121205568313599,0.8833333333333333,2.7265448570251465,0.0,0.016666666666666666,0.0,0.0,0.0,0.0,0.016666666666666666
R06,B33,0.9,0.06638888888888889,0.06638888888888889,3.614739418029785,1.8350600004196167,2.6633338928222656,1.3121205568313599,0.9333333333333333,2.7265448570251465,0.0,0.016666666666666666,0.0,0.0,0.0,0.0,0.016666666666666666
R06,B34,0.3,0.06638888888888889,0.06638888888888889,3.614739418029785,1.8350600004196167,2.6633338928222656,1.3121205568313599,0.6166666666666667,3.0525851249694824,0.06666666666666667,0.05,0.7390444278717041,0.9166666666666666,0.0,0.0,0.016666666666666666
R06,B34,0.6,0.06638888888888889,0.06638888888888889,3.614739418029785,1.8350600004196167,2.6633338928222656,1.3121205568313599,0.8833333333333333,3.0525851249694824,0.06666666666666667,0.05,1.15935218334198,0.9166666666666666,0.0,0.0,0.016666666666666666
R06,B34,0.9,0.06638888888888889,0.06638888888888889,3.614739418029785,1.8350600004196167,2.6633338928222656,1.3121205568313599,0.9333333333333333,3.0525851249694824,0.06666666666666667,0.05,1.4543735980987549,0.9166666666666666,0.0,0.0,0.016666666666666666
R06,B35,0.3,0.06638888888888889,0.06638888888888889,3.614739418029785,1.8350600004196167,2.6633338928222656,1.3121205568313599,0.6166666666666667,1.8196988105773926,0.06666666666666667,0.03333333333333333,1.1036856174468994,0.9166666666666666,0.0,0.0,0.016666666666666666
R06,B35,0.6,0.06638888888888889,0.06638888888888889,3.614739418029785,1.8350600004196167,2.6633338928222656,1.3121205568313599,0.8833333333333333,1.8196988105773926,0.06666666666666667,0.03333333333333333,1.615522861480713,0.9166666666666666,0.0,0.0,0.016666666666666666
R06,B35,0.9,0.06638888888888889,0.06638888888888889,3.614739418029785,1.8350600004196167,2.6633338928222656,1.3121205568313599,0.9333333333333333,1.8196988105773926,0.06666666666666667,0.03333333333333333,1.9524283409118652,0.9166666666666666,0.016666666666666666,0.016666666666666666,0.03333333333333333
R06,B36,0.3,0.06638888888888889,0.06638888888888889,3.614739418029785,1.8350600004196167,2.6633338928222656,1.3121205568313599,0.6166666666666667,4.089332103729248,0.05,0.1,0.6454319953918457,0.9166666666666666,0.0,0.0,0.016666666666666666
R06,B36,0.6,0.06638888888888889,0.06638888888888889,3.614739418029785,1.8350600004196167,2.6633338928222656,1.3121205568313599,0.8833333333333333,4.089332103729248,0.05,0.1,1.0344722270965576,0.9166666666666666,0.0,0.0,0.016666666666666666
R06,B36,0.9,0.06638888888888889,0.06638888888888889,3.614739418029785,1.8350600004196167,2.6633338928222656,1.3121205568313599,0.9333333333333333,4.089332103729248,0.05,0.1,1.3138396739959717,0.9166666666666666,0.0,0.0,0.016666666666666666
R06,B37,0.3,0.06638888888888889,0.06638888888888889,3.614739418029785,1.8350600004196167,2.6633338928222656,1.3121205568313599,0.6166666666666667,1.7613003253936768,0.016666666666666666,0.016666666666666666,0.036612171679735184,0.9166666666666666,0.0,0.0,0.016666666666666666
R06,B37,0.6,0.06638888888888889,0.06638888888888889,3.614739418029785,1.8350600004196167,2.6633338928222656,1.3121205568313599,0.8833333333333333,1.7613003253936768,0.016666666666666666,0.016666666666666666,0.07193110883235931,0.9166666666666666,0.0,0.0,0.016666666666666666
R06,B37,0.9,0.06638888888888889,0.06638888888888889,3.614739418029785,1.8350600004196167,2.6633338928222656,1.3121205568313599,0.9333333333333333,1.7613003253936768,0.016666666666666666,0.016666666666666666,0.10604505240917206,0.9166666666666666,0.0,0.0,0.016666666666666666
R06,B38,0.3,0.06638888888888889,0.06638888888888889,3.614739418029785,1.8350600004196167,2.6633338928222656,1.3121205568313599,0.6166666666666667,2.853015899658203,0.08333333333333333,0.05,2.0334813594818115,0.9166666666666666,0.0,0.0,0.016666666666666666
R06,B38,0.6,0.06638888888888889,0.06638888888888889,3.614739418029785,1.8350600004196167,2.6633338928222656,1.3121205568313599,0.8833333333333333,2.853015899658203,0.08333333333333333,0.05,2.658949613571167,0.9166666666666666,0.0,0.0,0.016666666666666666
R06,B38,0.9,0.06638888888888889,0.06638888888888889,3.614739418029785,1.8350600004196167,2.6633338928222656,1.3121205568313599,0.9333333333333333,2.853015899658203,0.08333333333333333,0.05,3.040797472000122,0.9166666666666666,0.03333333333333333,0.2,0.9166666666666666
R06,B39,0.3,0.06638888888888889,0.06638888888888889,3.614739418029785,1.8350600004196167,2.6633338928222656,1.3121205568313599,0.6166666666666667,0.8837674856185913,0.0,0.0,0.0,0.0,0.0,0.0,0.016666666666666666
R06,B39,0.6,0.06638888888888889,0.06638888888888889,3.614739418029785,1.8350600004196167,2.6633338928222656,1.3121205568313599,0.8833333333333333,0.8837674856185913,0.0,0.0,0.0,0.0,0.0,0.0,0.016666666666666666
R06,B39,0.9,0.06638888888888889,0.06638888888888889,3.614739418029785,1.8350600004196167,2.6633338928222656,1.3121205568313599,0.9333333333333333,0.8837674856185913,0.0,0.0,0.0,0.0,0.0,0.0,0.016666666666666666
R06,B40,0.3,0.06638888888888889,0.06638888888888889,3.614739418029785,1.8350600004196167,2.6633338928222656,1.3121205568313599,0.6166666666666667,4.38626766204834,0.23333333333333334,0.2,2.4870505332946777,0.9166666666666666,0.016666666666666666,0.016666666666666666,0.03333333333333333
R06,B40,0.6,0.06638888888888889,0.06638888888888889,3.614739418029785,1.8350600004196167,2.6633338928222656,1.3121205568313599,0.8833333333333333,4.38626766204834,0.23333333333333334,0.2,3.1377310752868652,0.9166666666666666,0.05,0.05,0.06666666666666667
R06,B40,0.9,0.06638888888888889,0.06638888888888889,3.614739418029785,1.8350600004196167,2.6633338928222656,1.3121205568313599,0.9333333333333333,4.38626766204834,0.23333333333333334,0.2,3.528630256652832,0.9166666666666666,0.06666666666666667,0.06666666666666667,0.08333333333333333
R06,B41,0.3,0.06638888888888889,0.06638888888888889,3.614739418029785,1.8350600004196167,2.6633338928222656,1.3121205568313599,0.6166666666666667,0.6471032500267029,0.06666666666666667,0.016666666666666666,1.1082665920257568,0.9166666666666666,0.0,0.0,0.016666666666666666
R06,B41,0.6,0.06638888888888889,0.06638888888888889,3.614739418029785,1.8350600004196167,2.6633338928222656,1.3121205568313599,0.8833333333333333,0.6471032500267029,0.06666666666666667,0.016666666666666666,1.6210118532180786,0.9166666666666666,0.016666666666666666,0.06666666666666667,0.08333333333333333
R06,B41,0.9,0.06638888888888889,0.06638888888888889,3.614739418029785,1.8350600004196167,2.6633338928222656,1.3121205568313599,0.9333333333333333,0.6471032500267029,0.06666666666666667,0.016666666666666666,1.9583057165145874,0.9166666666666666,0.016666666666666666,0.06666666666666667,0.08333333333333333
R06,B42,0.3,0.06638888888888889,0.06638888888888889,3.614739418029785,1.8350600004196167,2.6633338928222656,1.3121205568313599,0.6166666666666667,4.784152984619141,0.016666666666666666,0.08333333333333333,2.0557923316955566,0.9166666666666666,0.016666666666666666,0.016666666666666666,0.03333333333333333
R06,B42,0.6,0.06638888888888889,0.06638888888888889,3.614739418029785,1.8350600004196167,2.6633338928222656,1.3121205568313599,0.8833333333333333,4.784152984619141,0.016666666666666666,0.08333333333333333,2.6828043460845947,0.9166666666666666,0.016666666666666666,0.13333333333333333,0.9
R06,B42,0.9,0.06638888888888889,0.06638888888888889,3.614739418029785,1.8350600004196167,2.6633338928222656,1.3121205568313599,0.9333333333333333,4.784152984619141,0.016666666666666666,0.08333333333333333,3.0652151107788086,0.9166666666666666,0.016666666666666666,0.5,0.9166666666666666
R06,B43,0.3,0.06638888888888889,0.06638888888888889,3.614739418029785,1.8350600004196167,2.6633338928222656,1.3121205568313599,0.6166666666666667,2.451005220413208,0.05,0.05,1.2659564018249512,0.9166666666666666,0.0,0.0,0.016666666666666666
R06,B43,0.6,0.06638888888888889,0.06638888888888889,3.614739418029785,1.8350600004196167,2.6633338928222656,1.3121205568313599,0.8833333333333333,2.451005220413208,0.05,0.05,1.807134985923767,0.9166666666666666,0.0,0.0,0.016666666666666666
R06,B43,0.9,0.06638888888888889,0.06638888888888889,3.614739418029785,1.8350600004196167,2.6633338928222656,1.3121205568313599,0.9333333333333333,2.451005220413208,0.05,0.05,2.156338930130005,0.9166666666666666,0.0,0.0,0.016666666666666666
R06,B44,0.3,0.06638888888888889,0.06638888888888889,3.614739418029785,1.8350600004196167,2.6633338928222656,1.3121205568313599,0.6166666666666667,0.5007752776145935,0.03333333333333333,0.016666666666666666,0.6498721241950989,0.9166666666666666,0.0,0.0,0.016666666666666666
R06,B44,0.6,0.06638888888888889,0.06638888888888889,3.614739418029785,1.8350600004196167,2.6633338928222656,1.3121205568313599,0.8833333333333333,0.5007752776145935,0.03333333333333333,0.016666666666666666,1.0404857397079468,0.9166666666666666,0.0,0.0,0.016666666666666666
R06,B44,0.9,0.06638888888888889,0.06638888888888889,3.614739418029785,1.8350600004196167,2.6633338928222656,1.3121205568313599,0.9333333333333333,0.5007752776145935,0.03333333333333333,0.016666666666666666,1.320658564567566,0.9166666666666666,0.0,0.0,0.016666666666666666
R06,B45,0.3,0.06638888888888889,0.06638888888888889,3.614739418029785,1.8350600004196167,2.6633338928222656,1.3121205568313599,0.6166666666666667,2.646174907684326,0.0,0.05,0.0,0.0,0.0,0.0,0.016666666666666666
R06,B45,0.6,0.06638888888888889,0.06638888888888889,3.614739418029785,1.8350600004196167,2.6633338928222656,1.3121205568313599,0.8833333333333333,2.646174907684326,0.0,0.05,0.0,0.0,0.0,0.0,0.016666666666666666
R06,B45,0.9,0.06638888888888889,0.06638888888888889,3.614739418029785,1.8350600004196167,2.6633338928222656,1.3121205568313599,0.9333333333333333,2.646174907684326,0.0,0.05,0.0,0.0,0.0,0.0,0.016666666666666666
R06,B46,0.3,0.06638888888888889,0.06638888888888889,3.614739418029785,1.8350600004196167,2.6633338928222656,1.3121205568313599,0.6166666666666667,1.7544037103652954,0.06666666666666667,0.03333333333333333,1.3560882806777954,0.9166666666666666,0.0,0.0,0.016666666666666666
R06,B46,0.6,0.06638888888888889,0.06638888888888889,3.614739418029785,1.8350600004196167,2.6633338928222656,1.3121205568313599,0.8833333333333333,1.7544037103652954,0.06666666666666667,0.03333333333333333,1.911313533782959,0.9166666666666666,0.016666666666666666,0.016666666666666666,0.03333333333333333
R06,B46,0.9,0.06638888888888889,0.06638888888888889,3.614739418029785,1.8350600004196167,2.6633338928222656,1.3121205568313599,0.9333333333333333,1.7544037103652954,0.06666666666666667,0.03333333333333333,2.2662267684936523,0.9166666666666666,0.016666666666666666,0.016666666666666666,0.03333333333333333
R06,B47,0.3,0.06638888888888889,0.06638888888888889,3.614739418029785,1.8350600004196167,2.6633338928222656,1.3121205568313599,0.6166666666666667,3.269948959350586,0.16666666666666666,0.16666666666666666,2.4203896522521973,0.9166666666666666,0.03333333333333333,0.05,0.08333333333333333
R06,B47,0.6,0.06638888888888889,0.06638888888888889,3.614739418029785,1.8350600004196167,2.6633338928222656,1.3121205568313599,0.8833333333333333,3.269948959350586,0.16666666666666666,0.16666666666666666,3.06807541847229,0.9166666666666666,0.03333333333333333,0.15,0.8833333333333333
R06,B47,0.9,0.06638888888888889,0.06638888888888889,3.614739418029785,1.8350600004196167,2.6633338928222656,1.3121205568313599,0.9333333333333333,3.269948959350586,0.16666666666666666,0.16666666666666666,3.4579155445098877,0.9166666666666666,0.06666666666666667,0.75,0.9166666666666666
R06,B48,0.3,0.06638888888888889,0.06638888888888889,3.614739418029785,1.8350600004196167,2.6633338928222656,1.3121205568313599,0.6166666666666667,2.141242027282715,0.016666666666666666,0.03333333333333333,1.0028678178787231,0.9166666666666666,0.0,0.0,0.016666666666666666
R06,B48,0.6,0.06638888888888889,0.06638888888888889,3.614739418029785,1.8350600004196167,2.6633338928222656,1.3121205568313599,0.8833333333333333,2.141242027282715,0.016666666666666666,0.03333333333333333,1.4933931827545166,0.9166666666666666,0.0,0.0,0.016666666666666666
R06,B48,0.9,0.06638888888888889,0.06638888888888889,3.614739418029785,1.8350600004196167,2.6633338928222656,1.3121205568313599,0.9333333333333333,2.141242027282715,0.016666666666666666,0.03333333333333333,1.8210375308990479,0.9166666666666666,0.0,0.0,0.016666666666666666
R06,B49,0.3,0.06638888888888889,0.06638888888888889,3.614739418029785,1.8350600004196167,2.6633338928222656,1.3121205568313599,0.6166666666666667,1.2556160688400269,0.016666666666666666,0.016666666666666666,0.2524385452270508,0.9166666666666666,0.0,0.0,0.016666666666666666
R06,B49,0.6,0.06638888888888889,0.06638888888888889,3.614739418029785,1.8350600004196167,2.6633338928222656,1.3121205568313599,0.8833333333333333,1.2556160688400269,0.016666666666666666,0.016666666666666666,0.45382392406463623,0.9166666666666666,0.0,0.0,0.016666666666666666
R06,B49,0.9,0.06638888888888889,0.06638888888888889,3.614739418029785,1.8350600004196167,2.6633338928222656,1.3121205568313599,0.9333333333333333,1.2556160688400269,0.016666666666666666,0.016666666666666666,0.6213724613189697,0.9166666666666666,0.0,0.0,0.016666666666666666
R06,B50,0.3,0.06638888888888889,0.06638888888888889,3.614739418029785,1.8350600004196167,2.6633338928222656,1.3121205568313599,0.6166666666666667,2.708716630935669,0.05,0.016666666666666666,0.47584810853004456,0.9166666666666666,0.0,0.0,0.016666666666666666
R06,B50,0.6,0.06638888888888889,0.06638888888888889,3.614739418029785,1.8350600004196167,2.6633338928222656,1.3121205568313599,0.8833333333333333,2.708716630935669,0.05,0.016666666666666666,0.7969471216201782,0.9166666666666666,0.0,0.0,0.016666666666666666
R06,B50,0.9,0.06638888888888889,0.06638888888888889,3.614739418029785,1.8350600004196167,2.6633338928222656,1.3121205568313599,0.9333333333333333,2.708716630935669,0.05,0.016666666666666666,1.039617657661438,0.9166666666666666,0.0,0.0,0.016666666666666666
R06,B51,0.3,0.06638888888888889,0.06638888888888889,3.614739418029785,1.8350600004196167,2.6633338928222656,1.3121205568313599,0.6166666666666667,2.882563591003418,0.0,0.03333333333333333,0.0,0.0,0.0,0.0,0.016666666666666666
R06,B51,0.6,0.06638888888888889,0.06638888888888889,3.614739418029785,1.8350600004196167,2.6633338928222656,1.3121205568313599,0.8833333333333333,2.882563591003418,0.0,0.03333333333333333,0.0,0.0,0.0,0.0,0.016666666666666666
R06,B51,0.9,0.06638888888888889,0.06638888888888889,3.614739418029785,1.8350600004196167,2.6633338928222656,1.3121205568313599,0.9333333333333333,2.882563591003418,0.0,0.03333333333333333,0.0,0.0,0.0,0.0,0.016666666666666666
R06,B52,0.3,0.06638888888888889,0.06638888888888889,3.614739418029785,1.8350600004196167,2.6633338928222656,1.3121205568313599,0.6166666666666667,2.723923444747925,0.016666666666666666,0.03333333333333333,0.10262511670589447,0.9166666666666666,0.0,0.0,0.016666666666666666
R06,B52,0.6,0.06638888888888889,0.06638888888888889,3.614739418029785,1.8350600004196167,2.6633338928222656,1.3121205568313599,0.8833333333333333,2.723923444747925,0.016666666666666666,0.03333333333333333,0.19569167494773865,0.9166666666666666,0.0,0.0,0.016666666666666666
R06,B52,0.9,0.06638888888888889,0.06638888888888889,3.614739418029785,1.8350600004196167,2.6633338928222656,1.3121205568313599,0.9333333333333333,2.723923444747925,0.016666666666666666,0.03333333333333333,0.28082945942878723,0.9166666666666666,0.0,0.0,0.016666666666666666
R06,B53,0.3,0.06638888888888889,0.06638888888888889,3.614739418029785,1.8350600004196167,2.6633338928222656,1.3121205568313599,0.6166666666666667,2.451005220413208,0.016666666666666666,0.05,1.3427083492279053,0.9166666666666666,0.0,0.0,0.016666666666666666
R06,B53,0.6,0.06638888888888889,0.06638888888888889,3.614739418029785,1.8350600004196167,2.6633338928222656,1.3121205568313599,0.8833333333333333,2.451005220413208,0.016666666666666666,0.05,1.8959394693374634,0.9166666666666666,0.0,0.0,0.016666666666666666
R06,B53,0.9,0.06638888888888889,0.06638888888888889,3.614739418029785,1.8350600004196167,2.6633338928222656,1.3121205568313599,0.9333333333333333,2.451005220413208,0.016666666666666666,0.05,2.250049114227295,0.9166666666666666,0.016666666666666666,0.11666666666666667,0.13333333333333333
R06,B54,0.3,0.06638888888888889,0.06638888888888889,3.614739418029785,1.8350600004196167,2.6633338928222656,1.3121205568313599,0.6166666666666667,0.6205765008926392,0.0,0.0,0.0,0.0,0.0,0.0,0.016666666666666666
R06,B54,0.6,0.06638888888888889,0.06638888888888889,3.614739418029785,1.8350600004196167,2.6633338928222656,1.3121205568313599,0.8833333333333333,0.6205765008926392,0.0,0.0,0.0,0.0,0.0,0.0,0.016666666666666666
R06,B54,0.9,0.06638888888888889,0.06638888888888889,3.614739418029785,1.8350600004196167,2.6633338928222656,1.3121205568313599,0.9333333333333333,0.6205765008926392,0.0,0.0,0.0,0.0,0.0,0.0,0.016666666666666666
R06,B55,0.3,0.06638888888888889,0.06638888888888889,3.614739418029785,1.8350600004196167,2.6633338928222656,1.3121205568313599,0.6166666666666667,1.940179467201233,0.05,0.016666666666666666,1.962204933166504,0.9166666666666666,0.0,0.0,0.016666666666666666
R06,B55,0.6,0.06638888888888889,0.06638888888888889,3.614739418029785,1.8350600004196167,2.6633338928222656,1.3121205568313599,0.8833333333333333,1.940179467201233,0.05,0.016666666666666666,2.582486629486084,0.9166666666666666,0.016666666666666666,0.08333333333333333,0.8833333333333333
R06,B55,0.9,0.06638888888888889,0.06638888888888889,3.614739418029785,1.8350600004196167,2.6633338928222656,1.3121205568313599,0.9333333333333333,1.940179467201233,0.05,0.016666666666666666,2.9624335765838623,0.9166666666666666,0.016666666666666666,0.5833333333333334,0.9166666666666666
R06,B56,0.3,0.06638888888888889,0.06638888888888889,3.614739418029785,1.8350600004196167,2.6633338928222656,1.3121205568313599,0.6166666666666667,3.289520740509033,0.05,0.05,1.152252435684204,0.9166666666666666,0.0,0.0,0.016666666666666666
R06,B56,0.6,0.06638888888888889,0.06638888888888889,3.614739418029785,1.8350600004196167,2.6633338928222656,1.3121205568313599,0.8833333333333333,3.289520740509033,0.05,0.05,1.6734691858291626,0.9166666666666666,0.016666666666666666,0.15,0.8833333333333333
R06,B56,0.9,0.06638888888888889,0.06638888888888889,3.614739418029785,1.8350600004196167,2.6633338928222656,1.3121205568313599,0.9333333333333333,3.289520740509033,0.05,0.05,2.01436185836792,0.9166666666666666,0.016666666666666666,0.75,0.9166666666666666
R06,B57,0.3,0.06638888888888889,0.06638888888888889,3.614739418029785,1.8350600004196167,2.6633338928222656,1.3121205568313599,0.6166666666666667,4.455161094665527,0.21666666666666667,0.21666666666666667,2.5952324867248535,0.9166666666666666,0.0,0.0,0.016666666666666666
R06,B57,0.6,0.06638888888888889,0.06638888888888889,3.614739418029785,1.8350600004196167,2.6633338928222656,1.3121205568313599,0.8833333333333333,4.455161094665527,0.21666666666666667,0.21666666666666667,3.2503514289855957,0.9166666666666666,0.03333333333333333,0.11666666666666667,0.8833333333333333
R06,B57,0.9,0.06638888888888889,0.06638888888888889,3.614739418029785,1.8350600004196167,2.6633338928222656,1.3121205568313599,0.9333333333333333,4.455161094665527,0.21666666666666667,0.21666666666666667,3.6428120136260986,0.9166666666666666,0.06666666666666667,0.48333333333333334,0.9166666666666666
R06,B58,0.3,0.06638888888888889,0.06638888888888889,3.614739418029785,1.8350600004196167,2.6633338928222656,1.3121205568313599,0.6166666666666667,3.885268211364746,0.18333333333333332,0.16666666666666666,1.871739149093628,0.9166666666666666,0.016666666666666666,0.016666666666666666,0.03333333333333333
R06,B58,0.6,0.06638888888888889,0.06638888888888889,3.614739418029785,1.8350600004196167,2.6633338928222656,1.3121205568313599,0.8833333333333333,3.885268211364746,0.18333333333333332,0.16666666666666666,2.4848384857177734,0.9166666666666666,0.06666666666666667,0.11666666666666667,0.13333333333333333
R06,B58,0.9,0.06638888888888889,0.06638888888888889,3.614739418029785,1.8350600004196167,2.6633338928222656,1.3121205568313599,0.9333333333333333,3.885268211364746,0.18333333333333332,0.16666666666666666,2.862130641937256,0.9166666666666666,0.06666666666666667,0.11666666666666667,0.13333333333333333
R06,B59,0.3,0.06638888888888889,0.06638888888888889,3.614739418029785,1.8350600004196167,2.6633338928222656,1.3121205568313599,0.6166666666666667,2.0844290256500244,0.016666666666666666,0.05,1.3070343732833862,0.9166666666666666,0.0,0.0,0.016666666666666666
R06,B59,0.6,0.06638888888888889,0.06638888888888889,3.614739418029785,1.8350600004196167,2.6633338928222656,1.3121205568313599,0.8833333333333333,2.0844290256500244,0.016666666666666666,0.05,1.8547965288162231,0.9166666666666666,0.016666666666666666,0.1,0.8833333333333333
R06,B59,0.9,0.06638888888888889,0.06638888888888889,3.614739418029785,1.8350600004196167,2.6633338928222656,1.3121205568313599,0.9333333333333333,2.0844290256500244,0.016666666666666666,0.05,2.2066903114318848,0.9166666666666666,0.016666666666666666,0.31666666666666665,0.9166666666666666
R06,B60,0.3,0.06638888888888889,0.06638888888888889,3.614739418029785,1.8350600004196167,2.6633338928222656,1.3121205568313599,0.6166666666666667,2.306577205657959,0.016666666666666666,0.05,0.046892110258340836,0.9166666666666666,0.0,0.0,0.016666666666666666
R06,B60,0.6,0.06638888888888889,0.06638888888888889,3.614739418029785,1.8350600004196167,2.6633338928222656,1.3121205568313599,0.8833333333333333,2.306577205657959,0.016666666666666666,0.05,0.09168349206447601,0.9166666666666666,0.0,0.0,0.016666666666666666
R06,B60,0.9,0.06638888888888889,0.06638888888888889,3.614739418029785,1.8350600004196167,2.6633338928222656,1.3121205568313599,0.9333333333333333,2.306577205657959,0.016666666666666666,0.05,0.13455432653427124,0.9166666666666666,0.0,0.0,0.016666666666666666
R07,B01,0.3,0.050277777777777775,0.050277777777777775,3.948132276535034,1.9890196323394775,2.428981065750122,1.3705860376358032,0.5,1.8277698755264282,0.0,0.016666666666666666,0.0,0.0,0.0,0.0,0.016666666666666666
R07,B01,0.6,0.050277777777777775,0.050277777777777775,3.948132276535034,1.9890196323394775,2.428981065750122,1.3705860376358032,0.6,1.8277698755264282,0.0,0.016666666666666666,0.0,0.0,0.0,0.0,0.016666666666666666
R07,B01,0.9,0.050277777777777775,0.050277777777777775,3.948132276535034,1.9890196323394775,2.428981065750122,1.3705860376358032,0.6666666666666666,1.8277698755264282,0.0,0.016666666666666666,0.0,0.0,0.0,0.0,0.016666666666666666
R07,B02,0.3,0.050277777777777775,0.050277777777777775,3.948132276535034,1.9890196323394775,2.428981065750122,1.3705860376358032,0.5,0.9202827215194702,0.0,0.016666666666666666,0.0,0.0,0.0,0.0,0.016666666666666666
R07,B02,0.6,0.050277777777777775,0.050277777777777775,3.948132276535034,1.9890196323394775,2.428981065750122,1.3705860376358032,0.6,0.9202827215194702,0.0,0.016666666666666666,0.0,0.0,0.0,0.0,0.016666666666666666
R07,B02,0.9,0.050277777777777775,0.050277777777777775,3.948132276535034,1.9890196323394775,2.428981065750122,1.3705860376358032,0.6666666666666666,0.9202827215194702,0.0,0.016666666666666666,0.0,0.0,0.0,0.0,0.016666666666666666
R07,B03,0.3,0.050277777777777775,0.050277777777777775,3.948132276535034,1.9890196323394775,2.428981065750122,1.3705860376358032,0.5,0.5423243045806885,0.0,0.016666666666666666,0.0,0.0,0.0,0.0,0.016666666666666666
R07,B03,0.6,0.050277777777777775,0.050277777777777775,3.948132276535034,1.9890196323394775,2.428981065750122,1.3705860376358032,0.6,0.5423243045806885,0.0,0.016666666666666666,0.0,0.0,0.0,0.0,0.016666666666666666
R07,B03,0.9,0.050277777777777775,0.050277777777777775,3.948132276535034,1.9890196323394775,2.428981065750122,1.3705860376358032,0.6666666666666666,0.5423243045806885,0.0,0.016666666666666666,0.0,0.0,0.0,0.0,0.016666666666666666
R07,B04,0.3,0.050277777777777775,0.050277777777777775,3.948132276535034,1.9890196323394775,2.428981065750122,1.3705860376358032,0.5,5.008833408355713,0.11666666666666667,0.35,3.2151081562042236,0.65,0.016666666666666666,0.016666666666666666,0.03333333333333333
R07,B04,0.6,0.050277777777777775,0.050277777777777775,3.948132276535034,1.9890196323394775,2.428981065750122,1.3705860376358032,0.6,5.008833408355713,0.11666666666666667,0.35,3.8879754543304443,0.65,0.03333333333333333,0.23333333333333334,0.55
R07,B04,0.9,0.050277777777777775,0.050277777777777775,3.948132276535034,1.9890196323394775,2.428981065750122,1.3705860376358032,0.6666666666666666,5.008833408355713,0.11666666666666667,0.35,4.286588191986084,0.65,0.03333333333333333,0.3,0.6666666666666666
R07,B05,0.3,0.050277777777777775,0.050277777777777775,3.948132276535034,1.9890196323394775,2.428981065750122,1.3705860376358032,0.5,2.396075487136841,0.016666666666666666,0.016666666666666666,0.3171725273132324,0.65,0.0,0.0,0.016666666666666666
R07,B05,0.6,0.050277777777777775,0.050277777777777775,3.948132276535034,1.9890196323394775,2.428981065750122,1.3705860376358032,0.6,2.396075487136841,0.016666666666666666,0.016666666666666666,0.5576017498970032,0.65,0.0,0.0,0.016666666666666666
R07,B05,0.9,0.050277777777777775,0.050277777777777775,3.948132276535034,1.9890196323394775,2.428981065750122,1.3705860376358032,0.6666666666666666,2.396075487136841,0.016666666666666666,0.016666666666666666,0.7512832283973694,0.65,0.0,0.0,0.016666666666666666
R07,B06,0.3,0.050277777777777775,0.050277777777777775,3.948132276535034,1.9890196323394775,2.428981065750122,1.3705860376358032,0.5,2.7140321731567383,0.15,0.11666666666666667,3.0558929443359375,0.65,0.0,0.0,0.016666666666666666
R07,B06,0.6,0.050277777777777775,0.050277777777777775,3.948132276535034,1.9890196323394775,2.428981065750122,1.3705860376358032,0.6,2.7140321731567383,0.15,0.11666666666666667,3.7252182960510254,0.65,0.05,0.2,0.55
R07,B06,0.9,0.050277777777777775,0.050277777777777775,3.948132276535034,1.9890196323394775,2.428981065750122,1.3705860376358032,0.6666666666666666,2.7140321731567383,0.15,0.11666666666666667,4.122614860534668,0.65,0.1,0.3,0.6666666666666666
R07,B07,0.3,0.050277777777777775,0.050277777777777775,3.948132276535034,1.9890196323394775,2.428981065750122,1.3705860376358032,0.5,3.894469976425171,0.16666666666666666,0.15,2.8012027740478516,0.65,0.03333333333333333,0.03333333333333333,0.13333333333333333
R07,B07,0.6,0.050277777777777775,0.050277777777777775,3.948132276535034,1.9890196323394775,2.428981065750122,1.3705860376358032,0.6,3.894469976425171,0.16666666666666666,0.15,3.4635109901428223,0.65,0.03333333333333333,0.23333333333333334,0.55
R07,B07,0.9,0.050277777777777775,0.050277777777777775,3.948132276535034,1.9890196323394775,2.428981065750122,1.3705860376358032,0.6666666666666666,3.894469976425171,0.16666666666666666,0.15,3.8584811687469482,0.65,0.06666666666666667,0.3333333333333333,0.6666666666666666
R07,B08,0.3,0.050277777777777775,0.050277777777777775,3.948132276535034,1.9890196323394775,2.428981065750122,1.3705860376358032,0.5,1.7984039783477783,0.016666666666666666,0.0,0.9233083724975586,0.6666666666666666,0.016666666666666666,0.03333333333333333,0.05
R07,B08,0.6,0.050277777777777775,0.050277777777777775,3.948132276535034,1.9890196323394775,2.428981065750122,1.3705860376358032,0.6,1.7984039783477783,0.016666666666666666,0.0,1.3950587511062622,0.6666666666666666,0.016666666666666666,0.08333333333333333,0.1
R07,B08,0.9,0.050277777777777775,0.050277777777777775,3.948132276535034,1.9890196323394775,2.428981065750122,1.3705860376358032,0.6666666666666666,1.7984039783477783,0.016666666666666666,0.0,1.7143054008483887,0.6666666666666666,0.016666666666666666,0.08333333333333333,0.6833333333333333
R07,B09,0.3,0.050277777777777775,0.050277777777777775,3.948132276535034,1.9890196323394775,2.428981065750122,1.3705860376358032,0.5,3.643097162246704,0.16666666666666666,0.23333333333333334,2.981351375579834,0.65,0.06666666666666667,0.1,0.11666666666666667
R07,B09,0.6,0.050277777777777775,0.050277777777777775,3.948132276535034,1.9890196323394775,2.428981065750122,1.3705860376358032,0.6,3.643097162246704,0.16666666666666666,0.23333333333333334,3.6488091945648193,0.65,0.1,0.23333333333333334,0.55
R07,B09,0.9,0.050277777777777775,0.050277777777777775,3.948132276535034,1.9890196323394775,2.428981065750122,1.3705860376358032,0.6666666666666666,3.643097162246704,0.16666666666666666,0.23333333333333334,4.045562267303467,0.65,0.13333333333333333,0.43333333333333335,0.6666666666666666
R07,B10,0.3,0.050277777777777775,0.050277777777777775,3.948132276535034,1.9890196323394775,2.428981065750122,1.3705860376358032,0.5,0.6312717795372009,0.05,0.0,2.218092918395996,0.6666666666666666,0.0,0.0,0.016666666666666666
R07,B10,0.6,0.050277777777777775,0.050277777777777775,3.948132276535034,1.9890196323394775,2.428981065750122,1.3705860376358032,0.6,0.6312717795372009,0.05,0.0,2.8552958965301514,0.6666666666666666,0.03333333333333333,0.4166666666666667,0.5666666666666667
R07,B10,0.9,0.050277777777777775,0.050277777777777775,3.948132276535034,1.9890196323394775,2.428981065750122,1.3705860376358032,0.6666666666666666,0.6312717795372009,0.05,0.0,3.2413949966430664,0.6666666666666666,0.03333333333333333,0.45,0.6833333333333333
R07,B11,0.3,0.050277777777777775,0.050277777777777775,3.948132276535034,1.9890196323394775,2.428981065750122,1.3705860376358032,0.5,4.174695014953613,0.25,0.13333333333333333,2.7300827503204346,0.65,0.016666666666666666,0.016666666666666666,0.03333333333333333
R07,B11,0.6,0.050277777777777775,0.050277777777777775,3.948132276535034,1.9890196323394775,2.428981065750122,1.3705860376358032,0.6,4.174695014953613,0.25,0.13333333333333333,3.3900794982910156,0.65,0.06666666666666667,0.2833333333333333,0.6
R07,B11,0.9,0.050277777777777775,0.050277777777777775,3.948132276535034,1.9890196323394775,2.428981065750122,1.3705860376358032,0.6666666666666666,4.174695014953613,0.25,0.13333333333333333,3.784245729446411,0.65,0.11666666666666667,0.36666666666666664,0.6666666666666666
R07,B12,0.3,0.050277777777777775,0.050277777777777775,3.948132276535034,1.9890196323394775,2.428981065750122,1.3705860376358032,0.5,0.9969486594200134,0.03333333333333333,0.0,1.3132692575454712,0.6666666666666666,0.0,0.0,0.016666666666666666
R07,B12,0.6,0.050277777777777775,0.050277777777777775,3.948132276535034,1.9890196323394775,2.428981065750122,1.3705860376358032,0.6,0.9969486594200134,0.03333333333333333,0.0,1.8620035648345947,0.6666666666666666,0.0,0.0,0.016666666666666666
R07,B12,0.9,0.050277777777777775,0.050277777777777775,3.948132276535034,1.9890196323394775,2.428981065750122,1.3705860376358032,0.6666666666666666,0.9969486594200134,0.03333333333333333,0.0,2.214292526245117,0.6666666666666666,0.0,0.0,0.016666666666666666
R07,B13,0.3,0.050277777777777775,0.050277777777777775,3.948132276535034,1.9890196323394775,2.428981065750122,1.3705860376358032,0.5,4.1340460777282715,0.08333333333333333,0.15,1.8892548084259033,0.65,0.0,0.0,0.016666666666666666
R07,B13,0.6,0.050277777777777775,0.050277777777777775,3.948132276535034,1.9890196323394775,2.428981065750122,1.3705860376358032,0.6,4.1340460777282715,0.08333333333333333,0.15,2.5037999153137207,0.65,0.03333333333333333,0.26666666666666666,0.55
R07,B13,0.9,0.050277777777777775,0.050277777777777775,3.948132276535034,1.9890196323394775,2.428981065750122,1.3705860376358032,0.6666666666666666,4.1340460777282715,0.08333333333333333,0.15,2.8816287517547607,0.65,0.03333333333333333,0.45,0.6666666666666666
R07,B14,0.3,0.050277777777777775,0.050277777777777775,3.948132276535034,1.9890196323394775,2.428981065750122,1.3705860376358032,0.5,2.8909270763397217,0.016666666666666666,0.03333333333333333,2.0723743438720703,0.65,0.016666666666666666,0.05,0.06666666666666667
R07,B14,0.6,0.050277777777777775,0.050277777777777775,3.948132276535034,1.9890196323394775,2.428981065750122,1.3705860376358032,0.6,2.8909270763397217,0.016666666666666666,0.03333333333333333,2.700510025024414,0.65,0.016666666666666666,0.05,0.06666666666666667
R07,B14,0.9,0.050277777777777775,0.050277777777777775,3.948132276535034,1.9890196323394775,2.428981065750122,1.3705860376358032,0.6666666666666666,2.8909270763397217,0.016666666666666666,0.03333333333333333,3.0833303928375244,0.65,0.016666666666666666,0.43333333333333335,0.6666666666666666
R07,B15,0.3,0.050277777777777775,0.050277777777777775,3.948132276535034,1.9890196323394775,2.428981065750122,1.3705860376358032,0.5,4.010238170623779,0.13333333333333333,0.2,2.187553644180298,0.65,0.016666666666666666,0.016666666666666666,0.03333333333333333
R07,B15,0.6,0.050277777777777775,0.050277777777777775,3.948132276535034,1.9890196323394775,2.428981065750122,1.3705860376358032,0.6,4.010238170623779,0.13333333333333333,0.2,2.8229706287384033,0.65,0.03333333333333333,0.03333333333333333,0.55
R07,B15,0.9,0.050277777777777775,0.050277777777777775,3.948132276535034,1.9890196323394775,2.428981065750122,1.3705860376358032,0.6666666666666666,4.010238170623779,0.13333333333333333,0.2,3.2084271907806396,0.65,0.03333333333333333,0.3,0.6666666666666666
R07,B16,0.3,0.050277777777777775,0.050277777777777775,3.948132276535034,1.9890196323394775,2.428981065750122,1.3705860376358032,0.5,2.5392370223999023,0.0,0.016666666666666666,0.0,0.0,0.0,0.0,0.016666666666666666
R07,B16,0.6,0.050277777777777775,0.050277777777777775,3.948132276535034,1.9890196323394775,2.428981065750122,1.3705860376358032,0.6,2.5392370223999023,0.0,0.016666666666666666,0.0,0.0,0.0,0.0,0.016666666666666666
R07,B16,0.9,0.050277777777777775,0.050277777777777775,3.948132276535034,1.9890196323394775,2.428981065750122,1.3705860376358032,0.6666666666666666,2.5392370223999023,0.0,0.016666666666666666,0.0,0.0,0.0,0.0,0.016666666666666666
R07,B17,0.3,0.050277777777777775,0.050277777777777775,3.948132276535034,1.9890196323394775,2.428981065750122,1.3705860376358032,0.5,2.8859174251556396,0.016666666666666666,0.016666666666666666,0.40099507570266724,0.65,0.0,0.0,0.016666666666666666
R07,B17,0.6,0.050277777777777775,0.050277777777777775,3.948132276535034,1.9890196323394775,2.428981065750122,1.3705860376358032,0.6,2.8859174251556396,0.016666666666666666,0.016666666666666666,0.6864346265792847,0.65,0.0,0.0,0.016666666666666666
R07,B17,0.9,0.050277777777777775,0.050277777777777775,3.948132276535034,1.9890196323394775,2.428981065750122,1.3705860376358032,0.6666666666666666,2.8859174251556396,0.016666666666666666,0.016666666666666666,0.908230185508728,0.65,0.0,0.0,0.016666666666666666
R07,B18,0.3,0.050277777777777775,0.050277777777777775,3.948132276535034,1.9890196323394775,2.428981065750122,1.3705860376358032,0.5,0.8754687309265137,0.0,0.0,0.0,0.0,0.0,0.0,0.016666666666666666
R07,B18,0.6,0.050277777777777775,0.050277777777777775,3.948132276535034,1.9890196323394775,2.428981065750122,1.3705860376358032,0.6,0.8754687309265137,0.0,0.0,0.0,0.0,0.0,0.0,0.016666666666666666
R07,B18,0.9,0.050277777777777775,0.050277777777777775,3.948132276535034,1.9890196323394775,2.428981065750122,1.3705860376358032,0.6666666666666666,0.8754687309265137,0.0,0.0,0.0,0.0,0.0,0.0,0.016666666666666666
R07,B19,0.3,0.050277777777777775,0.050277777777777775,3.948132276535034,1.9890196323394775,2.428981065750122,1.3705860376358032,0.5,4.132603168487549,0.18333333333333332,0.16666666666666666,2.1318302154541016,0.65,0.0,0.0,0.016666666666666666
R07,B19,0.6,0.050277777777777775,0.050277777777777775,3.948132276535034,1.9890196323394775,2.428981065750122,1.3705860376358032,0.6,4.132603168487549,0.18333333333333332,0.16666666666666666,2.763835906982422,0.65,0.016666666666666666,0.016666666666666666,0.03333333333333333
R07,B19,0.9,0.050277777777777775,0.050277777777777775,3.948132276535034,1.9890196323394775,2.428981065750122,1.3705860376358032,0.6666666666666666,4.132603168487549,0.18333333333333332,0.16666666666666666,3.1480603218078613,0.65,0.03333333333333333,0.3333333333333333,0.6666666666666666
R07,B20,0.3,0.050277777777777775,0.050277777777777775,3.948132276535034,1.9890196323394775,2.428981065750122,1.3705860376358032,0.5,4.4521355628967285,0.016666666666666666,0.03333333333333333,0.688736081123352,0.65,0.0,0.0,0.016666666666666666
R07,B20,0.6,0.050277777777777775,0.050277777777777775,3.948132276535034,1.9890196323394775,2.428981065750122,1.3705860376358032,0.6,4.4521355628967285,0.016666666666666666,0.03333333333333333,1.0927265882492065,0.65,0.016666666666666666,0.03333333333333333,0.05
R07,B20,0.9,0.050277777777777775,0.050277777777777775,3.948132276535034,1.9890196323394775,2.428981065750122,1.3705860376358032,0.6666666666666666,4.4521355628967285,0.016666666666666666,0.03333333333333333,1.3796703815460205,0.65,0.016666666666666666,0.31666666666666665,0.6666666666666666
R07,B21,0.3,0.050277777777777775,0.050277777777777775,3.948132276535034,1.9890196323394775,2.428981065750122,1.3705860376358032,0.5,1.0919233560562134,0.016666666666666666,0.0,1.1934956312179565,0.6666666666666666,0.0,0.0,0.016666666666666666
R07,B21,0.6,0.050277777777777775,0.050277777777777775,3.948132276535034,1.9890196323394775,2.428981065750122,1.3705860376358032,0.6,1.0919233560562134,0.016666666666666666,0.0,1.7222634553909302,0.6666666666666666,0.016666666666666666,0.25,0.5666666666666667
R07,B21,0.9,0.050277777777777775,0.050277777777777775,3.948132276535034,1.9890196323394775,2.428981065750122,1.3705860376358032,0.6666666666666666,1.0919233560562134,0.016666666666666666,0.0,2.0663278102874756,0.6666666666666666,0.016666666666666666,0.45,0.6833333333333333
R07,B22,0.3,0.050277777777777775,0.050277777777777775,3.948132276535034,1.9890196323394775,2.428981065750122,1.3705860376358032,0.5,0.5933268666267395,0.016666666666666666,0.0,0.6011940836906433,0.6666666666666666,0.0,0.0,0.016666666666666666
R07,B22,0.6,0.050277777777777775,0.050277777777777775,3.948132276535034,1.9890196323394775,2.428981065750122,1.3705860376358032,0.6,0.5933268666267395,0.016666666666666666,0.0,0.9740281105041504,0.6666666666666666,0.0,0.0,0.016666666666666666
R07,B22,0.9,0.050277777777777775,0.050277777777777775,3.948132276535034,1.9890196323394775,2.428981065750122,1.3705860376358032,0.6666666666666666,0.5933268666267395,0.016666666666666666,0.0,1.2449864149093628,0.6666666666666666,0.0,0.0,0.016666666666666666
R07,B23,0.3,0.050277777777777775,0.050277777777777775,3.948132276535034,1.9890196323394775,2.428981065750122,1.3705860376358032,0.5,1.4838746786117554,0.05,0.0,1.7433654069900513,0.6666666666666666,0.0,0.0,0.016666666666666666
R07,B23,0.6,0.050277777777777775,0.050277777777777775,3.948132276535034,1.9890196323394775,2.428981065750122,1.3705860376358032,0.6,1.4838746786117554,0.05,0.0,2.3449833393096924,0.6666666666666666,0.0,0.0,0.016666666666666666
R07,B23,0.9,0.050277777777777775,0.050277777777777775,3.948132276535034,1.9890196323394775,2.428981065750122,1.3705860376358032,0.6666666666666666,1.4838746786117554,0.05,0.0,2.717977285385132,0.6666666666666666,0.0,0.0,0.016666666666666666
R07,B24,0.3,0.050277777777777775,0.050277777777777775,3.948132276535034,1.9890196323394775,2.428981065750122,1.3705860376358032,0.5,4.533674240112305,0.016666666666666666,0.03333333333333333,1.3410060405731201,0.65,0.016666666666666666,0.016666666666666666,0.03333333333333333
R07,B24,0.6,0.050277777777777775,0.050277777777777775,3.948132276535034,1.9890196323394775,2.428981065750122,1.3705860376358032,0.6,4.533674240112305,0.016666666666666666,0.03333333333333333,1.8939813375473022,0.65,0.016666666666666666,0.016666666666666666,0.03333333333333333
R07,B24,0.9,0.050277777777777775,0.050277777777777775,3.948132276535034,1.9890196323394775,2.428981065750122,1.3705860376358032,0.6666666666666666,4.533674240112305,0.016666666666666666,0.03333333333333333,2.247987747192383,0.65,0.016666666666666666,0.3333333333333333,0.6666666666666666
R07,B25,0.3,0.050277777777777775,0.050277777777777775,3.948132276535034,1.9890196323394775,2.428981065750122,1.3705860376358032,0.5,2.713369369506836,0.03333333333333333,0.016666666666666666,2.0088284015655518,0.65,0.0,0.0,0.016666666666666666
R07,B25,0.6,0.050277777777777775,0.050277777777777775,3.948132276535034,1.9890196323394775,2.428981065750122,1.3705860376358032,0.6,2.713369369506836,0.03333333333333333,0.016666666666666666,2.632547378540039,0.65,0.016666666666666666,0.016666666666666666,0.03333333333333333
R07,B25,0.9,0.050277777777777775,0.050277777777777775,3.948132276535034,1.9890196323394775,2.428981065750122,1.3705860376358032,0.6666666666666666,2.713369369506836,0.03333333333333333,0.016666666666666666,3.0137555599212646,0.65,0.016666666666666666,0.3333333333333333,0.6666666666666666
R07,B26,0.3,0.050277777777777775,0.050277777777777775,3.948132276535034,1.9890196323394775,2.428981065750122,1.3705860376358032,0.5,4.047951698303223,0.0,0.016666666666666666,0.0,0.0,0.0,0.0,0.016666666666666666
R07,B26,0.6,0.050277777777777775,0.050277777777777775,3.948132276535034,1.9890196323394775,2.428981065750122,1.3705860376358032,0.6,4.047951698303223,0.0,0.016666666666666666,0.0,0.0,0.0,0.0,0.016666666666666666
R07,B26,0.9,0.050277777777777775,0.050277777777777775,3.948132276535034,1.9890196323394775,2.428981065750122,1.3705860376358032,0.6666666666666666,4.047951698303223,0.0,0.016666666666666666,0.0,0.0,0.0,0.0,0.016666666666666666
R07,B27,0.3,0.050277777777777775,0.050277777777777775,3.948132276535034,1.9890196323394775,2.428981065750122,1.3705860376358032,0.5,3.7530272006988525,0.03333333333333333,0.03333333333333333,0.4173658788204193,0.65,0.0,0.0,0.016666666666666666
R07,B27,0.6,0.050277777777777775,0.050277777777777775,3.948132276535034,1.9890196323394775,2.428981065750122,1.3705860376358032,0.6,3.7530272006988525,0.03333333333333333,0.03333333333333333,0.7109456658363342,0.65,0.0,0.0,0.016666666666666666
R07,B27,0.9,0.050277777777777775,0.050277777777777775,3.948132276535034,1.9890196323394775,2.428981065750122,1.3705860376358032,0.6666666666666666,3.7530272006988525,0.03333333333333333,0.03333333333333333,0.9376111626625061,0.65,0.0,0.0,0.016666666666666666
R07,B28,0.3,0.050277777777777775,0.050277777777777775,3.948132276535034,1.9890196323394775,2.428981065750122,1.3705860376358032,0.5,3.312730312347412,0.11666666666666667,0.11666666666666667,3.170706033706665,0.65,0.016666666666666666,0.016666666666666666,0.03333333333333333
R07,B28,0.6,0.050277777777777775,0.050277777777777775,3.948132276535034,1.9890196323394775,2.428981065750122,1.3705860376358032,0.6,3.312730312347412,0.11666666666666667,0.11666666666666667,3.8426427841186523,0.65,0.03333333333333333,0.06666666666666667,0.08333333333333333
R07,B28,0.9,0.050277777777777775,0.050277777777777775,3.948132276535034,1.9890196323394775,2.428981065750122,1.3705860376358032,0.6666666666666666,3.312730312347412,0.11666666666666667,0.11666666666666667,4.240936756134033,0.65,0.03333333333333333,0.06666666666666667,0.6666666666666666
R07,B29,0.3,0.050277777777777775,0.050277777777777775,3.948132276535034,1.9890196323394775,2.428981065750122,1.3705860376358032,0.5,1.4586150646209717,0.05,0.0,1.713607668876648,0.6666666666666666,0.0,0.0,0.016666666666666666
R07,B29,0.6,0.050277777777777775,0.050277777777777775,3.948132276535034,1.9890196323394775,2.428981065750122,1.3705860376358032,0.6,1.4586150646209717,0.05,0.0,2.312326431274414,0.6666666666666666,0.0,0.0,0.016666666666666666
R07,B29,0.9,0.050277777777777775,0.050277777777777775,3.948132276535034,1.9890196323394775,2.428981065750122,1.3705860376358032,0.6666666666666666,1.4586150646209717,0.05,0.0,2.6842241287231445,0.6666666666666666,0.03333333333333333,0.4666666666666667,0.6833333333333333
R07,B30,0.3,0.050277777777777775,0.050277777777777775,3.948132276535034,1.9890196323394775,2.428981065750122,1.3705860376358032,0.5,1.2178757190704346,0.0,0.016666666666666666,0.0,0.0,0.0,0.0,0.016666666666666666
R07,B30,0.6,0.050277777777777775,0.050277777777777775,3.948132276535034,1.9890196323394775,2.428981065750122,1.3705860376358032,0.6,1.2178757190704346,0.0,0.016666666666666666,0.0,0.0,0.0,0.0,0.016666666666666666
R07,B30,0.9,0.050277777777777775,0.050277777777777775,3.948132276535034,1.9890196323394775,2.428981065750122,1.3705860376358032,0.6666666666666666,1.2178757190704346,0.0,0.016666666666666666,0.0,0.0,0.0,0.0,0.016666666666666666
R07,B31,0.3,0.050277777777777775,0.050277777777777775,3.948132276535034,1.9890196323394775,2.428981065750122,1.3705860376358032,0.5,2.483238458633423,0.15,0.16666666666666666,3.4400343894958496,0.65,0.016666666666666666,0.016666666666666666,0.03333333333333333
R07,B31,0.6,0.050277777777777775,0.050277777777777775,3.948132276535034,1.9890196323394775,2.428981065750122,1.3705860376358032,0.6,2.483238458633423,0.15,0.16666666666666666,4.1170196533203125,0.65,0.05,0.06666666666666667,0.08333333333333333
R07,B31,0.9,0.050277777777777775,0.050277777777777775,3.948132276535034,1.9890196323394775,2.428981065750122,1.3705860376358032,0.6666666666666666,2.483238458633423,0.15,0.16666666666666666,4.5170392990112305,0.65,0.05,0.06666666666666667,0.6666666666666666
R07,B32,0.3,0.050277777777777775,0.050277777777777775,3.948132276535034,1.9890196323394775,2.428981065750122,1.3705860376358032,0.5,1.235471487045288,0.05,0.0,2.2355270385742188,0.6666666666666666,0.0,0.0,0.016666666666666666
R07,B32,0.6,0.050277777777777775,0.050277777777777775,3.948132276535034,1.9890196323394775,2.428981065750122,1.3705860376358032,0.6,1.235471487045288,0.05,0.0,2.8737237453460693,0.6666666666666666,0.03333333333333333,0.2833333333333333,0.6166666666666667
R07,B32,0.9,0.050277777777777775,0.050277777777777775,3.948132276535034,1.9890196323394775,2.428981065750122,1.3705860376358032,0.6666666666666666,1.235471487045288,0.05,0.0,3.2601799964904785,0.6666666666666666,0.03333333333333333,0.4666666666666667,0.6833333333333333
R07,B33,0.3,0.050277777777777775,0.050277777777777775,3.948132276535034,1.9890196323394775,2.428981065750122,1.3705860376358032,0.5,1.868720531463623,0.03333333333333333,0.016666666666666666,2.4008679389953613,0.65,0.016666666666666666,0.03333333333333333,0.05
R07,B33,0.6,0.050277777777777775,0.050277777777777775,3.948132276535034,1.9890196323394775,2.428981065750122,1.3705860376358032,0.6,1.868720531463623,0.03333333333333333,0.016666666666666666,3.0476365089416504,0.65,0.016666666666666666,0.08333333333333333,0.1
R07,B33,0.9,0.050277777777777775,0.050277777777777775,3.948132276535034,1.9890196323394775,2.428981065750122,1.3705860376358032,0.6666666666666666,1.868720531463623,0.03333333333333333,0.016666666666666666,3.4371511936187744,0.65,0.016666666666666666,0.08333333333333333,0.6666666666666666
R07,B34,0.3,0.050277777777777775,0.050277777777777775,3.948132276535034,1.9890196323394775,2.428981065750122,1.3705860376358032,0.5,3.2220706939697266,0.15,0.21666666666666667,2.9569807052612305,0.65,0.03333333333333333,0.03333333333333333,0.05
R07,B34,0.6,0.050277777777777775,0.050277777777777775,3.948132276535034,1.9890196323394775,2.428981065750122,1.3705860376358032,0.6,3.2220706939697266,0.15,0.21666666666666667,3.6237964630126953,0.65,0.05,0.06666666666666667,0.08333333333333333
R07,B34,0.9,0.050277777777777775,0.050277777777777775,3.948132276535034,1.9890196323394775,2.428981065750122,1.3705860376358032,0.6666666666666666,3.2220706939697266,0.15,0.21666666666666667,4.020327568054199,0.65,0.05,0.3,0.6666666666666666
R07,B35,0.3,0.050277777777777775,0.050277777777777775,3.948132276535034,1.9890196323394775,2.428981065750122,1.3705860376358032,0.5,3.7686145305633545,0.016666666666666666,0.03333333333333333,0.6823497414588928,0.65,0.0,0.0,0.016666666666666666
R07,B35,0.6,0.050277777777777775,0.050277777777777775,3.948132276535034,1.9890196323394775,2.428981065750122,1.3705860376358032,0.6,3.7686145305633545,0.016666666666666666,0.03333333333333333,1.0841896533966064,0.65,0.0,0.0,0.016666666666666666
R07,B35,0.9,0.050277777777777775,0.050277777777777775,3.948132276535034,1.9890196323394775,2.428981065750122,1.3705860376358032,0.6666666666666666,3.7686145305633545,0.016666666666666666,0.03333333333333333,1.3700541257858276,0.65,0.0,0.0,0.016666666666666666
R07,B36,0.3,0.050277777777777775,0.050277777777777775,3.948132276535034,1.9890196323394775,2.428981065750122,1.3705860376358032,0.5,4.832066535949707,0.0,0.016666666666666666,0.0,0.0,0.0,0.0,0.016666666666666666
R07,B36,0.6,0.050277777777777775,0.050277777777777775,3.948132276535034,1.9890196323394775,2.428981065750122,1.3705860376358032,0.6,4.832066535949707,0.0,0.016666666666666666,0.0,0.0,0.0,0.0,0.016666666666666666
R07,B36,0.9,0.050277777777777775,0.050277777777777775,3.948132276535034,1.9890196323394775,2.428981065750122,1.3705860376358032,0.6666666666666666,4.832066535949707,0.0,0.016666666666666666,0.0,0.0,0.0,0.0,0.016666666666666666
R07,B37,0.3,0.050277777777777775,0.050277777777777775,3.948132276535034,1.9890196323394775,2.428981065750122,1.3705860376358032,0.5,1.5260562896728516,0.0,0.016666666666666666,0.0,0.0,0.0,0.0,0.016666666666666666
R07,B37,0.6,0.050277777777777775,0.050277777777777775,3.948132276535034,1.9890196323394775,2.428981065750122,1.3705860376358032,0.6,1.5260562896728516,0.0,0.016666666666666666,0.0,0.0,0.0,0.0,0.016666666666666666
R07,B37,0.9,0.050277777777777775,0.050277777777777775,3.948132276535034,1.9890196323394775,2.428981065750122,1.3705860376358032,0.6666666666666666,1.5260562896728516,0.0,0.016666666666666666,0.0,0.0,0.0,0.0,0.016666666666666666
R07,B38,0.3,0.050277777777777775,0.050277777777777775,3.948132276535034,1.9890196323394775,2.428981065750122,1.3705860376358032,0.5,1.7509374618530273,0.03333333333333333,0.0,0.4666971266269684,0.6666666666666666,0.0,0.0,0.016666666666666666
R07,B38,0.6,0.050277777777777775,0.050277777777777775,3.948132276535034,1.9890196323394775,2.428981065750122,1.3705860376358032,0.6,1.7509374618530273,0.03333333333333333,0.0,0.7836442589759827,0.6666666666666666,0.0,0.0,0.016666666666666666
R07,B38,0.9,0.050277777777777775,0.050277777777777775,3.948132276535034,1.9890196323394775,2.428981065750122,1.3705860376358032,0.6666666666666666,1.7509374618530273,0.03333333333333333,0.0,1.02394437789917,0.6666666666666666,0.0,0.0,0.016666666666666666
R07,B39,0.3,0.050277777777777775,0.050277777777777775,3.948132276535034,1.9890196323394775,2.428981065750122,1.3705860376358032,0.5,1.4374626874923706,0.0,0.016666666666666666,0.0,0.0,0.0,0.0,0.016666666666666666
R07,B39,0.6,0.050277777777777775,0.050277777777777775,3.948132276535034,1.9890196323394775,2.428981065750122,1.3705860376358032,0.6,1.4374626874923706,0.0,0.016666666666666666,0.0,0.0,0.0,0.0,0.016666666666666666
R07,B39,0.9,0.050277777777777775,0.050277777777777775,3.948132276535034,1.9890196323394775,2.428981065750122,1.3705860376358032,0.6666666666666666,1.4374626874923706,0.0,0.016666666666666666,0.0,0.0,0.0,0.0,0.016666666666666666
R07,B40,0.3,0.050277777777777775,0.050277777777777775,3.948132276535034,1.9890196323394775,2.428981065750122,1.3705860376358032,0.5,0.9001613855361938,0.016666666666666666,0.0,1.1748558282852173,0.6666666666666666,0.0,0.0,0.016666666666666666
R07,B40,0.6,0.050277777777777775,0.050277777777777775,3.948132276535034,1.9890196323394775,2.428981065750122,1.3705860376358032,0.6,0.9001613855361938,0.016666666666666666,0.0,1.700256586074829,0.6666666666666666,0.0,0.0,0.016666666666666666
R07,B40,0.9,0.050277777777777775,0.050277777777777775,3.948132276535034,1.9890196323394775,2.428981065750122,1.3705860376358032,0.6666666666666666,0.9001613855361938,0.016666666666666666,0.0,2.0429108142852783,0.6666666666666666,0.016666666666666666,0.31666666666666665,0.6833333333333333
R07,B41,0.3,0.050277777777777775,0.050277777777777775,3.948132276535034,1.9890196323394775,2.428981065750122,1.3705860376358032,0.5,3.3079850673675537,0.13333333333333333,0.11666666666666667,2.26932692527771,0.65,0.03333333333333333,0.03333333333333333,0.05
R07,B41,0.6,0.050277777777777775,0.050277777777777775,3.948132276535034,1.9890196323394775,2.428981065750122,1.3705860376358032,0.6,3.3079850673675537,0.13333333333333333,0.11666666666666667,2.9093995094299316,0.65,0.03333333333333333,0.03333333333333333,0.05
R07,B41,0.9,0.050277777777777775,0.050277777777777775,3.948132276535034,1.9890196323394775,2.428981065750122,1.3705860376358032,0.6666666666666666,3.3079850673675537,0.13333333333333333,0.11666666666666667,3.296527862548828,0.65,0.06666666666666667,0.43333333333333335,0.6666666666666666
R07,B42,0.3,0.050277777777777775,0.050277777777777775,3.948132276535034,1.9890196323394775,2.428981065750122,1.3705860376358032,0.5,2.086913585662842,0.03333333333333333,0.016666666666666666,2.192204236984253,0.65,0.0,0.0,0.016666666666666666
R07,B42,0.6,0.050277777777777775,0.050277777777777775,3.948132276535034,1.9890196323394775,2.428981065750122,1.3705860376358032,0.6,2.086913585662842,0.03333333333333333,0.016666666666666666,2.8278968334198,0.65,0.0,0.0,0.016666666666666666
R07,B42,0.9,0.050277777777777775,0.050277777777777775,3.948132276535034,1.9890196323394775,2.428981065750122,1.3705860376358032,0.6666666666666666,2.086913585662842,0.03333333333333333,0.016666666666666666,3.2134525775909424,0.65,0.016666666666666666,0.3,0.6666666666666666
R07,B43,0.3,0.050277777777777775,0.050277777777777775,3.948132276535034,1.9890196323394775,2.428981065750122,1.3705860376358032,0.5,2.9739978313446045,0.16666666666666666,0.15,2.224966287612915,0.65,0.0,0.0,0.016666666666666666
R07,B43,0.6,0.050277777777777775,0.050277777777777775,3.948132276535034,1.9890196323394775,2.428981065750122,1.3705860376358032,0.6,2.9739978313446045,0.16666666666666666,0.15,2.862563133239746,0.65,0.06666666666666667,0.2,0.55
R07,B43,0.9,0.050277777777777775,0.050277777777777775,3.948132276535034,1.9890196323394775,2.428981065750122,1.3705860376358032,0.6666666666666666,2.9739978313446045,0.16666666666666666,0.15,3.2488036155700684,0.65,0.06666666666666667,0.3,0.6666666666666666
R07,B44,0.3,0.050277777777777775,0.050277777777777775,3.948132276535034,1.9890196323394775,2.428981065750122,1.3705860376358032,0.5,1.1662709712982178,0.0,0.0,0.0,0.0,0.0,0.0,0.016666666666666666
R07,B44,0.6,0.050277777777777775,0.050277777777777775,3.948132276535034,1.9890196323394775,2.428981065750122,1.3705860376358032,0.6,1.1662709712982178,0.0,0.0,0.0,0.0,0.0,0.0,0.016666666666666666
R07,B44,0.9,0.050277777777777775,0.050277777777777775,3.948132276535034,1.9890196323394775,2.428981065750122,1.3705860376358032,0.6666666666666666,1.1662709712982178,0.0,0.0,0.0,0.0,0.0,0.0,0.016666666666666666
R07,B45,0.3,0.050277777777777775,0.050277777777777775,3.948132276535034,1.9890196323394775,2.428981065750122,1.3705860376358032,0.5,0.9555114507675171,0.016666666666666666,0.0,1.5151273012161255,0.6666666666666666,0.0,0.0,0.016666666666666666
R07,B45,0.6,0.050277777777777775,0.050277777777777775,3.948132276535034,1.9890196323394775,2.428981065750122,1.3705860376358032,0.6,0.9555114507675171,0.016666666666666666,0.0,2.0918641090393066,0.6666666666666666,0.0,0.0,0.016666666666666666
R07,B45,0.9,0.050277777777777775,0.050277777777777775,3.948132276535034,1.9890196323394775,2.428981065750122,1.3705860376358032,0.6666666666666666,0.9555114507675171,0.016666666666666666,0.0,2.4553062915802,0.6666666666666666,0.016666666666666666,0.38333333333333336,0.6833333333333333
R07,B46,0.3,0.050277777777777775,0.050277777777777775,3.948132276535034,1.9890196323394775,2.428981065750122,1.3705860376358032,0.5,2.9030685424804688,0.0,0.016666666666666666,0.0,0.0,0.0,0.0,0.016666666666666666
R07,B46,0.6,0.050277777777777775,0.050277777777777775,3.948132276535034,1.9890196323394775,2.428981065750122,1.3705860376358032,0.6,2.9030685424804688,0.0,0.016666666666666666,0.0,0.0,0.0,0.0,0.016666666666666666
R07,B46,0.9,0.050277777777777775,0.050277777777777775,3.948132276535034,1.9890196323394775,2.428981065750122,1.3705860376358032,0.6666666666666666,2.9030685424804688,0.0,0.016666666666666666,0.0,0.0,0.0,0.0,0.016666666666666666
R07,B47,0.3,0.050277777777777775,0.050277777777777775,3.948132276535034,1.9890196323394775,2.428981065750122,1.3705860376358032,0.5,1.7422189712524414,0.03333333333333333,0.0,1.860854148864746,0.6666666666666666,0.0,0.0,0.016666666666666666
R07,B47,0.6,0.050277777777777775,0.050277777777777775,3.948132276535034,1.9890196323394775,2.428981065750122,1.3705860376358032,0.6,1.7422189712524414,0.03333333333333333,0.0,2.473040819168091,0.6666666666666666,0.016666666666666666,0.25,0.5666666666666667
R07,B47,0.9,0.050277777777777775,0.050277777777777775,3.948132276535034,1.9890196323394775,2.428981065750122,1.3705860376358032,0.6666666666666666,1.7422189712524414,0.03333333333333333,0.0,2.849993944168091,0.6666666666666666,0.016666666666666666,0.45,0.6833333333333333
R07,B48,0.3,0.050277777777777775,0.050277777777777775,3.948132276535034,1.9890196323394775,2.428981065750122,1.3705860376358032,0.5,2.810004949569702,0.08333333333333333,0.15,2.3233885765075684,0.65,0.016666666666666666,0.016666666666666666,0.03333333333333333
R07,B48,0.6,0.050277777777777775,0.050277777777777775,3.948132276535034,1.9890196323394775,2.428981065750122,1.3705860376358032,0.6,2.810004949569702,0.08333333333333333,0.15,2.966325283050537,0.65,0.016666666666666666,0.016666666666666666,0.03333333333333333
R07,B48,0.9,0.050277777777777775,0.050277777777777775,3.948132276535034,1.9890196323394775,2.428981065750122,1.3705860376358032,0.6666666666666666,2.810004949569702,0.08333333333333333,0.15,3.3544771671295166,0.65,0.03333333333333333,0.3,0.6666666666666666
R07,B49,0.3,0.050277777777777775,0.050277777777777775,3.948132276535034,1.9890196323394775,2.428981065750122,1.3705860376358032,0.5,2.7311155796051025,0.016666666666666666,0.016666666666666666,0.1573648601770401,0.65,0.0,0.0,0.016666666666666666
R07,B49,0.6,0.050277777777777775,0.050277777777777775,3.948132276535034,1.9890196323394775,2.428981065750122,1.3705860376358032,0.6,2.7311155796051025,0.016666666666666666,0.016666666666666666,0.2933001220226288,0.65,0.0,0.0,0.016666666666666666
R07,B49,0.9,0.050277777777777775,0.050277777777777775,3.948132276535034,1.9890196323394775,2.428981065750122,1.3705860376358032,0.6666666666666666,2.7311155796051025,0.016666666666666666,0.016666666666666666,0.4129487872123718,0.65,0.0,0.0,0.016666666666666666
R07,B50,0.3,0.050277777777777775,0.050277777777777775,3.948132276535034,1.9890196323394775,2.428981065750122,1.3705860376358032,0.5,1.3244189023971558,0.016666666666666666,0.0,0.7012132406234741,0.6666666666666666,0.0,0.0,0.016666666666666666
R07,B50,0.6,0.050277777777777775,0.050277777777777775,3.948132276535034,1.9890196323394775,2.428981065750122,1.3705860376358032,0.6,1.3244189023971558,0.016666666666666666,0.0,1.1093525886535645,0.6666666666666666,0.0,0.0,0.016666666666666666
R07,B50,0.9,0.050277777777777775,0.050277777777777775,3.948132276535034,1.9890196323394775,2.428981065750122,1.3705860376358032,0.6666666666666666,1.3244189023971558,0.016666666666666666,0.0,1.3983690738677979,0.6666666666666666,0.0,0.0,0.016666666666666666
R07,B51,0.3,0.050277777777777775,0.050277777777777775,3.948132276535034,1.9890196323394775,2.428981065750122,1.3705860376358032,0.5,1.0750023126602173,0.0,0.0,0.0,0.0,0.0,0.0,0.016666666666666666
R07,B51,0.6,0.050277777777777775,0.050277777777777775,3.948132276535034,1.9890196323394775,2.428981065750122,1.3705860376358032,0.6,1.0750023126602173,0.0,0.0,0.0,0.0,0.0,0.0,0.016666666666666666
R07,B51,0.9,0.050277777777777775,0.050277777777777775,3.948132276535034,1.9890196323394775,2.428981065750122,1.3705860376358032,0.6666666666666666,1.0750023126602173,0.0,0.0,0.0,0.0,0.0,0.0,0.016666666666666666
R07,B52,0.3,0.050277777777777775,0.050277777777777775,3.948132276535034,1.9890196323394775,2.428981065750122,1.3705860376358032,0.5,1.1085625886917114,0.016666666666666666,0.0,1.4578777551651,0.6666666666666666,0.0,0.0,0.016666666666666666
R07,B52,0.6,0.050277777777777775,0.050277777777777775,3.948132276535034,1.9890196323394775,2.428981065750122,1.3705860376358032,0.6,1.1085625886917114,0.016666666666666666,0.0,2.0273139476776123,0.6666666666666666,0.0,0.0,0.016666666666666666
R07,B52,0.9,0.050277777777777775,0.050277777777777775,3.948132276535034,1.9890196323394775,2.428981065750122,1.3705860376358032,0.6666666666666666,1.1085625886917114,0.016666666666666666,0.0,2.387890338897705,0.6666666666666666,0.0,0.0,0.016666666666666666
R07,B53,0.3,0.050277777777777775,0.050277777777777775,3.948132276535034,1.9890196323394775,2.428981065750122,1.3705860376358032,0.5,4.5484938621521,0.016666666666666666,0.016666666666666666,0.9874971508979797,0.65,0.0,0.0,0.016666666666666666
R07,B53,0.6,0.050277777777777775,0.050277777777777775,3.948132276535034,1.9890196323394775,2.428981065750122,1.3705860376358032,0.6,4.5484938621521,0.016666666666666666,0.016666666666666666,1.4745373725891113,0.65,0.0,0.0,0.016666666666666666
R07,B53,0.9,0.050277777777777775,0.050277777777777775,3.948132276535034,1.9890196323394775,2.428981065750122,1.3705860376358032,0.6666666666666666,4.5484938621521,0.016666666666666666,0.016666666666666666,1.8006401062011719,0.65,0.0,0.0,0.016666666666666666
R07,B54,0.3,0.050277777777777775,0.050277777777777775,3.948132276535034,1.9890196323394775,2.428981065750122,1.3705860376358032,0.5,4.610058307647705,0.05,0.03333333333333333,1.7830361127853394,0.65,0.0,0.0,0.016666666666666666
R07,B54,0.6,0.050277777777777775,0.050277777777777775,3.948132276535034,1.9890196323394775,2.428981065750122,1.3705860376358032,0.6,4.610058307647705,0.05,0.03333333333333333,2.3883750438690186,0.65,0.0,0.0,0.016666666666666666
R07,B54,0.9,0.050277777777777775,0.050277777777777775,3.948132276535034,1.9890196323394775,2.428981065750122,1.3705860376358032,0.6666666666666666,4.610058307647705,0.05,0.03333333333333333,2.7627694606781006,0.65,0.0,0.0,0.016666666666666666
R07,B55,0.3,0.050277777777777775,0.050277777777777775,3.948132276535034,1.9890196323394775,2.428981065750122,1.3705860376358032,0.5,1.5475624799728394,0.016666666666666666,0.016666666666666666,1.3285870552062988,0.65,0.0,0.0,0.016666666666666666
R07,B55,0.6,0.050277777777777775,0.050277777777777775,3.948132276535034,1.9890196323394775,2.428981065750122,1.3705860376358032,0.6,1.5475624799728394,0.016666666666666666,0.016666666666666666,1.8796801567077637,0.65,0.0,0.0,0.016666666666666666
R07,B55,0.9,0.050277777777777775,0.050277777777777775,3.948132276535034,1.9890196323394775,2.428981065750122,1.3705860376358032,0.6666666666666666,1.5475624799728394,0.016666666666666666,0.016666666666666666,2.2329256534576416,0.65,0.016666666666666666,0.3,0.6666666666666666
R07,B56,0.3,0.050277777777777775,0.050277777777777775,3.948132276535034,1.9890196323394775,2.428981065750122,1.3705860376358032,0.5,1.9600948095321655,0.016666666666666666,0.0,0.4504474699497223,0.6666666666666666,0.0,0.0,0.016666666666666666
R07,B56,0.6,0.050277777777777775,0.050277777777777775,3.948132276535034,1.9890196323394775,2.428981065750122,1.3705860376358032,0.6,1.9600948095321655,0.016666666666666666,0.0,0.7598840594291687,0.6666666666666666,0.0,0.0,0.016666666666666666
R07,B56,0.9,0.050277777777777775,0.050277777777777775,3.948132276535034,1.9890196323394775,2.428981065750122,1.3705860376358032,0.6666666666666666,1.9600948095321655,0.016666666666666666,0.0,0.9958566427230835,0.6666666666666666,0.0,0.0,0.016666666666666666
R07,B57,0.3,0.050277777777777775,0.050277777777777775,3.948132276535034,1.9890196323394775,2.428981065750122,1.3705860376358032,0.5,3.0855729579925537,0.13333333333333333,0.08333333333333333,2.305292844772339,0.65,0.0,0.0,0.016666666666666666
R07,B57,0.6,0.050277777777777775,0.050277777777777775,3.948132276535034,1.9890196323394775,2.428981065750122,1.3705860376358032,0.6,3.0855729579925537,0.13333333333333333,0.08333333333333333,2.947288990020752,0.65,0.0,0.0,0.016666666666666666
R07,B57,0.9,0.050277777777777775,0.050277777777777775,3.948132276535034,1.9890196323394775,2.428981065750122,1.3705860376358032,0.6666666666666666,3.0855729579925537,0.13333333333333333,0.08333333333333333,3.3351051807403564,0.65,0.05,0.31666666666666665,0.6666666666666666
R07,B58,0.3,0.050277777777777775,0.050277777777777775,3.948132276535034,1.9890196323394775,2.428981065750122,1.3705860376358032,0.5,1.6311994791030884,0.03333333333333333,0.016666666666666666,1.7505462169647217,0.65,0.0,0.0,0.016666666666666666
R07,B58,0.6,0.050277777777777775,0.050277777777777775,3.948132276535034,1.9890196323394775,2.428981065750122,1.3705860376358032,0.6,1.6311994791030884,0.03333333333333333,0.016666666666666666,2.3528497219085693,0.65,0.016666666666666666,0.3,0.6166666666666667
R07,B58,0.9,0.050277777777777775,0.050277777777777775,3.948132276535034,1.9890196323394775,2.428981065750122,1.3705860376358032,0.6666666666666666,1.6311994791030884,0.03333333333333333,0.016666666666666666,2.726102113723755,0.65,0.03333333333333333,0.36666666666666664,0.6666666666666666
R07,B59,0.3,0.050277777777777775,0.050277777777777775,3.948132276535034,1.9890196323394775,2.428981065750122,1.3705860376358032,0.5,1.5706970691680908,0.016666666666666666,0.0,0.9013916254043579,0.6666666666666666,0.0,0.0,0.016666666666666666
R07,B59,0.6,0.050277777777777775,0.050277777777777775,3.948132276535034,1.9890196323394775,2.428981065750122,1.3705860376358032,0.6,1.5706970691680908,0.016666666666666666,0.0,1.3676354885101318,0.6666666666666666,0.0,0.0,0.016666666666666666
R07,B59,0.9,0.050277777777777775,0.050277777777777775,3.948132276535034,1.9890196323394775,2.428981065750122,1.3705860376358032,0.6666666666666666,1.5706970691680908,0.016666666666666666,0.0,1.684375524520874,0.6666666666666666,0.0,0.0,0.016666666666666666
R07,B60,0.3,0.050277777777777775,0.050277777777777775,3.948132276535034,1.9890196323394775,2.428981065750122,1.3705860376358032,0.5,0.9001613855361938,0.016666666666666666,0.0,0.5604203343391418,0.6666666666666666,0.0,0.0,0.016666666666666666
R07,B60,0.6,0.050277777777777775,0.050277777777777775,3.948132276535034,1.9890196323394775,2.428981065750122,1.3705860376358032,0.6,0.9001613855361938,0.016666666666666666,0.0,0.9174168705940247,0.6666666666666666,0.0,0.0,0.016666666666666666
R07,B60,0.9,0.050277777777777775,0.050277777777777775,3.948132276535034,1.9890196323394775,2.428981065750122,1.3705860376358032,0.6666666666666666,0.9001613855361938,0.016666666666666666,0.0,1.1799542903900146,0.6666666666666666,0.0,0.0,0.016666666666666666
R08,B01,0.3,0.03972222222222222,0.03972222222222222,4.0623908042907715,2.522197723388672,1.9854487180709839,1.277578592300415,0.75,2.8349764347076416,0.016666666666666666,0.016666666666666666,0.9851830005645752,0.7833333333333333,0.0,0.0,0.016666666666666666
R08,B01,0.6,0.03972222222222222,0.03972222222222222,4.0623908042907715,2.522197723388672,1.9854487180709839,1.277578592300415,0.8,2.8349764347076416,0.016666666666666666,0.016666666666666666,1.4716928005218506,0.7833333333333333,0.0,0.0,0.016666666666666666
R08,B01,0.9,0.03972222222222222,0.03972222222222222,4.0623908042907715,2.522197723388672,1.9854487180709839,1.277578592300415,0.8,2.8349764347076416,0.016666666666666666,0.016666666666666666,1.797560214996338,0.7833333333333333,0.0,0.0,0.016666666666666666
R08,B02,0.3,0.03972222222222222,0.03972222222222222,4.0623908042907715,2.522197723388672,1.9854487180709839,1.277578592300415,0.75,1.1693813800811768,0.016666666666666666,0.016666666666666666,0.7019760012626648,0.7833333333333333,0.0,0.0,0.016666666666666666
R08,B02,0.6,0.03972222222222222,0.03972222222222222,4.0623908042907715,2.522197723388672,1.9854487180709839,1.277578592300415,0.8,1.1693813800811768,0.016666666666666666,0.016666666666666666,1.1103668212890625,0.7833333333333333,0.0,0.0,0.016666666666666666
R08,B02,0.9,0.03972222222222222,0.03972222222222222,4.0623908042907715,2.522197723388672,1.9854487180709839,1.277578592300415,0.8,1.1693813800811768,0.016666666666666666,0.016666666666666666,1.3995084762573242,0.7833333333333333,0.0,0.0,0.016666666666666666
R08,B03,0.3,0.03972222222222222,0.03972222222222222,4.0623908042907715,2.522197723388672,1.9854487180709839,1.277578592300415,0.75,0.9001613855361938,0.0,0.016666666666666666,0.0,0.0,0.0,0.0,0.016666666666666666
R08,B03,0.6,0.03972222222222222,0.03972222222222222,4.0623908042907715,2.522197723388672,1.9854487180709839,1.277578592300415,0.8,0.9001613855361938,0.0,0.016666666666666666,0.0,0.0,0.0,0.0,0.016666666666666666
R08,B03,0.9,0.03972222222222222,0.03972222222222222,4.0623908042907715,2.522197723388672,1.9854487180709839,1.277578592300415,0.8,0.9001613855361938,0.0,0.016666666666666666,0.0,0.0,0.0,0.0,0.016666666666666666
R08,B04,0.3,0.03972222222222222,0.03972222222222222,4.0623908042907715,2.522197723388672,1.9854487180709839,1.277578592300415,0.75,1.8656293153762817,0.016666666666666666,0.016666666666666666,2.829655408859253,0.7833333333333333,0.016666666666666666,0.2833333333333333,0.5166666666666667
R08,B04,0.6,0.03972222222222222,0.03972222222222222,4.0623908042907715,2.522197723388672,1.9854487180709839,1.277578592300415,0.8,1.8656293153762817,0.016666666666666666,0.016666666666666666,3.4928417205810547,0.7833333333333333,0.016666666666666666,0.6166666666666667,0.8
R08,B04,0.9,0.03972222222222222,0.03972222222222222,4.0623908042907715,2.522197723388672,1.9854487180709839,1.277578592300415,0.8,1.8656293153762817,0.016666666666666666,0.016666666666666666,3.8881168365478516,0.7833333333333333,0.016666666666666666,0.7833333333333333,0.8
R08,B05,0.3,0.03972222222222222,0.03972222222222222,4.0623908042907715,2.522197723388672,1.9854487180709839,1.277578592300415,0.75,2.633326768875122,0.016666666666666666,0.03333333333333333,1.4574296474456787,0.7833333333333333,0.0,0.0,0.016666666666666666
R08,B05,0.6,0.03972222222222222,0.03972222222222222,4.0623908042907715,2.522197723388672,1.9854487180709839,1.277578592300415,0.8,2.633326768875122,0.016666666666666666,0.03333333333333333,2.0268068313598633,0.7833333333333333,0.0,0.0,0.016666666666666666
R08,B05,0.9,0.03972222222222222,0.03972222222222222,4.0623908042907715,2.522197723388672,1.9854487180709839,1.277578592300415,0.8,2.633326768875122,0.016666666666666666,0.03333333333333333,2.387359619140625,0.7833333333333333,0.016666666666666666,0.35,0.36666666666666664
R08,B06,0.3,0.03972222222222222,0.03972222222222222,4.0623908042907715,2.522197723388672,1.9854487180709839,1.277578592300415,0.75,2.9533464908599854,0.03333333333333333,0.03333333333333333,3.381873607635498,0.7833333333333333,0.03333333333333333,0.35,0.5833333333333334
R08,B06,0.6,0.03972222222222222,0.03972222222222222,4.0623908042907715,2.522197723388672,1.9854487180709839,1.277578592300415,0.8,2.9533464908599854,0.03333333333333333,0.03333333333333333,4.057882785797119,0.7833333333333333,0.03333333333333333,0.6166666666666667,0.8
R08,B06,0.9,0.03972222222222222,0.03972222222222222,4.0623908042907715,2.522197723388672,1.9854487180709839,1.277578592300415,0.8,2.9533464908599854,0.03333333333333333,0.03333333333333333,4.457569122314453,0.7833333333333333,0.03333333333333333,0.7833333333333333,0.8
R08,B07,0.3,0.03972222222222222,0.03972222222222222,4.0623908042907715,2.522197723388672,1.9854487180709839,1.277578592300415,0.75,1.4303113222122192,0.016666666666666666,0.016666666666666666,0.1892159879207611,0.7833333333333333,0.0,0.0,0.016666666666666666
R08,B07,0.6,0.03972222222222222,0.03972222222222222,4.0623908042907715,2.522197723388672,1.9854487180709839,1.277578592300415,0.8,1.4303113222122192,0.016666666666666666,0.016666666666666666,0.34826231002807617,0.7833333333333333,0.0,0.0,0.016666666666666666
R08,B07,0.9,0.03972222222222222,0.03972222222222222,4.0623908042907715,2.522197723388672,1.9854487180709839,1.277578592300415,0.8,1.4303113222122192,0.016666666666666666,0.016666666666666666,0.48544973134994507,0.7833333333333333,0.0,0.0,0.016666666666666666
R08,B08,0.3,0.03972222222222222,0.03972222222222222,4.0623908042907715,2.522197723388672,1.9854487180709839,1.277578592300415,0.75,1.5560370683670044,0.03333333333333333,0.016666666666666666,1.2351971864700317,0.7833333333333333,0.0,0.0,0.016666666666666666
R08,B08,0.6,0.03972222222222222,0.03972222222222222,4.0623908042907715,2.522197723388672,1.9854487180709839,1.277578592300415,0.8,1.5560370683670044,0.03333333333333333,0.016666666666666666,1.771235704421997,0.7833333333333333,0.0,0.0,0.016666666666666666
R08,B08,0.9,0.03972222222222222,0.03972222222222222,4.0623908042907715,2.522197723388672,1.9854487180709839,1.277578592300415,0.8,1.5560370683670044,0.03333333333333333,0.016666666666666666,2.1183218955993652,0.7833333333333333,0.016666666666666666,0.35,0.36666666666666664
R08,B09,0.3,0.03972222222222222,0.03972222222222222,4.0623908042907715,2.522197723388672,1.9854487180709839,1.277578592300415,0.75,3.8846518993377686,0.0,0.03333333333333333,0.0,0.0,0.0,0.0,0.016666666666666666
R08,B09,0.6,0.03972222222222222,0.03972222222222222,4.0623908042907715,2.522197723388672,1.9854487180709839,1.277578592300415,0.8,3.8846518993377686,0.0,0.03333333333333333,0.0,0.0,0.0,0.0,0.016666666666666666
R08,B09,0.9,0.03972222222222222,0.03972222222222222,4.0623908042907715,2.522197723388672,1.9854487180709839,1.277578592300415,0.8,3.8846518993377686,0.0,0.03333333333333333,0.0,0.0,0.0,0.0,0.016666666666666666
R08,B10,0.3,0.03972222222222222,0.03972222222222222,4.0623908042907715,2.522197723388672,1.9854487180709839,1.277578592300415,0.75,1.302912712097168,0.03333333333333333,0.016666666666666666,2.345029830932617,0.7833333333333333,0.0,0.0,0.016666666666666666
R08,B10,0.6,0.03972222222222222,0.03972222222222222,4.0623908042907715,2.522197723388672,1.9854487180709839,1.277578592300415,0.8,1.302912712097168,0.03333333333333333,0.016666666666666666,2.9890687465667725,0.7833333333333333,0.03333333333333333,0.7833333333333333,0.8
R08,B10,0.9,0.03972222222222222,0.03972222222222222,4.0623908042907715,2.522197723388672,1.9854487180709839,1.277578592300415,0.8,1.302912712097168,0.03333333333333333,0.016666666666666666,3.3776133060455322,0.7833333333333333,0.03333333333333333,0.7833333333333333,0.8
R08,B11,0.3,0.03972222222222222,0.03972222222222222,4.0623908042907715,2.522197723388672,1.9854487180709839,1.277578592300415,0.75,3.0689828395843506,0.1,0.1,2.2157726287841797,0.7833333333333333,0.03333333333333333,0.03333333333333333,0.05
R08,B11,0.6,0.03972222222222222,0.03972222222222222,4.0623908042907715,2.522197723388672,1.9854487180709839,1.277578592300415,0.8,3.0689828395843506,0.1,0.1,2.852841854095459,0.7833333333333333,0.06666666666666667,0.35,0.36666666666666664
R08,B11,0.9,0.03972222222222222,0.03972222222222222,4.0623908042907715,2.522197723388672,1.9854487180709839,1.277578592300415,0.8,3.0689828395843506,0.1,0.1,3.2388930320739746,0.7833333333333333,0.06666666666666667,0.35,0.36666666666666664
R08,B12,0.3,0.03972222222222222,0.03972222222222222,4.0623908042907715,2.522197723388672,1.9854487180709839,1.277578592300415,0.75,3.374168634414673,0.16666666666666666,0.15,3.334869384765625,0.7833333333333333,0.1,0.25,0.48333333333333334
R08,B12,0.6,0.03972222222222222,0.03972222222222222,4.0623908042907715,2.522197723388672,1.9854487180709839,1.277578592300415,0.8,3.374168634414673,0.16666666666666666,0.15,4.010046482086182,0.7833333333333333,0.1,0.4666666666666667,0.8
R08,B12,0.9,0.03972222222222222,0.03972222222222222,4.0623908042907715,2.522197723388672,1.9854487180709839,1.277578592300415,0.8,3.374168634414673,0.16666666666666666,0.15,4.409449100494385,0.7833333333333333,0.11666666666666667,0.7833333333333333,0.8
R08,B13,0.3,0.03972222222222222,0.03972222222222222,4.0623908042907715,2.522197723388672,1.9854487180709839,1.277578592300415,0.75,2.7788193225860596,0.0,0.016666666666666666,0.0,0.0,0.0,0.0,0.016666666666666666
R08,B13,0.6,0.03972222222222222,0.03972222222222222,4.0623908042907715,2.522197723388672,1.9854487180709839,1.277578592300415,0.8,2.7788193225860596,0.0,0.016666666666666666,0.0,0.0,0.0,0.0,0.016666666666666666
R08,B13,0.9,0.03972222222222222,0.03972222222222222,4.0623908042907715,2.522197723388672,1.9854487180709839,1.277578592300415,0.8,2.7788193225860596,0.0,0.016666666666666666,0.0,0.0,0.0,0.0,0.016666666666666666
R08,B14,0.3,0.03972222222222222,0.03972222222222222,4.0623908042907715,2.522197723388672,1.9854487180709839,1.277578592300415,0.75,1.9286186695098877,0.03333333333333333,0.016666666666666666,1.6283152103424072,0.7833333333333333,0.016666666666666666,0.15,0.36666666666666664
R08,B14,0.6,0.03972222222222222,0.03972222222222222,4.0623908042907715,2.522197723388672,1.9854487180709839,1.277578592300415,0.8,1.9286186695098877,0.03333333333333333,0.016666666666666666,2.218177556991577,0.7833333333333333,0.016666666666666666,0.35,0.36666666666666664
R08,B14,0.9,0.03972222222222222,0.03972222222222222,4.0623908042907715,2.522197723388672,1.9854487180709839,1.277578592300415,0.8,1.9286186695098877,0.03333333333333333,0.016666666666666666,2.5866994857788086,0.7833333333333333,0.016666666666666666,0.35,0.36666666666666664
R08,B15,0.3,0.03972222222222222,0.03972222222222222,4.0623908042907715,2.522197723388672,1.9854487180709839,1.277578592300415,0.75,4.295924186706543,0.0,0.016666666666666666,0.0,0.0,0.0,0.0,0.016666666666666666
R08,B15,0.6,0.03972222222222222,0.03972222222222222,4.0623908042907715,2.522197723388672,1.9854487180709839,1.277578592300415,0.8,4.295924186706543,0.0,0.016666666666666666,0.0,0.0,0.0,0.0,0.016666666666666666
R08,B15,0.9,0.03972222222222222,0.03972222222222222,4.0623908042907715,2.522197723388672,1.9854487180709839,1.277578592300415,0.8,4.295924186706543,0.0,0.016666666666666666,0.0,0.0,0.0,0.0,0.016666666666666666
R08,B16,0.3,0.03972222222222222,0.03972222222222222,4.0623908042907715,2.522197723388672,1.9854487180709839,1.277578592300415,0.75,1.1474025249481201,0.03333333333333333,0.016666666666666666,2.537761688232422,0.7833333333333333,0.016666666666666666,0.03333333333333333,0.05
R08,B16,0.6,0.03972222222222222,0.03972222222222222,4.0623908042907715,2.522197723388672,1.9854487180709839,1.277578592300415,0.8,1.1474025249481201,0.03333333333333333,0.016666666666666666,3.190585136413574,0.7833333333333333,0.03333333333333333,0.35,0.36666666666666664
R08,B16,0.9,0.03972222222222222,0.03972222222222222,4.0623908042907715,2.522197723388672,1.9854487180709839,1.277578592300415,0.8,1.1474025249481201,0.03333333333333333,0.016666666666666666,3.5822391510009766,0.7833333333333333,0.03333333333333333,0.35,0.36666666666666664
R08,B17,0.3,0.03972222222222222,0.03972222222222222,4.0623908042907715,2.522197723388672,1.9854487180709839,1.277578592300415,0.75,0.40546509623527527,0.016666666666666666,0.016666666666666666,0.28176841139793396,0.7833333333333333,0.0,0.0,0.016666666666666666
R08,B17,0.6,0.03972222222222222,0.03972222222222222,4.0623908042907715,2.522197723388672,1.9854487180709839,1.277578592300415,0.8,0.40546509623527527,0.016666666666666666,0.016666666666666666,0.5013468861579895,0.7833333333333333,0.0,0.0,0.016666666666666666
R08,B17,0.9,0.03972222222222222,0.03972222222222222,4.0623908042907715,2.522197723388672,1.9854487180709839,1.277578592300415,0.8,0.40546509623527527,0.016666666666666666,0.016666666666666666,0.6812846064567566,0.7833333333333333,0.0,0.0,0.016666666666666666
R08,B18,0.3,0.03972222222222222,0.03972222222222222,4.0623908042907715,2.522197723388672,1.9854487180709839,1.277578592300415,0.75,1.6826883554458618,0.016666666666666666,0.016666666666666666,0.6994480490684509,0.7833333333333333,0.0,0.0,0.016666666666666666
R08,B18,0.6,0.03972222222222222,0.03972222222222222,4.0623908042907715,2.522197723388672,1.9854487180709839,1.277578592300415,0.8,1.6826883554458618,0.016666666666666666,0.016666666666666666,1.1070046424865723,0.7833333333333333,0.0,0.0,0.016666666666666666
R08,B18,0.9,0.03972222222222222,0.03972222222222222,4.0623908042907715,2.522197723388672,1.9854487180709839,1.277578592300415,0.8,1.6826883554458618,0.016666666666666666,0.016666666666666666,1.39573073387146,0.7833333333333333,0.0,0.0,0.016666666666666666
R08,B19,0.3,0.03972222222222222,0.03972222222222222,4.0623908042907715,2.522197723388672,1.9854487180709839,1.277578592300415,0.75,1.9065752029418945,0.016666666666666666,0.016666666666666666,0.39051106572151184,0.7833333333333333,0.0,0.0,0.016666666666666666
R08,B19,0.6,0.03972222222222222,0.03972222222222222,4.0623908042907715,2.522197723388672,1.9854487180709839,1.277578592300415,0.8,1.9065752029418945,0.016666666666666666,0.016666666666666666,0.6706314086914062,0.7833333333333333,0.0,0.0,0.016666666666666666
R08,B19,0.9,0.03972222222222222,0.03972222222222222,4.0623908042907715,2.522197723388672,1.9854487180709839,1.277578592300415,0.8,1.9065752029418945,0.016666666666666666,0.016666666666666666,0.8892102837562561,0.7833333333333333,0.0,0.0,0.016666666666666666
R08,B20,0.3,0.03972222222222222,0.03972222222222222,4.0623908042907715,2.522197723388672,1.9854487180709839,1.277578592300415,0.75,1.5129270553588867,0.016666666666666666,0.0,1.5959129333496094,0.8,0.0,0.0,0.016666666666666666
R08,B20,0.6,0.03972222222222222,0.03972222222222222,4.0623908042907715,2.522197723388672,1.9854487180709839,1.277578592300415,0.8,1.5129270553588867,0.016666666666666666,0.0,2.182185411453247,0.8,0.016666666666666666,0.6333333333333333,0.8166666666666667
R08,B20,0.9,0.03972222222222222,0.03972222222222222,4.0623908042907715,2.522197723388672,1.9854487180709839,1.277578592300415,0.8,1.5129270553588867,0.016666666666666666,0.0,2.5493271350860596,0.8,0.016666666666666666,0.8,0.8166666666666667
R08,B21,0.3,0.03972222222222222,0.03972222222222222,4.0623908042907715,2.522197723388672,1.9854487180709839,1.277578592300415,0.75,0.40546509623527527,0.016666666666666666,0.0,0.9400072693824768,0.8,0.0,0.0,0.016666666666666666
R08,B21,0.6,0.03972222222222222,0.03972222222222222,4.0623908042907715,2.522197723388672,1.9854487180709839,1.277578592300415,0.8,0.40546509623527527,0.016666666666666666,0.0,1.4158531427383423,0.8,0.0,0.0,0.016666666666666666
R08,B21,0.9,0.03972222222222222,0.03972222222222222,4.0623908042907715,2.522197723388672,1.9854487180709839,1.277578592300415,0.8,0.40546509623527527,0.016666666666666666,0.0,1.736951231956482,0.8,0.0,0.0,0.016666666666666666
R08,B22,0.3,0.03972222222222222,0.03972222222222222,4.0623908042907715,2.522197723388672,1.9854487180709839,1.277578592300415,0.75,3.7054905891418457,0.21666666666666667,0.2,3.1512997150421143,0.7833333333333333,0.11666666666666667,0.35,0.36666666666666664
R08,B22,0.6,0.03972222222222222,0.03972222222222222,4.0623908042907715,2.522197723388672,1.9854487180709839,1.277578592300415,0.8,3.7054905891418457,0.21666666666666667,0.2,3.8228163719177246,0.7833333333333333,0.11666666666666667,0.35,0.36666666666666664
R08,B22,0.9,0.03972222222222222,0.03972222222222222,4.0623908042907715,2.522197723388672,1.9854487180709839,1.277578592300415,0.8,3.7054905891418457,0.21666666666666667,0.2,4.22096586227417,0.7833333333333333,0.11666666666666667,0.35,0.36666666666666664
R08,B23,0.3,0.03972222222222222,0.03972222222222222,4.0623908042907715,2.522197723388672,1.9854487180709839,1.277578592300415,0.75,2.024193048477173,0.03333333333333333,0.016666666666666666,2.613269567489624,0.7833333333333333,0.016666666666666666,0.03333333333333333,0.36666666666666664
R08,B23,0.6,0.03972222222222222,0.03972222222222222,4.0623908042907715,2.522197723388672,1.9854487180709839,1.277578592300415,0.8,2.024193048477173,0.03333333333333333,0.016666666666666666,3.2690811157226562,0.7833333333333333,0.03333333333333333,0.35,0.36666666666666664
R08,B23,0.9,0.03972222222222222,0.03972222222222222,4.0623908042907715,2.522197723388672,1.9854487180709839,1.277578592300415,0.8,2.024193048477173,0.03333333333333333,0.016666666666666666,3.6617846488952637,0.7833333333333333,0.03333333333333333,0.35,0.36666666666666664
R08,B24,0.3,0.03972222222222222,0.03972222222222222,4.0623908042907715,2.522197723388672,1.9854487180709839,1.277578592300415,0.75,2.6071243286132812,0.15,0.18333333333333332,2.9381930828094482,0.7833333333333333,0.1,0.13333333333333333,0.36666666666666664
R08,B24,0.6,0.03972222222222222,0.03972222222222222,4.0623908042907715,2.522197723388672,1.9854487180709839,1.277578592300415,0.8,2.6071243286132812,0.15,0.18333333333333332,3.6045026779174805,0.7833333333333333,0.1,0.35,0.36666666666666664
R08,B24,0.9,0.03972222222222222,0.03972222222222222,4.0623908042907715,2.522197723388672,1.9854487180709839,1.277578592300415,0.8,2.6071243286132812,0.15,0.18333333333333332,4.000859260559082,0.7833333333333333,0.1,0.35,0.36666666666666664
R08,B25,0.3,0.03972222222222222,0.03972222222222222,4.0623908042907715,2.522197723388672,1.9854487180709839,1.277578592300415,0.75,0.9932518005371094,0.016666666666666666,0.0,1.3718987703323364,0.8,0.0,0.0,0.016666666666666666
R08,B25,0.6,0.03972222222222222,0.03972222222222222,4.0623908042907715,2.522197723388672,1.9854487180709839,1.277578592300415,0.8,0.9932518005371094,0.016666666666666666,0.0,1.9294410943984985,0.8,0.016666666666666666,0.48333333333333334,0.8166666666666667
R08,B25,0.9,0.03972222222222222,0.03972222222222222,4.0623908042907715,2.522197723388672,1.9854487180709839,1.277578592300415,0.8,0.9932518005371094,0.016666666666666666,0.0,2.285285234451294,0.8,0.016666666666666666,0.8,0.8166666666666667
R08,B26,0.3,0.03972222222222222,0.03972222222222222,4.0623908042907715,2.522197723388672,1.9854487180709839,1.277578592300415,0.75,2.3340837955474854,0.0,0.03333333333333333,0.0,0.0,0.0,0.0,0.016666666666666666
R08,B26,0.6,0.03972222222222222,0.03972222222222222,4.0623908042907715,2.522197723388672,1.9854487180709839,1.277578592300415,0.8,2.3340837955474854,0.0,0.03333333333333333,0.0,0.0,0.0,0.0,0.016666666666666666
R08,B26,0.9,0.03972222222222222,0.03972222222222222,4.0623908042907715,2.522197723388672,1.9854487180709839,1.277578592300415,0.8,2.3340837955474854,0.0,0.03333333333333333,0.0,0.0,0.0,0.0,0.016666666666666666
R08,B27,0.3,0.03972222222222222,0.03972222222222222,4.0623908042907715,2.522197723388672,1.9854487180709839,1.277578592300415,0.75,2.9846713542938232,0.21666666666666667,0.11666666666666667,3.8431177139282227,0.7833333333333333,0.11666666666666667,0.26666666666666666,0.5
R08,B27,0.6,0.03972222222222222,0.03972222222222222,4.0623908042907715,2.522197723388672,1.9854487180709839,1.277578592300415,0.8,2.9846713542938232,0.21666666666666667,0.11666666666666667,4.525493621826172,0.7833333333333333,0.15,0.6166666666666667,0.8
R08,B27,0.9,0.03972222222222222,0.03972222222222222,4.0623908042907715,2.522197723388672,1.9854487180709839,1.277578592300415,0.8,2.9846713542938232,0.21666666666666667,0.11666666666666667,4.927342414855957,0.7833333333333333,0.16666666666666666,0.7833333333333333,0.8
R08,B28,0.3,0.03972222222222222,0.03972222222222222,4.0623908042907715,2.522197723388672,1.9854487180709839,1.277578592300415,0.75,0.5877866744995117,0.0,0.0,0.0,0.0,0.0,0.0,0.016666666666666666
R08,B28,0.6,0.03972222222222222,0.03972222222222222,4.0623908042907715,2.522197723388672,1.9854487180709839,1.277578592300415,0.8,0.5877866744995117,0.0,0.0,0.0,0.0,0.0,0.0,0.016666666666666666
R08,B28,0.9,0.03972222222222222,0.03972222222222222,4.0623908042907715,2.522197723388672,1.9854487180709839,1.277578592300415,0.8,0.5877866744995117,0.0,0.0,0.0,0.0,0.0,0.0,0.016666666666666666
R08,B29,0.3,0.03972222222222222,0.03972222222222222,4.0623908042907715,2.522197723388672,1.9854487180709839,1.277578592300415,0.75,1.3350011110305786,0.016666666666666666,0.016666666666666666,2.4464731216430664,0.7833333333333333,0.016666666666666666,0.35,0.36666666666666664
R08,B29,0.6,0.03972222222222222,0.03972222222222222,4.0623908042907715,2.522197723388672,1.9854487180709839,1.277578592300415,0.8,1.3350011110305786,0.016666666666666666,0.016666666666666666,3.09535551071167,0.7833333333333333,0.016666666666666666,0.35,0.36666666666666664
R08,B29,0.9,0.03972222222222222,0.03972222222222222,4.0623908042907715,2.522197723388672,1.9854487180709839,1.277578592300415,0.8,1.3350011110305786,0.016666666666666666,0.016666666666666666,3.485619306564331,0.7833333333333333,0.016666666666666666,0.35,0.36666666666666664
R08,B30,0.3,0.03972222222222222,0.03972222222222222,4.0623908042907715,2.522197723388672,1.9854487180709839,1.277578592300415,0.75,0.712949812412262,0.016666666666666666,0.0,0.8864148855209351,0.8,0.0,0.0,0.016666666666666666
R08,B30,0.6,0.03972222222222222,0.03972222222222222,4.0623908042907715,2.522197723388672,1.9854487180709839,1.277578592300415,0.8,0.712949812412262,0.016666666666666666,0.0,1.34880793094635,0.8,0.016666666666666666,0.36666666666666664,0.38333333333333336
R08,B30,0.9,0.03972222222222222,0.03972222222222222,4.0623908042907715,2.522197723388672,1.9854487180709839,1.277578592300415,0.8,0.712949812412262,0.016666666666666666,0.0,1.6637831926345825,0.8,0.016666666666666666,0.36666666666666664,0.38333333333333336
R08,B31,0.3,0.03972222222222222,0.03972222222222222,4.0623908042907715,2.522197723388672,1.9854487180709839,1.277578592300415,0.75,1.8229351043701172,0.03333333333333333,0.016666666666666666,1.6000351905822754,0.7833333333333333,0.0,0.0,0.016666666666666666
R08,B31,0.6,0.03972222222222222,0.03972222222222222,4.0623908042907715,2.522197723388672,1.9854487180709839,1.277578592300415,0.8,1.8229351043701172,0.03333333333333333,0.016666666666666666,2.1867716312408447,0.7833333333333333,0.03333333333333333,0.7833333333333333,0.8
R08,B31,0.9,0.03972222222222222,0.03972222222222222,4.0623908042907715,2.522197723388672,1.9854487180709839,1.277578592300415,0.8,1.8229351043701172,0.03333333333333333,0.016666666666666666,2.5540921688079834,0.7833333333333333,0.03333333333333333,0.7833333333333333,0.8
R08,B32,0.3,0.03972222222222222,0.03972222222222222,4.0623908042907715,2.522197723388672,1.9854487180709839,1.277578592300415,0.75,3.5621819496154785,0.11666666666666667,0.25,3.3402583599090576,0.7833333333333333,0.05,0.3333333333333333,0.5666666666666667
R08,B32,0.6,0.03972222222222222,0.03972222222222222,4.0623908042907715,2.522197723388672,1.9854487180709839,1.277578592300415,0.8,3.5621819496154785,0.11666666666666667,0.25,4.015532970428467,0.7833333333333333,0.08333333333333333,0.6166666666666667,0.8
R08,B32,0.9,0.03972222222222222,0.03972222222222222,4.0623908042907715,2.522197723388672,1.9854487180709839,1.277578592300415,0.8,3.5621819496154785,0.11666666666666667,0.25,4.414968490600586,0.7833333333333333,0.1,0.7833333333333333,0.8
R08,B33,0.3,0.03972222222222222,0.03972222222222222,4.0623908042907715,2.522197723388672,1.9854487180709839,1.277578592300415,0.75,3.888549566268921,0.1,0.18333333333333332,2.6182355880737305,0.7833333333333333,0.05,0.1,0.36666666666666664
R08,B33,0.6,0.03972222222222222,0.03972222222222222,4.0623908042907715,2.522197723388672,1.9854487180709839,1.277578592300415,0.8,3.888549566268921,0.1,0.18333333333333332,3.274235486984253,0.7833333333333333,0.06666666666666667,0.35,0.36666666666666664
R08,B33,0.9,0.03972222222222222,0.03972222222222222,4.0623908042907715,2.522197723388672,1.9854487180709839,1.277578592300415,0.8,3.888549566268921,0.1,0.18333333333333332,3.6670050621032715,0.7833333333333333,0.08333333333333333,0.35,0.36666666666666664
R08,B34,0.3,0.03972222222222222,0.03972222222222222,4.0623908042907715,2.522197723388672,1.9854487180709839,1.277578592300415,0.75,1.2612978219985962,0.016666666666666666,0.016666666666666666,0.52405846118927,0.7833333333333333,0.0,0.0,0.016666666666666666
R08,B34,0.6,0.03972222222222222,0.03972222222222222,4.0623908042907715,2.522197723388672,1.9854487180709839,1.277578592300415,0.8,1.2612978219985962,0.016666666666666666,0.016666666666666666,0.8661487102508545,0.7833333333333333,0.0,0.0,0.016666666666666666
R08,B34,0.9,0.03972222222222222,0.03972222222222222,4.0623908042907715,2.522197723388672,1.9854487180709839,1.277578592300415,0.8,1.2612978219985962,0.016666666666666666,0.016666666666666666,1.1205706596374512,0.7833333333333333,0.0,0.0,0.016666666666666666
R08,B35,0.3,0.03972222222222222,0.03972222222222222,4.0623908042907715,2.522197723388672,1.9854487180709839,1.277578592300415,0.75,2.6844403743743896,0.03333333333333333,0.03333333333333333,2.5866141319274902,0.7833333333333333,0.016666666666666666,0.05,0.06666666666666667
R08,B35,0.6,0.03972222222222222,0.03972222222222222,4.0623908042907715,2.522197723388672,1.9854487180709839,1.277578592300415,0.8,2.6844403743743896,0.03333333333333333,0.03333333333333333,3.2413976192474365,0.7833333333333333,0.016666666666666666,0.35,0.36666666666666664
R08,B35,0.9,0.03972222222222222,0.03972222222222222,4.0623908042907715,2.522197723388672,1.9854487180709839,1.277578592300415,0.8,2.6844403743743896,0.03333333333333333,0.03333333333333333,3.6337406635284424,0.7833333333333333,0.03333333333333333,0.35,0.36666666666666664
R08,B36,0.3,0.03972222222222222,0.03972222222222222,4.0623908042907715,2.522197723388672,1.9854487180709839,1.277578592300415,0.75,0.9593502283096313,0.03333333333333333,0.03333333333333333,2.3639464378356934,0.7833333333333333,0.0,0.0,0.016666666666666666
R08,B36,0.6,0.03972222222222222,0.03972222222222222,4.0623908042907715,2.522197723388672,1.9854487180709839,1.277578592300415,0.8,0.9593502283096313,0.03333333333333333,0.03333333333333333,3.008927822113037,0.7833333333333333,0.03333333333333333,0.35,0.36666666666666664
R08,B36,0.9,0.03972222222222222,0.03972222222222222,4.0623908042907715,2.522197723388672,1.9854487180709839,1.277578592300415,0.8,0.9593502283096313,0.03333333333333333,0.03333333333333333,3.3978078365325928,0.7833333333333333,0.03333333333333333,0.35,0.36666666666666664
R08,B37,0.3,0.03972222222222222,0.03972222222222222,4.0623908042907715,2.522197723388672,1.9854487180709839,1.277578592300415,0.75,1.8885836601257324,0.05,0.03333333333333333,1.3179246187210083,0.7833333333333333,0.0,0.0,0.016666666666666666
R08,B37,0.6,0.03972222222222222,0.03972222222222222,4.0623908042907715,2.522197723388672,1.9854487180709839,1.277578592300415,0.8,1.8885836601257324,0.05,0.03333333333333333,1.8673802614212036,0.7833333333333333,0.0,0.0,0.016666666666666666
R08,B37,0.9,0.03972222222222222,0.03972222222222222,4.0623908042907715,2.522197723388672,1.9854487180709839,1.277578592300415,0.8,1.8885836601257324,0.05,0.03333333333333333,2.2199618816375732,0.7833333333333333,0.016666666666666666,0.7833333333333333,0.8
R08,B38,0.3,0.03972222222222222,0.03972222222222222,4.0623908042907715,2.522197723388672,1.9854487180709839,1.277578592300415,0.75,0.6259384155273438,0.016666666666666666,0.0,2.790783166885376,0.8,0.016666666666666666,0.05,0.06666666666666667
R08,B38,0.6,0.03972222222222222,0.03972222222222222,4.0623908042907715,2.522197723388672,1.9854487180709839,1.277578592300415,0.8,0.6259384155273438,0.016666666666666666,0.0,3.452763080596924,0.8,0.016666666666666666,0.36666666666666664,0.38333333333333336
R08,B38,0.9,0.03972222222222222,0.03972222222222222,4.0623908042907715,2.522197723388672,1.9854487180709839,1.277578592300415,0.8,0.6259384155273438,0.016666666666666666,0.0,3.8476192951202393,0.8,0.016666666666666666,0.36666666666666664,0.38333333333333336
R08,B39,0.3,0.03972222222222222,0.03972222222222222,4.0623908042907715,2.522197723388672,1.9854487180709839,1.277578592300415,0.75,2.951780319213867,0.03333333333333333,0.03333333333333333,2.24988055229187,0.7833333333333333,0.016666666666666666,0.15,0.36666666666666664
R08,B39,0.6,0.03972222222222222,0.03972222222222222,4.0623908042907715,2.522197723388672,1.9854487180709839,1.277578592300415,0.8,2.951780319213867,0.03333333333333333,0.03333333333333333,2.8888821601867676,0.7833333333333333,0.03333333333333333,0.35,0.36666666666666664
R08,B39,0.9,0.03972222222222222,0.03972222222222222,4.0623908042907715,2.522197723388672,1.9854487180709839,1.277578592300415,0.8,2.951780319213867,0.03333333333333333,0.03333333333333333,3.2756268978118896,0.7833333333333333,0.03333333333333333,0.35,0.36666666666666664
R08,B40,0.3,0.03972222222222222,0.03972222222222222,4.0623908042907715,2.522197723388672,1.9854487180709839,1.277578592300415,0.75,1.4906543493270874,0.016666666666666666,0.0,0.4143562614917755,0.8,0.0,0.0,0.016666666666666666
R08,B40,0.6,0.03972222222222222,0.03972222222222222,4.0623908042907715,2.522197723388672,1.9854487180709839,1.277578592300415,0.8,1.4906543493270874,0.016666666666666666,0.0,0.7064544558525085,0.8,0.0,0.0,0.016666666666666666
R08,B40,0.9,0.03972222222222222,0.03972222222222222,4.0623908042907715,2.522197723388672,1.9854487180709839,1.277578592300415,0.8,1.4906543493270874,0.016666666666666666,0.0,0.9322382807731628,0.8,0.0,0.0,0.016666666666666666
R08,B41,0.3,0.03972222222222222,0.03972222222222222,4.0623908042907715,2.522197723388672,1.9854487180709839,1.277578592300415,0.75,2.414126396179199,0.0,0.016666666666666666,0.0,0.0,0.0,0.0,0.016666666666666666
R08,B41,0.6,0.03972222222222222,0.03972222222222222,4.0623908042907715,2.522197723388672,1.9854487180709839,1.277578592300415,0.8,2.414126396179199,0.0,0.016666666666666666,0.0,0.0,0.0,0.0,0.016666666666666666
R08,B41,0.9,0.03972222222222222,0.03972222222222222,4.0623908042907715,2.522197723388672,1.9854487180709839,1.277578592300415,0.8,2.414126396179199,0.0,0.016666666666666666,0.0,0.0,0.0,0.0,0.016666666666666666
R08,B42,0.3,0.03972222222222222,0.03972222222222222,4.0623908042907715,2.522197723388672,1.9854487180709839,1.277578592300415,0.75,3.177220106124878,0.03333333333333333,0.016666666666666666,0.523052453994751,0.7833333333333333,0.0,0.0,0.016666666666666666
R08,B42,0.6,0.03972222222222222,0.03972222222222222,4.0623908042907715,2.522197723388672,1.9854487180709839,1.277578592300415,0.8,3.177220106124878,0.03333333333333333,0.016666666666666666,0.8647193312644958,0.7833333333333333,0.0,0.0,0.016666666666666666
R08,B42,0.9,0.03972222222222222,0.03972222222222222,4.0623908042907715,2.522197723388672,1.9854487180709839,1.277578592300415,0.8,3.177220106124878,0.03333333333333333,0.016666666666666666,1.1189079284667969,0.7833333333333333,0.0,0.0,0.016666666666666666
R08,B43,0.3,0.03972222222222222,0.03972222222222222,4.0623908042907715,2.522197723388672,1.9854487180709839,1.277578592300415,0.75,3.0464253425598145,0.08333333333333333,0.15,2.836913585662842,0.7833333333333333,0.016666666666666666,0.016666666666666666,0.36666666666666664
R08,B43,0.6,0.03972222222222222,0.03972222222222222,4.0623908042907715,2.522197723388672,1.9854487180709839,1.277578592300415,0.8,3.0464253425598145,0.08333333333333333,0.15,3.500319719314575,0.7833333333333333,0.08333333333333333,0.35,0.36666666666666664
R08,B43,0.9,0.03972222222222222,0.03972222222222222,4.0623908042907715,2.522197723388672,1.9854487180709839,1.277578592300415,0.8,3.0464253425598145,0.08333333333333333,0.15,3.8956711292266846,0.7833333333333333,0.08333333333333333,0.35,0.36666666666666664
R08,B44,0.3,0.03972222222222222,0.03972222222222222,4.0623908042907715,2.522197723388672,1.9854487180709839,1.277578592300415,0.75,0.5988365411758423,0.03333333333333333,0.0,2.017064094543457,0.8,0.0,0.0,0.016666666666666666
R08,B44,0.6,0.03972222222222222,0.03972222222222222,4.0623908042907715,2.522197723388672,1.9854487180709839,1.277578592300415,0.8,0.5988365411758423,0.03333333333333333,0.0,2.6413726806640625,0.8,0.016666666666666666,0.36666666666666664,0.38333333333333336
R08,B44,0.9,0.03972222222222222,0.03972222222222222,4.0623908042907715,2.522197723388672,1.9854487180709839,1.277578592300415,0.8,0.5988365411758423,0.03333333333333333,0.0,3.022796630859375,0.8,0.016666666666666666,0.36666666666666664,0.38333333333333336
R08,B45,0.3,0.03972222222222222,0.03972222222222222,4.0623908042907715,2.522197723388672,1.9854487180709839,1.277578592300415,0.75,1.9685099124908447,0.0,0.03333333333333333,0.0,0.0,0.0,0.0,0.016666666666666666
R08,B45,0.6,0.03972222222222222,0.03972222222222222,4.0623908042907715,2.522197723388672,1.9854487180709839,1.277578592300415,0.8,1.9685099124908447,0.0,0.03333333333333333,0.0,0.0,0.0,0.0,0.016666666666666666
R08,B45,0.9,0.03972222222222222,0.03972222222222222,4.0623908042907715,2.522197723388672,1.9854487180709839,1.277578592300415,0.8,1.9685099124908447,0.0,0.03333333333333333,0.0,0.0,0.0,0.0,0.016666666666666666
R08,B46,0.3,0.03972222222222222,0.03972222222222222,4.0623908042907715,2.522197723388672,1.9854487180709839,1.277578592300415,0.75,3.798854351043701,0.016666666666666666,0.016666666666666666,0.3530457615852356,0.7833333333333333,0.0,0.0,0.016666666666666666
R08,B46,0.6,0.03972222222222222,0.03972222222222222,4.0623908042907715,2.522197723388672,1.9854487180709839,1.277578592300415,0.8,3.798854351043701,0.016666666666666666,0.016666666666666666,0.6134504079818726,0.7833333333333333,0.0,0.0,0.016666666666666666
R08,B46,0.9,0.03972222222222222,0.03972222222222222,4.0623908042907715,2.522197723388672,1.9854487180709839,1.277578592300415,0.8,3.798854351043701,0.016666666666666666,0.016666666666666666,0.8198629021644592,0.7833333333333333,0.0,0.0,0.016666666666666666
R08,B47,0.3,0.03972222222222222,0.03972222222222222,4.0623908042907715,2.522197723388672,1.9854487180709839,1.277578592300415,0.75,1.7263315916061401,0.03333333333333333,0.0,1.1866346597671509,0.8,0.0,0.0,0.016666666666666666
R08,B47,0.6,0.03972222222222222,0.03972222222222222,4.0623908042907715,2.522197723388672,1.9854487180709839,1.277578592300415,0.8,1.7263315916061401,0.03333333333333333,0.0,1.7141717672348022,0.8,0.0,0.0,0.016666666666666666
R08,B47,0.9,0.03972222222222222,0.03972222222222222,4.0623908042907715,2.522197723388672,1.9854487180709839,1.277578592300415,0.8,1.7263315916061401,0.03333333333333333,0.0,2.0577213764190674,0.8,0.016666666666666666,0.8,0.8166666666666667
R08,B48,0.3,0.03972222222222222,0.03972222222222222,4.0623908042907715,2.522197723388672,1.9854487180709839,1.277578592300415,0.75,2.16217303276062,0.11666666666666667,0.1,2.5175137519836426,0.7833333333333333,0.016666666666666666,0.15,0.38333333333333336
R08,B48,0.6,0.03972222222222222,0.03972222222222222,4.0623908042907715,2.522197723388672,1.9854487180709839,1.277578592300415,0.8,2.16217303276062,0.11666666666666667,0.1,3.1694953441619873,0.7833333333333333,0.016666666666666666,0.36666666666666664,0.38333333333333336
R08,B48,0.9,0.03972222222222222,0.03972222222222222,4.0623908042907715,2.522197723388672,1.9854487180709839,1.277578592300415,0.8,2.16217303276062,0.11666666666666667,0.1,3.5608530044555664,0.7833333333333333,0.05,0.7833333333333333,0.8
R08,B49,0.3,0.03972222222222222,0.03972222222222222,4.0623908042907715,2.522197723388672,1.9854487180709839,1.277578592300415,0.75,0.9707789421081543,0.03333333333333333,0.0,1.00111722946167,0.8,0.0,0.0,0.016666666666666666
R08,B49,0.6,0.03972222222222222,0.03972222222222222,4.0623908042907715,2.522197723388672,1.9854487180709839,1.277578592300415,0.8,0.9707789421081543,0.03333333333333333,0.0,1.4912490844726562,0.8,0.0,0.0,0.016666666666666666
R08,B49,0.9,0.03972222222222222,0.03972222222222222,4.0623908042907715,2.522197723388672,1.9854487180709839,1.277578592300415,0.8,0.9707789421081543,0.03333333333333333,0.0,1.818719744682312,0.8,0.0,0.0,0.016666666666666666
R08,B50,0.3,0.03972222222222222,0.03972222222222222,4.0623908042907715,2.522197723388672,1.9854487180709839,1.277578592300415,0.75,1.6544113159179688,0.03333333333333333,0.03333333333333333,3.4781177043914795,0.7833333333333333,0.016666666666666666,0.1,0.36666666666666664
R08,B50,0.6,0.03972222222222222,0.03972222222222222,4.0623908042907715,2.522197723388672,1.9854487180709839,1.277578592300415,0.8,1.6544113159179688,0.03333333333333333,0.03333333333333333,4.155711650848389,0.7833333333333333,0.016666666666666666,0.35,0.36666666666666664
R08,B50,0.9,0.03972222222222222,0.03972222222222222,4.0623908042907715,2.522197723388672,1.9854487180709839,1.277578592300415,0.8,1.6544113159179688,0.03333333333333333,0.03333333333333333,4.555938243865967,0.7833333333333333,0.016666666666666666,0.35,0.36666666666666664
R08,B51,0.3,0.03972222222222222,0.03972222222222222,4.0623908042907715,2.522197723388672,1.9854487180709839,1.277578592300415,0.75,3.9082157611846924,0.0,0.016666666666666666,0.0,0.0,0.0,0.0,0.016666666666666666
R08,B51,0.6,0.03972222222222222,0.03972222222222222,4.0623908042907715,2.522197723388672,1.9854487180709839,1.277578592300415,0.8,3.9082157611846924,0.0,0.016666666666666666,0.0,0.0,0.0,0.0,0.016666666666666666
R08,B51,0.9,0.03972222222222222,0.03972222222222222,4.0623908042907715,2.522197723388672,1.9854487180709839,1.277578592300415,0.8,3.9082157611846924,0.0,0.016666666666666666,0.0,0.0,0.0,0.0,0.016666666666666666
R08,B52,0.3,0.03972222222222222,0.03972222222222222,4.0623908042907715,2.522197723388672,1.9854487180709839,1.277578592300415,0.75,1.1151416301727295,0.0,0.016666666666666666,0.0,0.0,0.0,0.0,0.016666666666666666
R08,B52,0.6,0.03972222222222222,0.03972222222222222,4.0623908042907715,2.522197723388672,1.9854487180709839,1.277578592300415,0.8,1.1151416301727295,0.0,0.016666666666666666,0.0,0.0,0.0,0.0,0.016666666666666666
R08,B52,0.9,0.03972222222222222,0.03972222222222222,4.0623908042907715,2.522197723388672,1.9854487180709839,1.277578592300415,0.8,1.1151416301727295,0.0,0.016666666666666666,0.0,0.0,0.0,0.0,0.016666666666666666
R08,B53,0.3,0.03972222222222222,0.03972222222222222,4.0623908042907715,2.522197723388672,1.9854487180709839,1.277578592300415,0.75,0.8671004772186279,0.03333333333333333,0.016666666666666666,3.7195093631744385,0.7833333333333333,0.03333333333333333,0.35,0.75
R08,B53,0.6,0.03972222222222222,0.03972222222222222,4.0623908042907715,2.522197723388672,1.9854487180709839,1.277578592300415,0.8,0.8671004772186279,0.03333333333333333,0.016666666666666666,4.400459289550781,0.7833333333333333,0.03333333333333333,0.7833333333333333,0.8
R08,B53,0.9,0.03972222222222222,0.03972222222222222,4.0623908042907715,2.522197723388672,1.9854487180709839,1.277578592300415,0.8,0.8671004772186279,0.03333333333333333,0.016666666666666666,4.801825523376465,0.7833333333333333,0.03333333333333333,0.7833333333333333,0.8
R08,B54,0.3,0.03972222222222222,0.03972222222222222,4.0623908042907715,2.522197723388672,1.9854487180709839,1.277578592300415,0.75,1.8578592538833618,0.016666666666666666,0.016666666666666666,1.6521358489990234,0.7833333333333333,0.016666666666666666,0.16666666666666666,0.4
R08,B54,0.6,0.03972222222222222,0.03972222222222222,4.0623908042907715,2.522197723388672,1.9854487180709839,1.277578592300415,0.8,1.8578592538833618,0.016666666666666666,0.016666666666666666,2.244556188583374,0.7833333333333333,0.016666666666666666,0.38333333333333336,0.4
R08,B54,0.9,0.03972222222222222,0.03972222222222222,4.0623908042907715,2.522197723388672,1.9854487180709839,1.277578592300415,0.8,1.8578592538833618,0.016666666666666666,0.016666666666666666,2.6140573024749756,0.7833333333333333,0.016666666666666666,0.7833333333333333,0.8
R08,B55,0.3,0.03972222222222222,0.03972222222222222,4.0623908042907715,2.522197723388672,1.9854487180709839,1.277578592300415,0.75,1.3887913227081299,0.03333333333333333,0.0,1.2464900016784668,0.8,0.0,0.0,0.016666666666666666
R08,B55,0.6,0.03972222222222222,0.03972222222222222,4.0623908042907715,2.522197723388672,1.9854487180709839,1.277578592300415,0.8,1.3887913227081299,0.03333333333333333,0.0,1.7844370603561401,0.8,0.0,0.0,0.016666666666666666
R08,B55,0.9,0.03972222222222222,0.03972222222222222,4.0623908042907715,2.522197723388672,1.9854487180709839,1.277578592300415,0.8,1.3887913227081299,0.03333333333333333,0.0,2.1323113441467285,0.8,0.0,0.0,0.016666666666666666
R08,B56,0.3,0.03972222222222222,0.03972222222222222,4.0623908042907715,2.522197723388672,1.9854487180709839,1.277578592300415,0.75,0.783901572227478,0.016666666666666666,0.016666666666666666,0.9071928858757019,0.7833333333333333,0.0,0.0,0.016666666666666666
R08,B56,0.6,0.03972222222222222,0.03972222222222222,4.0623908042907715,2.522197723388672,1.9854487180709839,1.277578592300415,0.8,0.783901572227478,0.016666666666666666,0.016666666666666666,1.3749090433120728,0.7833333333333333,0.0,0.0,0.016666666666666666
R08,B56,0.9,0.03972222222222222,0.03972222222222222,4.0623908042907715,2.522197723388672,1.9854487180709839,1.277578592300415,0.8,0.783901572227478,0.016666666666666666,0.016666666666666666,1.6923213005065918,0.7833333333333333,0.0,0.0,0.016666666666666666
R08,B57,0.3,0.03972222222222222,0.03972222222222222,4.0623908042907715,2.522197723388672,1.9854487180709839,1.277578592300415,0.75,1.3164082765579224,0.0,0.016666666666666666,0.0,0.0,0.0,0.0,0.016666666666666666
R08,B57,0.6,0.03972222222222222,0.03972222222222222,4.0623908042907715,2.522197723388672,1.9854487180709839,1.277578592300415,0.8,1.3164082765579224,0.0,0.016666666666666666,0.0,0.0,0.0,0.0,0.016666666666666666
R08,B57,0.9,0.03972222222222222,0.03972222222222222,4.0623908042907715,2.522197723388672,1.9854487180709839,1.277578592300415,0.8,1.3164082765579224,0.0,0.016666666666666666,0.0,0.0,0.0,0.0,0.016666666666666666
R08,B58,0.3,0.03972222222222222,0.03972222222222222,4.0623908042907715,2.522197723388672,1.9854487180709839,1.277578592300415,0.75,3.2480461597442627,0.15,0.15,2.6744608879089355,0.7833333333333333,0.1,0.35,0.75
R08,B58,0.6,0.03972222222222222,0.03972222222222222,4.0623908042907715,2.522197723388672,1.9854487180709839,1.277578592300415,0.8,3.2480461597442627,0.15,0.15,3.3325278759002686,0.7833333333333333,0.11666666666666667,0.7833333333333333,0.8
R08,B58,0.9,0.03972222222222222,0.03972222222222222,4.0623908042907715,2.522197723388672,1.9854487180709839,1.277578592300415,0.8,3.2480461597442627,0.15,0.15,3.726020574569702,0.7833333333333333,0.11666666666666667,0.7833333333333333,0.8
R08,B59,0.3,0.03972222222222222,0.03972222222222222,4.0623908042907715,2.522197723388672,1.9854487180709839,1.277578592300415,0.75,0.5247284770011902,0.016666666666666666,0.0,0.7271839380264282,0.8,0.0,0.0,0.016666666666666666
R08,B59,0.6,0.03972222222222222,0.03972222222222222,4.0623908042907715,2.522197723388672,1.9854487180709839,1.277578592300415,0.8,0.5247284770011902,0.016666666666666666,0.0,1.1437419652938843,0.8,0.0,0.0,0.016666666666666666
R08,B59,0.9,0.03972222222222222,0.03972222222222222,4.0623908042907715,2.522197723388672,1.9854487180709839,1.277578592300415,0.8,0.5247284770011902,0.016666666666666666,0.0,1.4369245767593384,0.8,0.0,0.0,0.016666666666666666
R08,B60,0.3,0.03972222222222222,0.03972222222222222,4.0623908042907715,2.522197723388672,1.9854487180709839,1.277578592300415,0.75,1.1410330533981323,0.016666666666666666,0.016666666666666666,0.7301884889602661,0.7833333333333333,0.0,0.0,0.016666666666666666
R08,B60,0.6,0.03972222222222222,0.03972222222222222,4.0623908042907715,2.522197723388672,1.9854487180709839,1.277578592300415,0.8,1.1410330533981323,0.016666666666666666,0.016666666666666666,1.1477019786834717,0.7833333333333333,0.0,0.0,0.016666666666666666
R08,B60,0.9,0.03972222222222222,0.03972222222222222,4.0623908042907715,2.522197723388672,1.9854487180709839,1.277578592300415,0.8,1.1410330533981323,0.016666666666666666,0.016666666666666666,1.4413541555404663,0.7833333333333333,0.016666666666666666,0.35,0.36666666666666664
R09,B01,0.3,0.051666666666666666,0.051666666666666666,3.8495068550109863,2.2187862396240234,2.367440938949585,1.2381784915924072,0.6833333333333333,1.0919233560562134,0.03333333333333333,0.0,1.8000177145004272,0.7666666666666667,0.016666666666666666,0.08333333333333333,0.1
R09,B01,0.6,0.051666666666666666,0.051666666666666666,3.8495068550109863,2.2187862396240234,2.367440938949585,1.2381784915924072,0.7666666666666667,1.0919233560562134,0.03333333333333333,0.0,2.4069008827209473,0.7666666666666667,0.016666666666666666,0.7333333333333333,0.7833333333333333
R09,B01,0.9,0.051666666666666666,0.051666666666666666,3.8495068550109863,2.2187862396240234,2.367440938949585,1.2381784915924072,0.7666666666666667,1.0919233560562134,0.03333333333333333,0.0,2.781874418258667,0.7666666666666667,0.016666666666666666,0.7666666666666667,0.7833333333333333
R09,B02,0.3,0.051666666666666666,0.051666666666666666,3.8495068550109863,2.2187862396240234,2.367440938949585,1.2381784915924072,0.6833333333333333,3.1565747261047363,0.15,0.16666666666666666,2.895564079284668,0.75,0.05,0.06666666666666667,0.08333333333333333
R09,B02,0.6,0.051666666666666666,0.051666666666666666,3.8495068550109863,2.2187862396240234,2.367440938949585,1.2381784915924072,0.7666666666666667,3.1565747261047363,0.15,0.16666666666666666,3.5606882572174072,0.75,0.08333333333333333,0.7166666666666667,0.7666666666666667
R09,B02,0.9,0.051666666666666666,0.051666666666666666,3.8495068550109863,2.2187862396240234,2.367440938949585,1.2381784915924072,0.7666666666666667,3.1565747261047363,0.15,0.16666666666666666,3.956634998321533,0.75,0.08333333333333333,0.75,0.7666666666666667
R09,B03,0.3,0.051666666666666666,0.051666666666666666,3.8495068550109863,2.2187862396240234,2.367440938949585,1.2381784915924072,0.6833333333333333,1.3454723358154297,0.016666666666666666,0.0,0.26287949085235596,0.7666666666666667,0.0,0.0,0.016666666666666666
R09,B03,0.6,0.051666666666666666,0.051666666666666666,3.8495068550109863,2.2187862396240234,2.367440938949585,1.2381784915924072,0.7666666666666667,1.3454723358154297,0.016666666666666666,0.0,0.4708407521247864,0.7666666666666667,0.0,0.0,0.016666666666666666
R09,B03,0.9,0.051666666666666666,0.051666666666666666,3.8495068550109863,2.2187862396240234,2.367440938949585,1.2381784915924072,0.7666666666666667,1.3454723358154297,0.016666666666666666,0.0,0.6429111361503601,0.7666666666666667,0.016666666666666666,0.7666666666666667,0.7833333333333333
R09,B04,0.3,0.051666666666666666,0.051666666666666666,3.8495068550109863,2.2187862396240234,2.367440938949585,1.2381784915924072,0.6833333333333333,0.9439058899879456,0.016666666666666666,0.0,0.15255431830883026,0.7666666666666667,0.0,0.0,0.016666666666666666
R09,B04,0.6,0.051666666666666666,0.051666666666666666,3.8495068550109863,2.2187862396240234,2.367440938949585,1.2381784915924072,0.7666666666666667,0.9439058899879456,0.016666666666666666,0.0,0.28488677740097046,0.7666666666666667,0.0,0.0,0.016666666666666666
R09,B04,0.9,0.051666666666666666,0.051666666666666666,3.8495068550109863,2.2187862396240234,2.367440938949585,1.2381784915924072,0.7666666666666667,0.9439058899879456,0.016666666666666666,0.0,0.4017362594604492,0.7666666666666667,0.0,0.0,0.016666666666666666
R09,B05,0.3,0.051666666666666666,0.051666666666666666,3.8495068550109863,2.2187862396240234,2.367440938949585,1.2381784915924072,0.6833333333333333,3.343921422958374,0.016666666666666666,0.016666666666666666,0.8504448533058167,0.75,0.0,0.0,0.016666666666666666
R09,B05,0.6,0.051666666666666666,0.051666666666666666,3.8495068550109863,2.2187862396240234,2.367440938949585,1.2381784915924072,0.7666666666666667,3.343921422958374,0.016666666666666666,0.016666666666666666,1.3032865524291992,0.75,0.0,0.0,0.016666666666666666
R09,B05,0.9,0.051666666666666666,0.051666666666666666,3.8495068550109863,2.2187862396240234,2.367440938949585,1.2381784915924072,0.7666666666666667,3.343921422958374,0.016666666666666666,0.016666666666666666,1.6138408184051514,0.75,0.016666666666666666,0.75,0.7666666666666667
R09,B06,0.3,0.051666666666666666,0.051666666666666666,3.8495068550109863,2.2187862396240234,2.367440938949585,1.2381784915924072,0.6833333333333333,2.375835657119751,0.016666666666666666,0.016666666666666666,0.5837091207504272,0.75,0.0,0.0,0.016666666666666666
R09,B06,0.6,0.051666666666666666,0.051666666666666666,3.8495068550109863,2.2187862396240234,2.367440938949585,1.2381784915924072,0.7666666666666667,2.375835657119751,0.016666666666666666,0.016666666666666666,0.9498611688613892,0.75,0.0,0.0,0.016666666666666666
R09,B06,0.9,0.051666666666666666,0.051666666666666666,3.8495068550109863,2.2187862396240234,2.367440938949585,1.2381784915924072,0.7666666666666667,2.375835657119751,0.016666666666666666,0.016666666666666666,1.2172914743423462,0.75,0.0,0.0,0.016666666666666666
R09,B07,0.3,0.051666666666666666,0.051666666666666666,3.8495068550109863,2.2187862396240234,2.367440938949585,1.2381784915924072,0.6833333333333333,3.199896812438965,0.03333333333333333,0.05,1.7333498001098633,0.75,0.016666666666666666,0.016666666666666666,0.03333333333333333
R09,B07,0.6,0.051666666666666666,0.051666666666666666,3.8495068550109863,2.2187862396240234,2.367440938949585,1.2381784915924072,0.7666666666666667,3.199896812438965,0.03333333333333333,0.05,2.3340024948120117,0.75,0.016666666666666666,0.03333333333333333,0.7666666666666667
R09,B07,0.9,0.051666666666666666,0.051666666666666666,3.8495068550109863,2.2187862396240234,2.367440938949585,1.2381784915924072,0.7666666666666667,3.199896812438965,0.03333333333333333,0.05,2.706631898880005,0.75,0.03333333333333333,0.75,0.7666666666666667
R09,B08,0.3,0.051666666666666666,0.051666666666666666,3.8495068550109863,2.2187862396240234,2.367440938949585,1.2381784915924072,0.6833333333333333,0.7654678225517273,0.016666666666666666,0.0,0.28569260239601135,0.7666666666666667,0.0,0.0,0.016666666666666666
R09,B08,0.6,0.051666666666666666,0.051666666666666666,3.8495068550109863,2.2187862396240234,2.367440938949585,1.2381784915924072,0.7666666666666667,0.7654678225517273,0.016666666666666666,0.0,0.5076406002044678,0.7666666666666667,0.0,0.0,0.016666666666666666
R09,B08,0.9,0.051666666666666666,0.051666666666666666,3.8495068550109863,2.2187862396240234,2.367440938949585,1.2381784915924072,0.7666666666666667,0.7654678225517273,0.016666666666666666,0.0,0.6891642808914185,0.7666666666666667,0.0,0.0,0.016666666666666666
R09,B09,0.3,0.051666666666666666,0.051666666666666666,3.8495068550109863,2.2187862396240234,2.367440938949585,1.2381784915924072,0.6833333333333333,0.9669838547706604,0.03333333333333333,0.0,1.2900972366333008,0.7666666666666667,0.0,0.0,0.016666666666666666
R09,B09,0.6,0.051666666666666666,0.051666666666666666,3.8495068550109863,2.2187862396240234,2.367440938949585,1.2381784915924072,0.7666666666666667,0.9669838547706604,0.03333333333333333,0.0,1.835182785987854,0.7666666666666667,0.016666666666666666,0.7333333333333333,0.7833333333333333
R09,B09,0.9,0.051666666666666666,0.051666666666666666,3.8495068550109863,2.2187862396240234,2.367440938949585,1.2381784915924072,0.7666666666666667,0.9669838547706604,0.03333333333333333,0.0,2.185986042022705,0.7666666666666667,0.03333333333333333,0.7666666666666667,0.7833333333333333
R09,B10,0.3,0.051666666666666666,0.051666666666666666,3.8495068550109863,2.2187862396240234,2.367440938949585,1.2381784915924072,0.6833333333333333,2.005525827407837,0.016666666666666666,0.016666666666666666,0.6127322316169739,0.75,0.0,0.0,0.016666666666666666
R09,B10,0.6,0.051666666666666666,0.051666666666666666,3.8495068550109863,2.2187862396240234,2.367440938949585,1.2381784915924072,0.7666666666666667,2.005525827407837,0.016666666666666666,0.016666666666666666,0.9898881912231445,0.75,0.0,0.0,0.016666666666666666
R09,B10,0.9,0.051666666666666666,0.051666666666666666,3.8495068550109863,2.2187862396240234,2.367440938949585,1.2381784915924072,0.7666666666666667,2.005525827407837,0.016666666666666666,0.016666666666666666,1.2631093263626099,0.75,0.0,0.0,0.016666666666666666
R09,B11,0.3,0.051666666666666666,0.051666666666666666,3.8495068550109863,2.2187862396240234,2.367440938949585,1.2381784915924072,0.6833333333333333,2.9642415046691895,0.03333333333333333,0.016666666666666666,1.1787992715835571,0.75,0.0,0.0,0.016666666666666666
R09,B11,0.6,0.051666666666666666,0.051666666666666666,3.8495068550109863,2.2187862396240234,2.367440938949585,1.2381784915924072,0.7666666666666667,2.9642415046691895,0.03333333333333333,0.016666666666666666,1.704918622970581,0.75,0.03333333333333333,0.7166666666666667,0.7666666666666667
R09,B11,0.9,0.051666666666666666,0.051666666666666666,3.8495068550109863,2.2187862396240234,2.367440938949585,1.2381784915924072,0.7666666666666667,2.9642415046691895,0.03333333333333333,0.016666666666666666,2.0478744506835938,0.75,0.03333333333333333,0.75,0.7666666666666667
R09,B12,0.3,0.051666666666666666,0.051666666666666666,3.8495068550109863,2.2187862396240234,2.367440938949585,1.2381784915924072,0.6833333333333333,2.311544895172119,0.05,0.03333333333333333,1.288177728652954,0.75,0.0,0.0,0.016666666666666666
R09,B12,0.6,0.051666666666666666,0.051666666666666666,3.8495068550109863,2.2187862396240234,2.367440938949585,1.2381784915924072,0.7666666666666667,2.311544895172119,0.05,0.03333333333333333,1.8329565525054932,0.75,0.016666666666666666,0.7166666666666667,0.7666666666666667
R09,B12,0.9,0.051666666666666666,0.051666666666666666,3.8495068550109863,2.2187862396240234,2.367440938949585,1.2381784915924072,0.7666666666666667,2.311544895172119,0.05,0.03333333333333333,2.1836345195770264,0.75,0.03333333333333333,0.75,0.7666666666666667
R09,B13,0.3,0.051666666666666666,0.051666666666666666,3.8495068550109863,2.2187862396240234,2.367440938949585,1.2381784915924072,0.6833333333333333,1.4085450172424316,0.0,0.016666666666666666,0.0,0.0,0.0,0.0,0.016666666666666666
R09,B13,0.6,0.051666666666666666,0.051666666666666666,3.8495068550109863,2.2187862396240234,2.367440938949585,1.2381784915924072,0.7666666666666667,1.4085450172424316,0.0,0.016666666666666666,0.0,0.0,0.0,0.0,0.016666666666666666
R09,B13,0.9,0.051666666666666666,0.051666666666666666,3.8495068550109863,2.2187862396240234,2.367440938949585,1.2381784915924072,0.7666666666666667,1.4085450172424316,0.0,0.016666666666666666,0.0,0.0,0.0,0.0,0.016666666666666666
R09,B14,0.3,0.051666666666666666,0.051666666666666666,3.8495068550109863,2.2187862396240234,2.367440938949585,1.2381784915924072,0.6833333333333333,2.7350165843963623,0.16666666666666666,0.16666666666666666,2.269622564315796,0.75,0.016666666666666666,0.016666666666666666,0.03333333333333333
R09,B14,0.6,0.051666666666666666,0.051666666666666666,3.8495068550109863,2.2187862396240234,2.367440938949585,1.2381784915924072,0.7666666666666667,2.7350165843963623,0.16666666666666666,0.16666666666666666,2.9097111225128174,0.75,0.016666666666666666,0.016666666666666666,0.03333333333333333
R09,B14,0.9,0.051666666666666666,0.051666666666666666,3.8495068550109863,2.2187862396240234,2.367440938949585,1.2381784915924072,0.7666666666666667,2.7350165843963623,0.16666666666666666,0.16666666666666666,3.2968454360961914,0.75,0.06666666666666667,0.75,0.7666666666666667
R09,B15,0.3,0.051666666666666666,0.051666666666666666,3.8495068550109863,2.2187862396240234,2.367440938949585,1.2381784915924072,0.6833333333333333,2.3850862979888916,0.0,0.016666666666666666,0.0,0.0,0.0,0.0,0.016666666666666666
R09,B15,0.6,0.051666666666666666,0.051666666666666666,3.8495068550109863,2.2187862396240234,2.367440938949585,1.2381784915924072,0.7666666666666667,2.3850862979888916,0.0,0.016666666666666666,0.0,0.0,0.0,0.0,0.016666666666666666
R09,B15,0.9,0.051666666666666666,0.051666666666666666,3.8495068550109863,2.2187862396240234,2.367440938949585,1.2381784915924072,0.7666666666666667,2.3850862979888916,0.0,0.016666666666666666,0.0,0.0,0.0,0.0,0.016666666666666666
R09,B16,0.3,0.051666666666666666,0.051666666666666666,3.8495068550109863,2.2187862396240234,2.367440938949585,1.2381784915924072,0.6833333333333333,3.5516269207000732,0.1,0.13333333333333333,1.5795358419418335,0.75,0.0,0.0,0.016666666666666666
R09,B16,0.6,0.051666666666666666,0.051666666666666666,3.8495068550109863,2.2187862396240234,2.367440938949585,1.2381784915924072,0.7666666666666667,3.5516269207000732,0.1,0.13333333333333333,2.1639440059661865,0.75,0.03333333333333333,0.03333333333333333,0.7666666666666667
R09,B16,0.9,0.051666666666666666,0.051666666666666666,3.8495068550109863,2.2187862396240234,2.367440938949585,1.2381784915924072,0.7666666666666667,3.5516269207000732,0.1,0.13333333333333333,2.5303664207458496,0.75,0.03333333333333333,0.75,0.7666666666666667
R09,B17,0.3,0.051666666666666666,0.051666666666666666,3.8495068550109863,2.2187862396240234,2.367440938949585,1.2381784915924072,0.6833333333333333,2.859339714050293,0.0,0.016666666666666666,0.0,0.0,0.0,0.0,0.016666666666666666
R09,B17,0.6,0.051666666666666666,0.051666666666666666,3.8495068550109863,2.2187862396240234,2.367440938949585,1.2381784915924072,0.7666666666666667,2.859339714050293,0.0,0.016666666666666666,0.0,0.0,0.0,0.0,0.016666666666666666
R09,B17,0.9,0.051666666666666666,0.051666666666666666,3.8495068550109863,2.2187862396240234,2.367440938949585,1.2381784915924072,0.7666666666666667,2.859339714050293,0.0,0.016666666666666666,0.0,0.0,0.0,0.0,0.016666666666666666
R09,B18,0.3,0.051666666666666666,0.051666666666666666,3.8495068550109863,2.2187862396240234,2.367440938949585,1.2381784915924072,0.6833333333333333,4.9695353507995605,0.016666666666666666,0.03333333333333333,0.28266727924346924,0.75,0.0,0.0,0.016666666666666666
R09,B18,0.6,0.051666666666666666,0.051666666666666666,3.8495068550109863,2.2187862396240234,2.367440938949585,1.2381784915924072,0.7666666666666667,4.9695353507995605,0.016666666666666666,0.03333333333333333,0.5027898550033569,0.75,0.0,0.0,0.016666666666666666
R09,B18,0.9,0.051666666666666666,0.051666666666666666,3.8495068550109863,2.2187862396240234,2.367440938949585,1.2381784915924072,0.7666666666666667,4.9695353507995605,0.016666666666666666,0.03333333333333333,0.6830923557281494,0.75,0.0,0.0,0.016666666666666666
R09,B19,0.3,0.051666666666666666,0.051666666666666666,3.8495068550109863,2.2187862396240234,2.367440938949585,1.2381784915924072,0.6833333333333333,1.0006319284439087,0.016666666666666666,0.0,0.44696223735809326,0.7666666666666667,0.0,0.0,0.016666666666666666
R09,B19,0.6,0.051666666666666666,0.051666666666666666,3.8495068550109863,2.2187862396240234,2.367440938949585,1.2381784915924072,0.7666666666666667,1.0006319284439087,0.016666666666666666,0.0,0.7547644972801208,0.7666666666666667,0.0,0.0,0.016666666666666666
R09,B19,0.9,0.051666666666666666,0.051666666666666666,3.8495068550109863,2.2187862396240234,2.367440938949585,1.2381784915924072,0.7666666666666667,1.0006319284439087,0.016666666666666666,0.0,0.9897885322570801,0.7666666666666667,0.0,0.0,0.016666666666666666
R09,B20,0.3,0.051666666666666666,0.051666666666666666,3.8495068550109863,2.2187862396240234,2.367440938949585,1.2381784915924072,0.6833333333333333,1.41342294216156,0.05,0.0,1.296640396118164,0.7666666666666667,0.0,0.0,0.016666666666666666
R09,B20,0.6,0.051666666666666666,0.051666666666666666,3.8495068550109863,2.2187862396240234,2.367440938949585,1.2381784915924072,0.7666666666666667,1.41342294216156,0.05,0.0,1.8427661657333374,0.7666666666666667,0.016666666666666666,0.7333333333333333,0.7833333333333333
R09,B20,0.9,0.051666666666666666,0.051666666666666666,3.8495068550109863,2.2187862396240234,2.367440938949585,1.2381784915924072,0.7666666666666667,1.41342294216156,0.05,0.0,2.1939938068389893,0.7666666666666667,0.03333333333333333,0.7666666666666667,0.7833333333333333
R09,B21,0.3,0.051666666666666666,0.051666666666666666,3.8495068550109863,2.2187862396240234,2.367440938949585,1.2381784915924072,0.6833333333333333,1.2809338569641113,0.0,0.016666666666666666,0.0,0.0,0.0,0.0,0.016666666666666666
R09,B21,0.6,0.051666666666666666,0.051666666666666666,3.8495068550109863,2.2187862396240234,2.367440938949585,1.2381784915924072,0.7666666666666667,1.2809338569641113,0.0,0.016666666666666666,0.0,0.0,0.0,0.0,0.016666666666666666
R09,B21,0.9,0.051666666666666666,0.051666666666666666,3.8495068550109863,2.2187862396240234,2.367440938949585,1.2381784915924072,0.7666666666666667,1.2809338569641113,0.0,0.016666666666666666,0.0,0.0,0.0,0.0,0.016666666666666666
R09,B22,0.3,0.051666666666666666,0.051666666666666666,3.8495068550109863,2.2187862396240234,2.367440938949585,1.2381784915924072,0.6833333333333333,2.8273136615753174,0.016666666666666666,0.05,1.0383858680725098,0.75,0.016666666666666666,0.06666666666666667,0.35
R09,B22,0.6,0.051666666666666666,0.051666666666666666,3.8495068550109863,2.2187862396240234,2.367440938949585,1.2381784915924072,0.7666666666666667,2.8273136615753174,0.016666666666666666,0.05,1.5367183685302734,0.75,0.016666666666666666,0.7166666666666667,0.7666666666666667
R09,B22,0.9,0.051666666666666666,0.051666666666666666,3.8495068550109863,2.2187862396240234,2.367440938949585,1.2381784915924072,0.7666666666666667,2.8273136615753174,0.016666666666666666,0.05,1.8677881956100464,0.75,0.016666666666666666,0.75,0.7666666666666667
R09,B23,0.3,0.051666666666666666,0.051666666666666666,3.8495068550109863,2.2187862396240234,2.367440938949585,1.2381784915924072,0.6833333333333333,1.3402503728866577,0.016666666666666666,0.0,0.148635596036911,0.7666666666666667,0.0,0.0,0.016666666666666666
R09,B23,0.6,0.051666666666666666,0.051666666666666666,3.8495068550109863,2.2187862396240234,2.367440938949585,1.2381784915924072,0.7666666666666667,1.3402503728866577,0.016666666666666666,0.0,0.27801060676574707,0.7666666666666667,0.0,0.0,0.016666666666666666
R09,B23,0.9,0.051666666666666666,0.051666666666666666,3.8495068550109863,2.2187862396240234,2.367440938949585,1.2381784915924072,0.7666666666666667,1.3402503728866577,0.016666666666666666,0.0,0.39254894852638245,0.7666666666666667,0.0,0.0,0.016666666666666666
R09,B24,0.3,0.051666666666666666,0.051666666666666666,3.8495068550109863,2.2187862396240234,2.367440938949585,1.2381784915924072,0.6833333333333333,3.2453229427337646,0.016666666666666666,0.016666666666666666,0.5313898921012878,0.75,0.0,0.0,0.016666666666666666
R09,B24,0.6,0.051666666666666666,0.051666666666666666,3.8495068550109863,2.2187862396240234,2.367440938949585,1.2381784915924072,0.7666666666666667,3.2453229427337646,0.016666666666666666,0.016666666666666666,0.8765475153923035,0.75,0.016666666666666666,0.016666666666666666,0.03333333333333333
R09,B24,0.9,0.051666666666666666,0.051666666666666666,3.8495068550109863,2.2187862396240234,2.367440938949585,1.2381784915924072,0.7666666666666667,3.2453229427337646,0.016666666666666666,0.016666666666666666,1.1326547861099243,0.75,0.016666666666666666,0.75,0.7666666666666667
R09,B25,0.3,0.051666666666666666,0.051666666666666666,3.8495068550109863,2.2187862396240234,2.367440938949585,1.2381784915924072,0.6833333333333333,3.3181779384613037,0.15,0.16666666666666666,3.478717803955078,0.75,0.05,0.3,0.6
R09,B25,0.6,0.051666666666666666,0.051666666666666666,3.8495068550109863,2.2187862396240234,2.367440938949585,1.2381784915924072,0.7666666666666667,3.3181779384613037,0.15,0.16666666666666666,4.1563215255737305,0.75,0.08333333333333333,0.7166666666666667,0.7666666666666667
R09,B25,0.9,0.051666666666666666,0.051666666666666666,3.8495068550109863,2.2187862396240234,2.367440938949585,1.2381784915924072,0.7666666666666667,3.3181779384613037,0.15,0.16666666666666666,4.556550979614258,0.75,0.08333333333333333,0.75,0.7666666666666667
R09,B26,0.3,0.051666666666666666,0.051666666666666666,3.8495068550109863,2.2187862396240234,2.367440938949585,1.2381784915924072,0.6833333333333333,0.6881346702575684,0.03333333333333333,0.0,2.530921220779419,0.7666666666666667,0.016666666666666666,0.35,0.65
R09,B26,0.6,0.051666666666666666,0.051666666666666666,3.8495068550109863,2.2187862396240234,2.367440938949585,1.2381784915924072,0.7666666666666667,0.6881346702575684,0.03333333333333333,0.0,3.183462142944336,0.7666666666666667,0.016666666666666666,0.7333333333333333,0.7833333333333333
R09,B26,0.9,0.051666666666666666,0.051666666666666666,3.8495068550109863,2.2187862396240234,2.367440938949585,1.2381784915924072,0.7666666666666667,0.6881346702575684,0.03333333333333333,0.0,3.575016736984253,0.7666666666666667,0.016666666666666666,0.7666666666666667,0.7833333333333333
R09,B27,0.3,0.051666666666666666,0.051666666666666666,3.8495068550109863,2.2187862396240234,2.367440938949585,1.2381784915924072,0.6833333333333333,3.0046920776367188,0.1,0.11666666666666667,1.7952667474746704,0.75,0.016666666666666666,0.016666666666666666,0.03333333333333333
R09,B27,0.6,0.051666666666666666,0.051666666666666666,3.8495068550109863,2.2187862396240234,2.367440938949585,1.2381784915924072,0.7666666666666667,3.0046920776367188,0.1,0.11666666666666667,2.4017207622528076,0.75,0.016666666666666666,0.7166666666666667,0.7666666666666667
R09,B27,0.9,0.051666666666666666,0.051666666666666666,3.8495068550109863,2.2187862396240234,2.367440938949585,1.2381784915924072,0.7666666666666667,3.0046920776367188,0.1,0.11666666666666667,2.776533603668213,0.75,0.016666666666666666,0.75,0.7666666666666667
R09,B28,0.3,0.051666666666666666,0.051666666666666666,3.8495068550109863,2.2187862396240234,2.367440938949585,1.2381784915924072,0.6833333333333333,3.9592881202697754,0.1,0.16666666666666666,2.015052080154419,0.75,0.016666666666666666,0.016666666666666666,0.03333333333333333
R09,B28,0.6,0.051666666666666666,0.051666666666666666,3.8495068550109863,2.2187862396240234,2.367440938949585,1.2381784915924072,0.7666666666666667,3.9592881202697754,0.1,0.16666666666666666,2.639216899871826,0.75,0.03333333333333333,0.75,0.7666666666666667
R09,B28,0.9,0.051666666666666666,0.051666666666666666,3.8495068550109863,2.2187862396240234,2.367440938949585,1.2381784915924072,0.7666666666666667,3.9592881202697754,0.1,0.16666666666666666,3.0205881595611572,0.75,0.06666666666666667,0.75,0.7666666666666667
R09,B29,0.3,0.051666666666666666,0.051666666666666666,3.8495068550109863,2.2187862396240234,2.367440938949585,1.2381784915924072,0.6833333333333333,3.449352502822876,0.16666666666666666,0.23333333333333334,2.270812749862671,0.75,0.05,0.11666666666666667,0.13333333333333333
R09,B29,0.6,0.051666666666666666,0.051666666666666666,3.8495068550109863,2.2187862396240234,2.367440938949585,1.2381784915924072,0.7666666666666667,3.449352502822876,0.16666666666666666,0.23333333333333334,2.910966157913208,0.75,0.06666666666666667,0.7166666666666667,0.7666666666666667
R09,B29,0.9,0.051666666666666666,0.051666666666666666,3.8495068550109863,2.2187862396240234,2.367440938949585,1.2381784915924072,0.7666666666666667,3.449352502822876,0.16666666666666666,0.23333333333333334,3.298123598098755,0.75,0.08333333333333333,0.75,0.7666666666666667
R09,B30,0.3,0.051666666666666666,0.051666666666666666,3.8495068550109863,2.2187862396240234,2.367440938949585,1.2381784915924072,0.6833333333333333,2.528125762939453,0.016666666666666666,0.05,0.39994147419929504,0.75,0.0,0.0,0.016666666666666666
R09,B30,0.6,0.051666666666666666,0.051666666666666666,3.8495068550109863,2.2187862396240234,2.367440938949585,1.2381784915924072,0.7666666666666667,2.528125762939453,0.016666666666666666,0.05,0.68485027551651,0.75,0.0,0.0,0.016666666666666666
R09,B30,0.9,0.051666666666666666,0.051666666666666666,3.8495068550109863,2.2187862396240234,2.367440938949585,1.2381784915924072,0.7666666666666667,2.528125762939453,0.016666666666666666,0.05,0.9063261151313782,0.75,0.0,0.0,0.016666666666666666
R09,B31,0.3,0.051666666666666666,0.051666666666666666,3.8495068550109863,2.2187862396240234,2.367440938949585,1.2381784915924072,0.6833333333333333,3.016514778137207,0.23333333333333334,0.15,2.614630699157715,0.75,0.05,0.05,0.3333333333333333
R09,B31,0.6,0.051666666666666666,0.051666666666666666,3.8495068550109863,2.2187862396240234,2.367440938949585,1.2381784915924072,0.7666666666666667,3.016514778137207,0.23333333333333334,0.15,3.270493984222412,0.75,0.11666666666666667,0.7166666666666667,0.7666666666666667
R09,B31,0.9,0.051666666666666666,0.051666666666666666,3.8495068550109863,2.2187862396240234,2.367440938949585,1.2381784915924072,0.7666666666666667,3.016514778137207,0.23333333333333334,0.15,3.6632156372070312,0.75,0.15,0.75,0.7666666666666667
R09,B32,0.3,0.051666666666666666,0.051666666666666666,3.8495068550109863,2.2187862396240234,2.367440938949585,1.2381784915924072,0.6833333333333333,2.4731714725494385,0.016666666666666666,0.016666666666666666,0.15163365006446838,0.75,0.0,0.0,0.016666666666666666
R09,B32,0.6,0.051666666666666666,0.051666666666666666,3.8495068550109863,2.2187862396240234,2.367440938949585,1.2381784915924072,0.7666666666666667,2.4731714725494385,0.016666666666666666,0.016666666666666666,0.2832731008529663,0.75,0.0,0.0,0.016666666666666666
R09,B32,0.9,0.051666666666666666,0.051666666666666666,3.8495068550109863,2.2187862396240234,2.367440938949585,1.2381784915924072,0.7666666666666667,2.4731714725494385,0.016666666666666666,0.016666666666666666,0.3995821475982666,0.75,0.0,0.0,0.016666666666666666
R09,B33,0.3,0.051666666666666666,0.051666666666666666,3.8495068550109863,2.2187862396240234,2.367440938949585,1.2381784915924072,0.6833333333333333,3.579622507095337,0.16666666666666666,0.2,2.6577796936035156,0.75,0.05,0.06666666666666667,0.08333333333333333
R09,B33,0.6,0.051666666666666666,0.051666666666666666,3.8495068550109863,2.2187862396240234,2.367440938949585,1.2381784915924072,0.7666666666666667,3.579622507095337,0.16666666666666666,0.2,3.315246105194092,0.75,0.08333333333333333,0.7166666666666667,0.7666666666666667
R09,B33,0.9,0.051666666666666666,0.051666666666666666,3.8495068550109863,2.2187862396240234,2.367440938949585,1.2381784915924072,0.7666666666666667,3.579622507095337,0.16666666666666666,0.2,3.708528757095337,0.75,0.08333333333333333,0.75,0.7666666666666667
R09,B34,0.3,0.051666666666666666,0.051666666666666666,3.8495068550109863,2.2187862396240234,2.367440938949585,1.2381784915924072,0.6833333333333333,0.5709795355796814,0.016666666666666666,0.0,0.08891517668962479,0.7666666666666667,0.0,0.0,0.016666666666666666
R09,B34,0.6,0.051666666666666666,0.051666666666666666,3.8495068550109863,2.2187862396240234,2.367440938949585,1.2381784915924072,0.7666666666666667,0.5709795355796814,0.016666666666666666,0.0,0.17056597769260406,0.7666666666666667,0.0,0.0,0.016666666666666666
R09,B34,0.9,0.051666666666666666,0.051666666666666666,3.8495068550109863,2.2187862396240234,2.367440938949585,1.2381784915924072,0.7666666666666667,0.5709795355796814,0.016666666666666666,0.0,0.24605025351047516,0.7666666666666667,0.0,0.0,0.016666666666666666
R09,B35,0.3,0.051666666666666666,0.051666666666666666,3.8495068550109863,2.2187862396240234,2.367440938949585,1.2381784915924072,0.6833333333333333,2.5595502853393555,0.16666666666666666,0.13333333333333333,2.150556802749634,0.75,0.03333333333333333,0.03333333333333333,0.05
R09,B35,0.6,0.051666666666666666,0.051666666666666666,3.8495068550109863,2.2187862396240234,2.367440938949585,1.2381784915924072,0.7666666666666667,2.5595502853393555,0.16666666666666666,0.13333333333333333,2.783731460571289,0.75,0.05,0.7166666666666667,0.7666666666666667
R09,B35,0.9,0.051666666666666666,0.051666666666666666,3.8495068550109863,2.2187862396240234,2.367440938949585,1.2381784915924072,0.7666666666666667,2.5595502853393555,0.16666666666666666,0.13333333333333333,3.1683788299560547,0.75,0.06666666666666667,0.75,0.7666666666666667
R09,B36,0.3,0.051666666666666666,0.051666666666666666,3.8495068550109863,2.2187862396240234,2.367440938949585,1.2381784915924072,0.6833333333333333,1.813194751739502,0.016666666666666666,0.016666666666666666,1.3760591745376587,0.75,0.0,0.0,0.016666666666666666
R09,B36,0.6,0.051666666666666666,0.051666666666666666,3.8495068550109863,2.2187862396240234,2.367440938949585,1.2381784915924072,0.7666666666666667,1.813194751739502,0.016666666666666666,0.016666666666666666,1.9342041015625,0.75,0.016666666666666666,0.7166666666666667,0.7666666666666667
R09,B36,0.9,0.051666666666666666,0.051666666666666666,3.8495068550109863,2.2187862396240234,2.367440938949585,1.2381784915924072,0.7666666666666667,1.813194751739502,0.016666666666666666,0.016666666666666666,2.290290117263794,0.75,0.016666666666666666,0.75,0.7666666666666667
R09,B37,0.3,0.051666666666666666,0.051666666666666666,3.8495068550109863,2.2187862396240234,2.367440938949585,1.2381784915924072,0.6833333333333333,3.3666059970855713,0.0,0.016666666666666666,0.0,0.0,0.0,0.0,0.016666666666666666
R09,B37,0.6,0.051666666666666666,0.051666666666666666,3.8495068550109863,2.2187862396240234,2.367440938949585,1.2381784915924072,0.7666666666666667,3.3666059970855713,0.0,0.016666666666666666,0.0,0.0,0.0,0.0,0.016666666666666666
R09,B37,0.9,0.051666666666666666,0.051666666666666666,3.8495068550109863,2.2187862396240234,2.367440938949585,1.2381784915924072,0.7666666666666667,3.3666059970855713,0.0,0.016666666666666666,0.0,0.0,0.0,0.0,0.016666666666666666
R09,B38,0.3,0.051666666666666666,0.051666666666666666,3.8495068550109863,2.2187862396240234,2.367440938949585,1.2381784915924072,0.6833333333333333,3.668421506881714,0.1,0.16666666666666666,1.6465952396392822,0.75,0.0,0.0,0.016666666666666666
R09,B38,0.6,0.051666666666666666,0.051666666666666666,3.8495068550109863,2.2187862396240234,2.367440938949585,1.2381784915924072,0.7666666666666667,3.668421506881714,0.1,0.16666666666666666,2.238426446914673,0.75,0.05,0.7166666666666667,0.7666666666666667
R09,B38,0.9,0.051666666666666666,0.051666666666666666,3.8495068550109863,2.2187862396240234,2.367440938949585,1.2381784915924072,0.7666666666666667,3.668421506881714,0.1,0.16666666666666666,2.6077024936676025,0.75,0.05,0.75,0.7666666666666667
R09,B39,0.3,0.051666666666666666,0.051666666666666666,3.8495068550109863,2.2187862396240234,2.367440938949585,1.2381784915924072,0.6833333333333333,2.9370434284210205,0.03333333333333333,0.016666666666666666,1.5452698469161987,0.75,0.016666666666666666,0.31666666666666665,0.6333333333333333
R09,B39,0.6,0.051666666666666666,0.051666666666666666,3.8495068550109863,2.2187862396240234,2.367440938949585,1.2381784915924072,0.7666666666666667,2.9370434284210205,0.03333333333333333,0.016666666666666666,2.1256656646728516,0.75,0.016666666666666666,0.7166666666666667,0.7666666666666667
R09,B39,0.9,0.051666666666666666,0.051666666666666666,3.8495068550109863,2.2187862396240234,2.367440938949585,1.2381784915924072,0.7666666666666667,2.9370434284210205,0.03333333333333333,0.016666666666666666,2.4905331134796143,0.75,0.016666666666666666,0.75,0.7666666666666667
R09,B40,0.3,0.051666666666666666,0.051666666666666666,3.8495068550109863,2.2187862396240234,2.367440938949585,1.2381784915924072,0.6833333333333333,3.2891478538513184,0.016666666666666666,0.016666666666666666,1.7307422161102295,0.75,0.016666666666666666,0.016666666666666666,0.03333333333333333
R09,B40,0.6,0.051666666666666666,0.051666666666666666,3.8495068550109863,2.2187862396240234,2.367440938949585,1.2381784915924072,0.7666666666666667,3.2891478538513184,0.016666666666666666,0.016666666666666666,2.331141948699951,0.75,0.016666666666666666,0.7166666666666667,0.7666666666666667
R09,B40,0.9,0.051666666666666666,0.051666666666666666,3.8495068550109863,2.2187862396240234,2.367440938949585,1.2381784915924072,0.7666666666666667,3.2891478538513184,0.016666666666666666,0.016666666666666666,2.7036755084991455,0.75,0.016666666666666666,0.75,0.7666666666666667
R09,B41,0.3,0.051666666666666666,0.051666666666666666,3.8495068550109863,2.2187862396240234,2.367440938949585,1.2381784915924072,0.6833333333333333,0.7275486588478088,0.016666666666666666,0.0,0.7269162535667419,0.7666666666666667,0.0,0.0,0.016666666666666666
R09,B41,0.6,0.051666666666666666,0.051666666666666666,3.8495068550109863,2.2187862396240234,2.367440938949585,1.2381784915924072,0.7666666666666667,0.7275486588478088,0.016666666666666666,0.0,1.1433889865875244,0.7666666666666667,0.0,0.0,0.016666666666666666
R09,B41,0.9,0.051666666666666666,0.051666666666666666,3.8495068550109863,2.2187862396240234,2.367440938949585,1.2381784915924072,0.7666666666666667,0.7275486588478088,0.016666666666666666,0.0,1.4365296363830566,0.7666666666666667,0.0,0.0,0.016666666666666666
R09,B42,0.3,0.051666666666666666,0.051666666666666666,3.8495068550109863,2.2187862396240234,2.367440938949585,1.2381784915924072,0.6833333333333333,1.0577902793884277,0.016666666666666666,0.016666666666666666,1.1845537424087524,0.75,0.0,0.0,0.016666666666666666
R09,B42,0.6,0.051666666666666666,0.051666666666666666,3.8495068550109863,2.2187862396240234,2.367440938949585,1.2381784915924072,0.7666666666666667,1.0577902793884277,0.016666666666666666,0.016666666666666666,1.711715579032898,0.75,0.016666666666666666,0.7166666666666667,0.7666666666666667
R09,B42,0.9,0.051666666666666666,0.051666666666666666,3.8495068550109863,2.2187862396240234,2.367440938949585,1.2381784915924072,0.7666666666666667,1.0577902793884277,0.016666666666666666,0.016666666666666666,2.055108070373535,0.75,0.016666666666666666,0.75,0.7666666666666667
R09,B43,0.3,0.051666666666666666,0.051666666666666666,3.8495068550109863,2.2187862396240234,2.367440938949585,1.2381784915924072,0.6833333333333333,0.7975072264671326,0.03333333333333333,0.016666666666666666,0.9695669412612915,0.75,0.0,0.0,0.016666666666666666
R09,B43,0.6,0.051666666666666666,0.051666666666666666,3.8495068550109863,2.2187862396240234,2.367440938949585,1.2381784915924072,0.7666666666666667,0.7975072264671326,0.03333333333333333,0.016666666666666666,1.4524575471878052,0.75,0.016666666666666666,0.7166666666666667,0.7666666666666667
R09,B43,0.9,0.051666666666666666,0.051666666666666666,3.8495068550109863,2.2187862396240234,2.367440938949585,1.2381784915924072,0.7666666666666667,0.7975072264671326,0.03333333333333333,0.016666666666666666,1.7767146825790405,0.75,0.03333333333333333,0.75,0.7666666666666667
R09,B44,0.3,0.051666666666666666,0.051666666666666666,3.8495068550109863,2.2187862396240234,2.367440938949585,1.2381784915924072,0.6833333333333333,1.4206959009170532,0.03333333333333333,0.0,0.402632474899292,0.7666666666666667,0.0,0.0,0.016666666666666666
R09,B44,0.6,0.051666666666666666,0.051666666666666666,3.8495068550109863,2.2187862396240234,2.367440938949585,1.2381784915924072,0.7666666666666667,1.4206959009170532,0.03333333333333333,0.0,0.6888952255249023,0.7666666666666667,0.016666666666666666,0.7333333333333333,0.7833333333333333
R09,B44,0.9,0.051666666666666666,0.051666666666666666,3.8495068550109863,2.2187862396240234,2.367440938949585,1.2381784915924072,0.7666666666666667,1.4206959009170532,0.03333333333333333,0.0,0.911186158657074,0.7666666666666667,0.016666666666666666,0.7666666666666667,0.7833333333333333
R09,B45,0.3,0.051666666666666666,0.051666666666666666,3.8495068550109863,2.2187862396240234,2.367440938949585,1.2381784915924072,0.6833333333333333,1.9629076719284058,0.03333333333333333,0.03333333333333333,0.5381401181221008,0.75,0.0,0.0,0.016666666666666666
R09,B45,0.6,0.051666666666666666,0.051666666666666666,3.8495068550109863,2.2187862396240234,2.367440938949585,1.2381784915924072,0.7666666666666667,1.9629076719284058,0.03333333333333333,0.03333333333333333,0.8860939741134644,0.75,0.0,0.0,0.016666666666666666
R09,B45,0.9,0.051666666666666666,0.051666666666666666,3.8495068550109863,2.2187862396240234,2.367440938949585,1.2381784915924072,0.7666666666666667,1.9629076719284058,0.03333333333333333,0.03333333333333333,1.1437305212020874,0.75,0.0,0.0,0.016666666666666666
R09,B46,0.3,0.051666666666666666,0.051666666666666666,3.8495068550109863,2.2187862396240234,2.367440938949585,1.2381784915924072,0.6833333333333333,3.7762033939361572,0.03333333333333333,0.05,1.9087846279144287,0.75,0.016666666666666666,0.08333333333333333,0.1
R09,B46,0.6,0.051666666666666666,0.051666666666666666,3.8495068550109863,2.2187862396240234,2.367440938949585,1.2381784915924072,0.7666666666666667,3.7762033939361572,0.03333333333333333,0.05,2.5249102115631104,0.75,0.016666666666666666,0.7166666666666667,0.7666666666666667
R09,B46,0.9,0.051666666666666666,0.051666666666666666,3.8495068550109863,2.2187862396240234,2.367440938949585,1.2381784915924072,0.7666666666666667,3.7762033939361572,0.03333333333333333,0.05,2.9033241271972656,0.75,0.016666666666666666,0.75,0.7666666666666667
R09,B47,0.3,0.051666666666666666,0.051666666666666666,3.8495068550109863,2.2187862396240234,2.367440938949585,1.2381784915924072,0.6833333333333333,3.067122220993042,0.03333333333333333,0.05,1.7945990562438965,0.75,0.016666666666666666,0.016666666666666666,0.03333333333333333
R09,B47,0.6,0.051666666666666666,0.051666666666666666,3.8495068550109863,2.2187862396240234,2.367440938949585,1.2381784915924072,0.7666666666666667,3.067122220993042,0.03333333333333333,0.05,2.4009926319122314,0.75,0.03333333333333333,0.7166666666666667,0.7666666666666667
R09,B47,0.9,0.051666666666666666,0.051666666666666666,3.8495068550109863,2.2187862396240234,2.367440938949585,1.2381784915924072,0.7666666666666667,3.067122220993042,0.03333333333333333,0.05,2.775782585144043,0.75,0.03333333333333333,0.75,0.7666666666666667
R09,B48,0.3,0.051666666666666666,0.051666666666666666,3.8495068550109863,2.2187862396240234,2.367440938949585,1.2381784915924072,0.6833333333333333,2.2854390144348145,0.16666666666666666,0.13333333333333333,2.3573338985443115,0.75,0.016666666666666666,0.03333333333333333,0.3333333333333333
R09,B48,0.6,0.051666666666666666,0.051666666666666666,3.8495068550109863,2.2187862396240234,2.367440938949585,1.2381784915924072,0.7666666666666667,2.2854390144348145,0.16666666666666666,0.13333333333333333,3.001987934112549,0.75,0.03333333333333333,0.7166666666666667,0.7666666666666667
R09,B48,0.9,0.051666666666666666,0.051666666666666666,3.8495068550109863,2.2187862396240234,2.367440938949585,1.2381784915924072,0.7666666666666667,2.2854390144348145,0.16666666666666666,0.13333333333333333,3.390751600265503,0.75,0.03333333333333333,0.75,0.7666666666666667
R09,B49,0.3,0.051666666666666666,0.051666666666666666,3.8495068550109863,2.2187862396240234,2.367440938949585,1.2381784915924072,0.6833333333333333,3.377246141433716,0.13333333333333333,0.15,1.9468286037445068,0.75,0.05,0.05,0.1
R09,B49,0.6,0.051666666666666666,0.051666666666666666,3.8495068550109863,2.2187862396240234,2.367440938949585,1.2381784915924072,0.7666666666666667,3.377246141433716,0.13333333333333333,0.15,2.5659384727478027,0.75,0.06666666666666667,0.7166666666666667,0.7666666666666667
R09,B49,0.9,0.051666666666666666,0.051666666666666666,3.8495068550109863,2.2187862396240234,2.367440938949585,1.2381784915924072,0.7666666666666667,3.377246141433716,0.13333333333333333,0.15,2.9454541206359863,0.75,0.1,0.75,0.7666666666666667
R09,B50,0.3,0.051666666666666666,0.051666666666666666,3.8495068550109863,2.2187862396240234,2.367440938949585,1.2381784915924072,0.6833333333333333,0.9202827215194702,0.0,0.0,0.0,0.0,0.0,0.0,0.016666666666666666
R09,B50,0.6,0.051666666666666666,0.051666666666666666,3.8495068550109863,2.2187862396240234,2.367440938949585,1.2381784915924072,0.7666666666666667,0.9202827215194702,0.0,0.0,0.0,0.0,0.0,0.0,0.016666666666666666
R09,B50,0.9,0.051666666666666666,0.051666666666666666,3.8495068550109863,2.2187862396240234,2.367440938949585,1.2381784915924072,0.7666666666666667,0.9202827215194702,0.0,0.0,0.0,0.0,0.0,0.0,0.016666666666666666
R09,B51,0.3,0.051666666666666666,0.051666666666666666,3.8495068550109863,2.2187862396240234,2.367440938949585,1.2381784915924072,0.6833333333333333,3.894469976425171,0.13333333333333333,0.1,2.247443437576294,0.75,0.016666666666666666,0.3333333333333333,0.6333333333333333
R09,B51,0.6,0.051666666666666666,0.051666666666666666,3.8495068550109863,2.2187862396240234,2.367440938949585,1.2381784915924072,0.7666666666666667,3.894469976425171,0.13333333333333333,0.1,2.8863091468811035,0.75,0.05,0.7166666666666667,0.7666666666666667
R09,B51,0.9,0.051666666666666666,0.051666666666666666,3.8495068550109863,2.2187862396240234,2.367440938949585,1.2381784915924072,0.7666666666666667,3.894469976425171,0.13333333333333333,0.1,3.273005247116089,0.75,0.05,0.75,0.7666666666666667
R09,B52,0.3,0.051666666666666666,0.051666666666666666,3.8495068550109863,2.2187862396240234,2.367440938949585,1.2381784915924072,0.6833333333333333,2.9997243881225586,0.016666666666666666,0.03333333333333333,0.23403534293174744,0.75,0.0,0.0,0.016666666666666666
R09,B52,0.6,0.051666666666666666,0.051666666666666666,3.8495068550109863,2.2187862396240234,2.367440938949585,1.2381784915924072,0.7666666666666667,2.9997243881225586,0.016666666666666666,0.03333333333333333,0.4235527515411377,0.75,0.0,0.0,0.016666666666666666
R09,B52,0.9,0.051666666666666666,0.051666666666666666,3.8495068550109863,2.2187862396240234,2.367440938949585,1.2381784915924072,0.7666666666666667,2.9997243881225586,0.016666666666666666,0.03333333333333333,0.5828117728233337,0.75,0.0,0.0,0.016666666666666666
R09,B53,0.3,0.051666666666666666,0.051666666666666666,3.8495068550109863,2.2187862396240234,2.367440938949585,1.2381784915924072,0.6833333333333333,3.7077012062072754,0.0,0.016666666666666666,0.0,0.0,0.0,0.0,0.016666666666666666
R09,B53,0.6,0.051666666666666666,0.051666666666666666,3.8495068550109863,2.2187862396240234,2.367440938949585,1.2381784915924072,0.7666666666666667,3.7077012062072754,0.0,0.016666666666666666,0.0,0.0,0.0,0.0,0.016666666666666666
R09,B53,0.9,0.051666666666666666,0.051666666666666666,3.8495068550109863,2.2187862396240234,2.367440938949585,1.2381784915924072,0.7666666666666667,3.7077012062072754,0.0,0.016666666666666666,0.0,0.0,0.0,0.0,0.016666666666666666
R09,B54,0.3,0.051666666666666666,0.051666666666666666,3.8495068550109863,2.2187862396240234,2.367440938949585,1.2381784915924072,0.6833333333333333,2.8033604621887207,0.0,0.016666666666666666,0.0,0.0,0.0,0.0,0.016666666666666666
R09,B54,0.6,0.051666666666666666,0.051666666666666666,3.8495068550109863,2.2187862396240234,2.367440938949585,1.2381784915924072,0.7666666666666667,2.8033604621887207,0.0,0.016666666666666666,0.0,0.0,0.0,0.0,0.016666666666666666
R09,B54,0.9,0.051666666666666666,0.051666666666666666,3.8495068550109863,2.2187862396240234,2.367440938949585,1.2381784915924072,0.7666666666666667,2.8033604621887207,0.0,0.016666666666666666,0.0,0.0,0.0,0.0,0.016666666666666666
R09,B55,0.3,0.051666666666666666,0.051666666666666666,3.8495068550109863,2.2187862396240234,2.367440938949585,1.2381784915924072,0.6833333333333333,3.989169120788574,0.16666666666666666,0.13333333333333333,2.6763916015625,0.75,0.08333333333333333,0.15,0.6
R09,B55,0.6,0.051666666666666666,0.051666666666666666,3.8495068550109863,2.2187862396240234,2.367440938949585,1.2381784915924072,0.7666666666666667,3.989169120788574,0.16666666666666666,0.13333333333333333,3.3345274925231934,0.75,0.1,0.7166666666666667,0.7666666666666667
R09,B55,0.9,0.051666666666666666,0.051666666666666666,3.8495068550109863,2.2187862396240234,2.367440938949585,1.2381784915924072,0.7666666666666667,3.989169120788574,0.16666666666666666,0.13333333333333333,3.728044271469116,0.75,0.1,0.75,0.7666666666666667
R09,B56,0.3,0.051666666666666666,0.051666666666666666,3.8495068550109863,2.2187862396240234,2.367440938949585,1.2381784915924072,0.6833333333333333,1.850028395652771,0.016666666666666666,0.016666666666666666,0.10593204945325851,0.75,0.0,0.0,0.016666666666666666
R09,B56,0.6,0.051666666666666666,0.051666666666666666,3.8495068550109863,2.2187862396240234,2.367440938949585,1.2381784915924072,0.7666666666666667,1.850028395652771,0.016666666666666666,0.016666666666666666,0.2017095983028412,0.75,0.0,0.0,0.016666666666666666
R09,B56,0.9,0.051666666666666666,0.051666666666666666,3.8495068550109863,2.2187862396240234,2.367440938949585,1.2381784915924072,0.7666666666666667,1.850028395652771,0.016666666666666666,0.016666666666666666,0.2891102731227875,0.75,0.0,0.0,0.016666666666666666
R09,B57,0.3,0.051666666666666666,0.051666666666666666,3.8495068550109863,2.2187862396240234,2.367440938949585,1.2381784915924072,0.6833333333333333,0.5653138160705566,0.016666666666666666,0.016666666666666666,0.4653030335903168,0.75,0.0,0.0,0.016666666666666666
R09,B57,0.6,0.051666666666666666,0.051666666666666666,3.8495068550109863,2.2187862396240234,2.367440938949585,1.2381784915924072,0.7666666666666667,0.5653138160705566,0.016666666666666666,0.016666666666666666,0.7816128134727478,0.75,0.016666666666666666,0.7166666666666667,0.7666666666666667
R09,B57,0.9,0.051666666666666666,0.051666666666666666,3.8495068550109863,2.2187862396240234,2.367440938949585,1.2381784915924072,0.7666666666666667,0.5653138160705566,0.016666666666666666,0.016666666666666666,1.0215476751327515,0.75,0.016666666666666666,0.75,0.7666666666666667
R09,B58,0.3,0.051666666666666666,0.051666666666666666,3.8495068550109863,2.2187862396240234,2.367440938949585,1.2381784915924072,0.6833333333333333,2.0630581378936768,0.05,0.03333333333333333,1.1979880332946777,0.75,0.0,0.0,0.016666666666666666
R09,B58,0.6,0.051666666666666666,0.051666666666666666,3.8495068550109863,2.2187862396240234,2.367440938949585,1.2381784915924072,0.7666666666666667,2.0630581378936768,0.05,0.03333333333333333,1.7275564670562744,0.75,0.0,0.0,0.016666666666666666
R09,B58,0.9,0.051666666666666666,0.051666666666666666,3.8495068550109863,2.2187862396240234,2.367440938949585,1.2381784915924072,0.7666666666666667,2.0630581378936768,0.05,0.03333333333333333,2.0719549655914307,0.75,0.03333333333333333,0.75,0.7666666666666667
R09,B59,0.3,0.051666666666666666,0.051666666666666666,3.8495068550109863,2.2187862396240234,2.367440938949585,1.2381784915924072,0.6833333333333333,2.1150500774383545,0.0,0.03333333333333333,0.0,0.0,0.0,0.0,0.016666666666666666
R09,B59,0.6,0.051666666666666666,0.051666666666666666,3.8495068550109863,2.2187862396240234,2.367440938949585,1.2381784915924072,0.7666666666666667,2.1150500774383545,0.0,0.03333333333333333,0.0,0.0,0.0,0.0,0.016666666666666666
R09,B59,0.9,0.051666666666666666,0.051666666666666666,3.8495068550109863,2.2187862396240234,2.367440938949585,1.2381784915924072,0.7666666666666667,2.1150500774383545,0.0,0.03333333333333333,0.0,0.0,0.0,0.0,0.016666666666666666
R09,B60,0.3,0.051666666666666666,0.051666666666666666,3.8495068550109863,2.2187862396240234,2.367440938949585,1.2381784915924072,0.6833333333333333,0.9555114507675171,0.03333333333333333,0.0,0.9357693195343018,0.7666666666666667,0.0,0.0,0.016666666666666666
R09,B60,0.6,0.051666666666666666,0.051666666666666666,3.8495068550109863,2.2187862396240234,2.367440938949585,1.2381784915924072,0.7666666666666667,0.9555114507675171,0.03333333333333333,0.0,1.4105838537216187,0.7666666666666667,0.016666666666666666,0.7333333333333333,0.7833333333333333
R09,B60,0.9,0.051666666666666666,0.051666666666666666,3.8495068550109863,2.2187862396240234,2.367440938949585,1.2381784915924072,0.7666666666666667,0.9555114507675171,0.03333333333333333,0.0,1.7312167882919312,0.7666666666666667,0.016666666666666666,0.7666666666666667,0.7833333333333333
R10,B01,0.3,0.03722222222222222,0.037222222222222226,3.9107789993286133,2.0174174308776855,2.0706045627593994,1.718605637550354,0.6333333333333333,1.6292405128479004,0.016666666666666666,0.05,0.6981136798858643,0.7333333333333333,0.0,0.0,0.016666666666666666
R10,B01,0.6,0.03722222222222222,0.037222222222222226,3.9107789993286133,2.0174174308776855,2.0706045627593994,1.718605637550354,0.7166666666666667,1.6292405128479004,0.016666666666666666,0.05,1.1052287817001343,0.7333333333333333,0.0,0.0,0.016666666666666666
R10,B01,0.9,0.03722222222222222,0.037222222222222226,3.9107789993286133,2.0174174308776855,2.0706045627593994,1.718605637550354,0.75,1.6292405128479004,0.016666666666666666,0.05,1.3937348127365112,0.7333333333333333,0.0,0.0,0.016666666666666666
R10,B02,0.3,0.03722222222222222,0.037222222222222226,3.9107789993286133,2.0174174308776855,2.0706045627593994,1.718605637550354,0.6333333333333333,1.1216775178909302,0.03333333333333333,0.0,1.9673789739608765,0.75,0.0,0.0,0.016666666666666666
R10,B02,0.6,0.03722222222222222,0.037222222222222226,3.9107789993286133,2.0174174308776855,2.0706045627593994,1.718605637550354,0.7166666666666667,1.1216775178909302,0.03333333333333333,0.0,2.588050603866577,0.75,0.016666666666666666,0.55,0.7333333333333333
R10,B02,0.9,0.03722222222222222,0.037222222222222226,3.9107789993286133,2.0174174308776855,2.0706045627593994,1.718605637550354,0.75,1.1216775178909302,0.03333333333333333,0.0,2.9681410789489746,0.75,0.016666666666666666,0.6,0.7666666666666667
R10,B03,0.3,0.03722222222222222,0.037222222222222226,3.9107789993286133,2.0174174308776855,2.0706045627593994,1.718605637550354,0.6333333333333333,1.3660917282104492,0.05,0.016666666666666666,2.535930633544922,0.7333333333333333,0.0,0.0,0.016666666666666666
R10,B03,0.6,0.03722222222222222,0.037222222222222226,3.9107789993286133,2.0174174308776855,2.0706045627593994,1.718605637550354,0.7166666666666667,1.3660917282104492,0.05,0.016666666666666666,3.188678741455078,0.7333333333333333,0.016666666666666666,0.25,0.7166666666666667
R10,B03,0.9,0.03722222222222222,0.037222222222222226,3.9107789993286133,2.0174174308776855,2.0706045627593994,1.718605637550354,0.75,1.3660917282104492,0.05,0.016666666666666666,3.5803065299987793,0.7333333333333333,0.016666666666666666,0.6,0.75
R10,B04,0.3,0.03722222222222222,0.037222222222222226,3.9107789993286133,2.0174174308776855,2.0706045627593994,1.718605637550354,0.6333333333333333,0.9321640729904175,0.016666666666666666,0.0,1.1050182580947876,0.75,0.0,0.0,0.016666666666666666
R10,B04,0.6,0.03722222222222222,0.037222222222222226,3.9107789993286133,2.0174174308776855,2.0706045627593994,1.718605637550354,0.7166666666666667,0.9321640729904175,0.016666666666666666,0.0,1.6171201467514038,0.75,0.0,0.0,0.016666666666666666
R10,B04,0.9,0.03722222222222222,0.037222222222222226,3.9107789993286133,2.0174174308776855,2.0706045627593994,1.718605637550354,0.75,0.9321640729904175,0.016666666666666666,0.0,1.9541388750076294,0.75,0.0,0.0,0.016666666666666666
R10,B05,0.3,0.03722222222222222,0.037222222222222226,3.9107789993286133,2.0174174308776855,2.0706045627593994,1.718605637550354,0.6333333333333333,3.8967063426971436,0.18333333333333332,0.26666666666666666,3.3427717685699463,0.7333333333333333,0.06666666666666667,0.06666666666666667,0.08333333333333333
R10,B05,0.6,0.03722222222222222,0.037222222222222226,3.9107789993286133,2.0174174308776855,2.0706045627593994,1.718605637550354,0.7166666666666667,3.8967063426971436,0.18333333333333332,0.26666666666666666,4.018091678619385,0.7333333333333333,0.1,0.23333333333333334,0.7166666666666667
R10,B05,0.9,0.03722222222222222,0.037222222222222226,3.9107789993286133,2.0174174308776855,2.0706045627593994,1.718605637550354,0.75,3.8967063426971436,0.18333333333333332,0.26666666666666666,4.417542934417725,0.7333333333333333,0.1,0.5833333333333334,0.75
R10,B06,0.3,0.03722222222222222,0.037222222222222226,3.9107789993286133,2.0174174308776855,2.0706045627593994,1.718605637550354,0.6333333333333333,2.041220188140869,0.016666666666666666,0.016666666666666666,2.0940065383911133,0.7333333333333333,0.0,0.0,0.016666666666666666
R10,B06,0.6,0.03722222222222222,0.037222222222222226,3.9107789993286133,2.0174174308776855,2.0706045627593994,1.718605637550354,0.7166666666666667,2.041220188140869,0.016666666666666666,0.016666666666666666,2.723578691482544,0.7333333333333333,0.016666666666666666,0.25,0.7166666666666667
R10,B06,0.9,0.03722222222222222,0.037222222222222226,3.9107789993286133,2.0174174308776855,2.0706045627593994,1.718605637550354,0.75,2.041220188140869,0.016666666666666666,0.016666666666666666,3.1069209575653076,0.7333333333333333,0.016666666666666666,0.5833333333333334,0.75
R10,B07,0.3,0.03722222222222222,0.037222222222222226,3.9107789993286133,2.0174174308776855,2.0706045627593994,1.718605637550354,0.6333333333333333,0.8712933659553528,0.05,0.0,1.2664103507995605,0.75,0.0,0.0,0.016666666666666666
R10,B07,0.6,0.03722222222222222,0.037222222222222226,3.9107789993286133,2.0174174308776855,2.0706045627593994,1.718605637550354,0.7166666666666667,0.8712933659553528,0.05,0.0,1.8076633214950562,0.75,0.0,0.0,0.016666666666666666
R10,B07,0.9,0.03722222222222222,0.037222222222222226,3.9107789993286133,2.0174174308776855,2.0706045627593994,1.718605637550354,0.75,0.8712933659553528,0.05,0.0,2.15689754486084,0.75,0.0,0.0,0.016666666666666666
R10,B08,0.3,0.03722222222222222,0.037222222222222226,3.9107789993286133,2.0174174308776855,2.0706045627593994,1.718605637550354,0.6333333333333333,3.451573610305786,0.016666666666666666,0.016666666666666666,2.768528461456299,0.7333333333333333,0.0,0.0,0.016666666666666666
R10,B08,0.6,0.03722222222222222,0.037222222222222226,3.9107789993286133,2.0174174308776855,2.0706045627593994,1.718605637550354,0.7166666666666667,3.451573610305786,0.016666666666666666,0.016666666666666666,3.429795742034912,0.7333333333333333,0.0,0.0,0.016666666666666666
R10,B08,0.9,0.03722222222222222,0.037222222222222226,3.9107789993286133,2.0174174308776855,2.0706045627593994,1.718605637550354,0.75,3.451573610305786,0.016666666666666666,0.016666666666666666,3.824404239654541,0.7333333333333333,0.016666666666666666,0.5833333333333334,0.75
R10,B09,0.3,0.03722222222222222,0.037222222222222226,3.9107789993286133,2.0174174308776855,2.0706045627593994,1.718605637550354,0.6333333333333333,2.051556348800659,0.016666666666666666,0.03333333333333333,0.8013743162155151,0.7333333333333333,0.0,0.0,0.016666666666666666
R10,B09,0.6,0.03722222222222222,0.037222222222222226,3.9107789993286133,2.0174174308776855,2.0706045627593994,1.718605637550354,0.7166666666666667,2.051556348800659,0.016666666666666666,0.03333333333333333,1.2404600381851196,0.7333333333333333,0.0,0.0,0.016666666666666666
R10,B09,0.9,0.03722222222222222,0.037222222222222226,3.9107789993286133,2.0174174308776855,2.0706045627593994,1.718605637550354,0.75,2.051556348800659,0.016666666666666666,0.03333333333333333,1.5445376634597778,0.7333333333333333,0.0,0.0,0.016666666666666666
R10,B10,0.3,0.03722222222222222,0.037222222222222226,3.9107789993286133,2.0174174308776855,2.0706045627593994,1.718605637550354,0.6333333333333333,1.9227877855300903,0.0,0.016666666666666666,0.0,0.0,0.0,0.0,0.016666666666666666
R10,B10,0.6,0.03722222222222222,0.037222222222222226,3.9107789993286133,2.0174174308776855,2.0706045627593994,1.718605637550354,0.7166666666666667,1.9227877855300903,0.0,0.016666666666666666,0.0,0.0,0.0,0.0,0.016666666666666666
R10,B10,0.9,0.03722222222222222,0.037222222222222226,3.9107789993286133,2.0174174308776855,2.0706045627593994,1.718605637550354,0.75,1.9227877855300903,0.0,0.016666666666666666,0.0,0.0,0.0,0.0,0.016666666666666666
R10,B11,0.3,0.03722222222222222,0.037222222222222226,3.9107789993286133,2.0174174308776855,2.0706045627593994,1.718605637550354,0.6333333333333333,0.6418538689613342,0.016666666666666666,0.0,1.3097060918807983,0.75,0.0,0.0,0.016666666666666666
R10,B11,0.6,0.03722222222222222,0.037222222222222226,3.9107789993286133,2.0174174308776855,2.0706045627593994,1.718605637550354,0.7166666666666667,0.6418538689613342,0.016666666666666666,0.0,1.857885718345642,0.75,0.0,0.0,0.016666666666666666
R10,B11,0.9,0.03722222222222222,0.037222222222222226,3.9107789993286133,2.0174174308776855,2.0706045627593994,1.718605637550354,0.75,0.6418538689613342,0.016666666666666666,0.0,2.209949254989624,0.75,0.0,0.0,0.016666666666666666
R10,B12,0.3,0.03722222222222222,0.037222222222222226,3.9107789993286133,2.0174174308776855,2.0706045627593994,1.718605637550354,0.6333333333333333,1.916922688484192,0.016666666666666666,0.03333333333333333,0.21326440572738647,0.7333333333333333,0.0,0.0,0.016666666666666666
R10,B12,0.6,0.03722222222222222,0.037222222222222226,3.9107789993286133,2.0174174308776855,2.0706045627593994,1.718605637550354,0.7166666666666667,1.916922688484192,0.016666666666666666,0.03333333333333333,0.38894525170326233,0.7333333333333333,0.0,0.0,0.016666666666666666
R10,B12,0.9,0.03722222222222222,0.037222222222222226,3.9107789993286133,2.0174174308776855,2.0706045627593994,1.718605637550354,0.75,1.916922688484192,0.016666666666666666,0.03333333333333333,0.5383253693580627,0.7333333333333333,0.0,0.0,0.016666666666666666
R10,B13,0.3,0.03722222222222222,0.037222222222222226,3.9107789993286133,2.0174174308776855,2.0706045627593994,1.718605637550354,0.6333333333333333,1.4445632696151733,0.016666666666666666,0.016666666666666666,0.6022762656211853,0.7333333333333333,0.0,0.0,0.016666666666666666
R10,B13,0.6,0.03722222222222222,0.037222222222222226,3.9107789993286133,2.0174174308776855,2.0706045627593994,1.718605637550354,0.7166666666666667,1.4445632696151733,0.016666666666666666,0.016666666666666666,0.9755185842514038,0.7333333333333333,0.0,0.0,0.016666666666666666
R10,B13,0.9,0.03722222222222222,0.037222222222222226,3.9107789993286133,2.0174174308776855,2.0706045627593994,1.718605637550354,0.75,1.4445632696151733,0.016666666666666666,0.016666666666666666,1.2466912269592285,0.7333333333333333,0.0,0.0,0.016666666666666666
R10,B14,0.3,0.03722222222222222,0.037222222222222226,3.9107789993286133,2.0174174308776855,2.0706045627593994,1.718605637550354,0.6333333333333333,2.374905824661255,0.03333333333333333,0.016666666666666666,2.1054508686065674,0.7333333333333333,0.0,0.0,0.016666666666666666
R10,B14,0.6,0.03722222222222222,0.037222222222222226,3.9107789993286133,2.0174174308776855,2.0706045627593994,1.718605637550354,0.7166666666666667,2.374905824661255,0.03333333333333333,0.016666666666666666,2.735769748687744,0.7333333333333333,0.0,0.0,0.016666666666666666
R10,B14,0.9,0.03722222222222222,0.037222222222222226,3.9107789993286133,2.0174174308776855,2.0706045627593994,1.718605637550354,0.75,2.374905824661255,0.03333333333333333,0.016666666666666666,3.1193830966949463,0.7333333333333333,0.016666666666666666,0.5833333333333334,0.75
R10,B15,0.3,0.03722222222222222,0.037222222222222226,3.9107789993286133,2.0174174308776855,2.0706045627593994,1.718605637550354,0.6333333333333333,3.044522523880005,0.0,0.016666666666666666,0.0,0.0,0.0,0.0,0.016666666666666666
R10,B15,0.6,0.03722222222222222,0.037222222222222226,3.9107789993286133,2.0174174308776855,2.0706045627593994,1.718605637550354,0.7166666666666667,3.044522523880005,0.0,0.016666666666666666,0.0,0.0,0.0,0.0,0.016666666666666666
R10,B15,0.9,0.03722222222222222,0.037222222222222226,3.9107789993286133,2.0174174308776855,2.0706045627593994,1.718605637550354,0.75,3.044522523880005,0.0,0.016666666666666666,0.0,0.0,0.0,0.0,0.016666666666666666
R10,B16,0.3,0.03722222222222222,0.037222222222222226,3.9107789993286133,2.0174174308776855,2.0706045627593994,1.718605637550354,0.6333333333333333,3.6898789405822754,0.05,0.03333333333333333,1.5471116304397583,0.7333333333333333,0.0,0.0,0.016666666666666666
R10,B16,0.6,0.03722222222222222,0.037222222222222226,3.9107789993286133,2.0174174308776855,2.0706045627593994,1.718605637550354,0.7166666666666667,3.6898789405822754,0.05,0.03333333333333333,2.1277270317077637,0.7333333333333333,0.0,0.0,0.016666666666666666
R10,B16,0.9,0.03722222222222222,0.037222222222222226,3.9107789993286133,2.0174174308776855,2.0706045627593994,1.718605637550354,0.75,3.6898789405822754,0.05,0.03333333333333333,2.492680072784424,0.7333333333333333,0.0,0.0,0.016666666666666666
R10,B17,0.3,0.03722222222222222,0.037222222222222226,3.9107789993286133,2.0174174308776855,2.0706045627593994,1.718605637550354,0.6333333333333333,0.9858167767524719,0.016666666666666666,0.016666666666666666,0.4787050485610962,0.7333333333333333,0.0,0.0,0.016666666666666666
R10,B17,0.6,0.03722222222222222,0.037222222222222226,3.9107789993286133,2.0174174308776855,2.0706045627593994,1.718605637550354,0.7166666666666667,0.9858167767524719,0.016666666666666666,0.016666666666666666,0.8010891079902649,0.7333333333333333,0.0,0.0,0.016666666666666666
R10,B17,0.9,0.03722222222222222,0.037222222222222226,3.9107789993286133,2.0174174308776855,2.0706045627593994,1.718605637550354,0.75,0.9858167767524719,0.016666666666666666,0.016666666666666666,1.044490098953247,0.7333333333333333,0.0,0.0,0.016666666666666666
R10,B18,0.3,0.03722222222222222,0.037222222222222226,3.9107789993286133,2.0174174308776855,2.0706045627593994,1.718605637550354,0.6333333333333333,0.7419373393058777,0.0,0.016666666666666666,0.0,0.0,0.0,0.0,0.016666666666666666
R10,B18,0.6,0.03722222222222222,0.037222222222222226,3.9107789993286133,2.0174174308776855,2.0706045627593994,1.718605637550354,0.7166666666666667,0.7419373393058777,0.0,0.016666666666666666,0.0,0.0,0.0,0.0,0.016666666666666666
R10,B18,0.9,0.03722222222222222,0.037222222222222226,3.9107789993286133,2.0174174308776855,2.0706045627593994,1.718605637550354,0.75,0.7419373393058777,0.0,0.016666666666666666,0.0,0.0,0.0,0.0,0.016666666666666666
R10,B19,0.3,0.03722222222222222,0.037222222222222226,3.9107789993286133,2.0174174308776855,2.0706045627593994,1.718605637550354,0.6333333333333333,0.9360933303833008,0.016666666666666666,0.016666666666666666,0.5349806547164917,0.7333333333333333,0.0,0.0,0.016666666666666666
R10,B19,0.6,0.03722222222222222,0.037222222222222226,3.9107789993286133,2.0174174308776855,2.0706045627593994,1.718605637550354,0.7166666666666667,0.9360933303833008,0.016666666666666666,0.016666666666666666,0.8816291093826294,0.7333333333333333,0.0,0.0,0.016666666666666666
R10,B19,0.9,0.03722222222222222,0.037222222222222226,3.9107789993286133,2.0174174308776855,2.0706045627593994,1.718605637550354,0.75,0.9360933303833008,0.016666666666666666,0.016666666666666666,1.1385525465011597,0.7333333333333333,0.0,0.0,0.016666666666666666
R10,B20,0.3,0.03722222222222222,0.037222222222222226,3.9107789993286133,2.0174174308776855,2.0706045627593994,1.718605637550354,0.6333333333333333,1.8594181537628174,0.03333333333333333,0.016666666666666666,1.1897406578063965,0.7333333333333333,0.0,0.0,0.016666666666666666
R10,B20,0.6,0.03722222222222222,0.037222222222222226,3.9107789993286133,2.0174174308776855,2.0706045627593994,1.718605637550354,0.7166666666666667,1.8594181537628174,0.03333333333333333,0.016666666666666666,1.7178361415863037,0.7333333333333333,0.0,0.0,0.016666666666666666
R10,B20,0.9,0.03722222222222222,0.037222222222222226,3.9107789993286133,2.0174174308776855,2.0706045627593994,1.718605637550354,0.75,1.8594181537628174,0.03333333333333333,0.016666666666666666,2.061619520187378,0.7333333333333333,0.0,0.0,0.016666666666666666
R10,B21,0.3,0.03722222222222222,0.037222222222222226,3.9107789993286133,2.0174174308776855,2.0706045627593994,1.718605637550354,0.6333333333333333,4.066630840301514,0.03333333333333333,0.016666666666666666,1.4154211282730103,0.7333333333333333,0.0,0.0,0.016666666666666666
R10,B21,0.6,0.03722222222222222,0.037222222222222226,3.9107789993286133,2.0174174308776855,2.0706045627593994,1.718605637550354,0.7166666666666667,4.066630840301514,0.03333333333333333,0.016666666666666666,1.979129433631897,0.7333333333333333,0.0,0.0,0.016666666666666666
R10,B21,0.9,0.03722222222222222,0.037222222222222226,3.9107789993286133,2.0174174308776855,2.0706045627593994,1.718605637550354,0.75,4.066630840301514,0.03333333333333333,0.016666666666666666,2.3374366760253906,0.7333333333333333,0.0,0.0,0.016666666666666666
R10,B22,0.3,0.03722222222222222,0.037222222222222226,3.9107789993286133,2.0174174308776855,2.0706045627593994,1.718605637550354,0.6333333333333333,3.5504791736602783,0.016666666666666666,0.016666666666666666,2.4185774326324463,0.7333333333333333,0.016666666666666666,0.1,0.11666666666666667
R10,B22,0.6,0.03722222222222222,0.037222222222222226,3.9107789993286133,2.0174174308776855,2.0706045627593994,1.718605637550354,0.7166666666666667,3.5504791736602783,0.016666666666666666,0.016666666666666666,3.066178798675537,0.7333333333333333,0.016666666666666666,0.13333333333333333,0.7166666666666667
R10,B22,0.9,0.03722222222222222,0.037222222222222226,3.9107789993286133,2.0174174308776855,2.0706045627593994,1.718605637550354,0.75,3.5504791736602783,0.016666666666666666,0.016666666666666666,3.455989122390747,0.7333333333333333,0.016666666666666666,0.5833333333333334,0.75
R10,B23,0.3,0.03722222222222222,0.037222222222222226,3.9107789993286133,2.0174174308776855,2.0706045627593994,1.718605637550354,0.6333333333333333,2.8656234741210938,0.0,0.016666666666666666,0.0,0.0,0.0,0.0,0.016666666666666666
R10,B23,0.6,0.03722222222222222,0.037222222222222226,3.9107789993286133,2.0174174308776855,2.0706045627593994,1.718605637550354,0.7166666666666667,2.8656234741210938,0.0,0.016666666666666666,0.0,0.0,0.0,0.0,0.016666666666666666
R10,B23,0.9,0.03722222222222222,0.037222222222222226,3.9107789993286133,2.0174174308776855,2.0706045627593994,1.718605637550354,0.75,2.8656234741210938,0.0,0.016666666666666666,0.0,0.0,0.0,0.0,0.016666666666666666
R10,B24,0.3,0.03722222222222222,0.037222222222222226,3.9107789993286133,2.0174174308776855,2.0706045627593994,1.718605637550354,0.6333333333333333,1.0612564086914062,0.016666666666666666,0.0,0.57188880443573,0.75,0.0,0.0,0.016666666666666666
R10,B24,0.6,0.03722222222222222,0.037222222222222226,3.9107789993286133,2.0174174308776855,2.0706045627593994,1.718605637550354,0.7166666666666667,1.0612564086914062,0.016666666666666666,0.0,0.933431088924408,0.75,0.0,0.0,0.016666666666666666
R10,B24,0.9,0.03722222222222222,0.037222222222222226,3.9107789993286133,2.0174174308776855,2.0706045627593994,1.718605637550354,0.75,1.0612564086914062,0.016666666666666666,0.0,1.198406457901001,0.75,0.0,0.0,0.016666666666666666
R10,B25,0.3,0.03722222222222222,0.037222222222222226,3.9107789993286133,2.0174174308776855,2.0706045627593994,1.718605637550354,0.6333333333333333,3.488903045654297,0.23333333333333334,0.2833333333333333,3.4343972206115723,0.7333333333333333,0.08333333333333333,0.08333333333333333,0.1
R10,B25,0.6,0.03722222222222222,0.037222222222222226,3.9107789993286133,2.0174174308776855,2.0706045627593994,1.718605637550354,0.7166666666666667,3.488903045654297,0.23333333333333334,0.2833333333333333,4.111290454864502,0.7333333333333333,0.13333333333333333,0.13333333333333333,0.7166666666666667
R10,B25,0.9,0.03722222222222222,0.037222222222222226,3.9107789993286133,2.0174174308776855,2.0706045627593994,1.718605637550354,0.75,3.488903045654297,0.23333333333333334,0.2833333333333333,4.5112786293029785,0.7333333333333333,0.16666666666666666,0.5833333333333334,0.75
R10,B26,0.3,0.03722222222222222,0.037222222222222226,3.9107789993286133,2.0174174308776855,2.0706045627593994,1.718605637550354,0.6333333333333333,1.813194751739502,0.03333333333333333,0.016666666666666666,3.9836535453796387,0.7333333333333333,0.016666666666666666,0.23333333333333334,0.5
R10,B26,0.6,0.03722222222222222,0.037222222222222226,3.9107789993286133,2.0174174308776855,2.0706045627593994,1.718605637550354,0.7166666666666667,1.813194751739502,0.03333333333333333,0.016666666666666666,4.6674485206604,0.7333333333333333,0.016666666666666666,0.5333333333333333,0.7166666666666667
R10,B26,0.9,0.03722222222222222,0.037222222222222226,3.9107789993286133,2.0174174308776855,2.0706045627593994,1.718605637550354,0.75,1.813194751739502,0.03333333333333333,0.016666666666666666,5.06977653503418,0.7333333333333333,0.016666666666666666,0.5833333333333334,0.75
R10,B27,0.3,0.03722222222222222,0.037222222222222226,3.9107789993286133,2.0174174308776855,2.0706045627593994,1.718605637550354,0.6333333333333333,3.6005945205688477,0.0,0.03333333333333333,0.0,0.0,0.0,0.0,0.016666666666666666
R10,B27,0.6,0.03722222222222222,0.037222222222222226,3.9107789993286133,2.0174174308776855,2.0706045627593994,1.718605637550354,0.7166666666666667,3.6005945205688477,0.0,0.03333333333333333,0.0,0.0,0.0,0.0,0.016666666666666666
R10,B27,0.9,0.03722222222222222,0.037222222222222226,3.9107789993286133,2.0174174308776855,2.0706045627593994,1.718605637550354,0.75,3.6005945205688477,0.0,0.03333333333333333,0.0,0.0,0.0,0.0,0.016666666666666666
R10,B28,0.3,0.03722222222222222,0.037222222222222226,3.9107789993286133,2.0174174308776855,2.0706045627593994,1.718605637550354,0.6333333333333333,1.8547343015670776,0.016666666666666666,0.016666666666666666,0.4034857451915741,0.7333333333333333,0.0,0.0,0.016666666666666666
R10,B28,0.6,0.03722222222222222,0.037222222222222226,3.9107789993286133,2.0174174308776855,2.0706045627593994,1.718605637550354,0.7166666666666667,1.8547343015670776,0.016666666666666666,0.016666666666666666,0.6901766657829285,0.7333333333333333,0.0,0.0,0.016666666666666666
R10,B28,0.9,0.03722222222222222,0.037222222222222226,3.9107789993286133,2.0174174308776855,2.0706045627593994,1.718605637550354,0.75,1.8547343015670776,0.016666666666666666,0.016666666666666666,0.912725031375885,0.7333333333333333,0.0,0.0,0.016666666666666666
R10,B29,0.3,0.03722222222222222,0.037222222222222226,3.9107789993286133,2.0174174308776855,2.0706045627593994,1.718605637550354,0.6333333333333333,1.6272778511047363,0.03333333333333333,0.016666666666666666,2.329115629196167,0.7333333333333333,0.0,0.0,0.016666666666666666
R10,B29,0.6,0.03722222222222222,0.037222222222222226,3.9107789993286133,2.0174174308776855,2.0706045627593994,1.718605637550354,0.7166666666666667,1.6272778511047363,0.03333333333333333,0.016666666666666666,2.972346544265747,0.7333333333333333,0.016666666666666666,0.25,0.7166666666666667
R10,B29,0.9,0.03722222222222222,0.037222222222222226,3.9107789993286133,2.0174174308776855,2.0706045627593994,1.718605637550354,0.75,1.6272778511047363,0.03333333333333333,0.016666666666666666,3.3606033325195312,0.7333333333333333,0.016666666666666666,0.6,0.75
R10,B30,0.3,0.03722222222222222,0.037222222222222226,3.9107789993286133,2.0174174308776855,2.0706045627593994,1.718605637550354,0.6333333333333333,0.5877866744995117,0.0,0.016666666666666666,0.0,0.0,0.0,0.0,0.016666666666666666
R10,B30,0.6,0.03722222222222222,0.037222222222222226,3.9107789993286133,2.0174174308776855,2.0706045627593994,1.718605637550354,0.7166666666666667,0.5877866744995117,0.0,0.016666666666666666,0.0,0.0,0.0,0.0,0.016666666666666666
R10,B30,0.9,0.03722222222222222,0.037222222222222226,3.9107789993286133,2.0174174308776855,2.0706045627593994,1.718605637550354,0.75,0.5877866744995117,0.0,0.016666666666666666,0.0,0.0,0.0,0.0,0.016666666666666666
R10,B31,0.3,0.03722222222222222,0.037222222222222226,3.9107789993286133,2.0174174308776855,2.0706045627593994,1.718605637550354,0.6333333333333333,0.6151856780052185,0.0,0.016666666666666666,0.0,0.0,0.0,0.0,0.016666666666666666
R10,B31,0.6,0.03722222222222222,0.037222222222222226,3.9107789993286133,2.0174174308776855,2.0706045627593994,1.718605637550354,0.7166666666666667,0.6151856780052185,0.0,0.016666666666666666,0.0,0.0,0.0,0.0,0.016666666666666666
R10,B31,0.9,0.03722222222222222,0.037222222222222226,3.9107789993286133,2.0174174308776855,2.0706045627593994,1.718605637550354,0.75,0.6151856780052185,0.0,0.016666666666666666,0.0,0.0,0.0,0.0,0.016666666666666666
R10,B32,0.3,0.03722222222222222,0.037222222222222226,3.9107789993286133,2.0174174308776855,2.0706045627593994,1.718605637550354,0.6333333333333333,1.220829963684082,0.016666666666666666,0.0,2.0269768238067627,0.75,0.0,0.0,0.016666666666666666
R10,B32,0.6,0.03722222222222222,0.037222222222222226,3.9107789993286133,2.0174174308776855,2.0706045627593994,1.718605637550354,0.7166666666666667,1.220829963684082,0.016666666666666666,0.0,2.6519877910614014,0.75,0.0,0.0,0.016666666666666666
R10,B32,0.9,0.03722222222222222,0.037222222222222226,3.9107789993286133,2.0174174308776855,2.0706045627593994,1.718605637550354,0.75,1.220829963684082,0.016666666666666666,0.0,3.0336685180664062,0.75,0.0,0.0,0.016666666666666666
R10,B33,0.3,0.03722222222222222,0.037222222222222226,3.9107789993286133,2.0174174308776855,2.0706045627593994,1.718605637550354,0.6333333333333333,2.012232780456543,0.0,0.03333333333333333,0.0,0.0,0.0,0.0,0.016666666666666666
R10,B33,0.6,0.03722222222222222,0.037222222222222226,3.9107789993286133,2.0174174308776855,2.0706045627593994,1.718605637550354,0.7166666666666667,2.012232780456543,0.0,0.03333333333333333,0.0,0.0,0.0,0.0,0.016666666666666666
R10,B33,0.9,0.03722222222222222,0.037222222222222226,3.9107789993286133,2.0174174308776855,2.0706045627593994,1.718605637550354,0.75,2.012232780456543,0.0,0.03333333333333333,0.0,0.0,0.0,0.0,0.016666666666666666
R10,B34,0.3,0.03722222222222222,0.037222222222222226,3.9107789993286133,2.0174174308776855,2.0706045627593994,1.718605637550354,0.6333333333333333,1.5018526315689087,0.03333333333333333,0.0,1.6646641492843628,0.75,0.0,0.0,0.016666666666666666
R10,B34,0.6,0.03722222222222222,0.037222222222222226,3.9107789993286133,2.0174174308776855,2.0706045627593994,1.718605637550354,0.7166666666666667,1.5018526315689087,0.03333333333333333,0.0,2.2584030628204346,0.75,0.016666666666666666,0.15,0.7333333333333333
R10,B34,0.9,0.03722222222222222,0.037222222222222226,3.9107789993286133,2.0174174308776855,2.0706045627593994,1.718605637550354,0.75,1.5018526315689087,0.03333333333333333,0.0,2.6284074783325195,0.75,0.016666666666666666,0.6,0.7666666666666667
R10,B35,0.3,0.03722222222222222,0.037222222222222226,3.9107789993286133,2.0174174308776855,2.0706045627593994,1.718605637550354,0.6333333333333333,1.2089602947235107,0.016666666666666666,0.0,0.3906668722629547,0.75,0.0,0.0,0.016666666666666666
R10,B35,0.6,0.03722222222222222,0.037222222222222226,3.9107789993286133,2.0174174308776855,2.0706045627593994,1.718605637550354,0.7166666666666667,1.2089602947235107,0.016666666666666666,0.0,0.6708669066429138,0.75,0.0,0.0,0.016666666666666666
R10,B35,0.9,0.03722222222222222,0.037222222222222226,3.9107789993286133,2.0174174308776855,2.0706045627593994,1.718605637550354,0.75,1.2089602947235107,0.016666666666666666,0.0,0.8894941210746765,0.75,0.0,0.0,0.016666666666666666
R10,B36,0.3,0.03722222222222222,0.037222222222222226,3.9107789993286133,2.0174174308776855,2.0706045627593994,1.718605637550354,0.6333333333333333,0.9555114507675171,0.05,0.0,2.364743947982788,0.75,0.0,0.0,0.016666666666666666
R10,B36,0.6,0.03722222222222222,0.037222222222222226,3.9107789993286133,2.0174174308776855,2.0706045627593994,1.718605637550354,0.7166666666666667,0.9555114507675171,0.05,0.0,3.0097646713256836,0.75,0.016666666666666666,0.25,0.7333333333333333
R10,B36,0.9,0.03722222222222222,0.037222222222222226,3.9107789993286133,2.0174174308776855,2.0706045627593994,1.718605637550354,0.75,0.9555114507675171,0.05,0.0,3.3986587524414062,0.75,0.016666666666666666,0.6,0.7666666666666667
R10,B37,0.3,0.03722222222222222,0.037222222222222226,3.9107789993286133,2.0174174308776855,2.0706045627593994,1.718605637550354,0.6333333333333333,2.4327359199523926,0.016666666666666666,0.016666666666666666,1.444473385810852,0.7333333333333333,0.0,0.0,0.016666666666666666
R10,B37,0.6,0.03722222222222222,0.037222222222222226,3.9107789993286133,2.0174174308776855,2.0706045627593994,1.718605637550354,0.7166666666666667,2.4327359199523926,0.016666666666666666,0.016666666666666666,2.0121307373046875,0.7333333333333333,0.0,0.0,0.016666666666666666
R10,B37,0.9,0.03722222222222222,0.037222222222222226,3.9107789993286133,2.0174174308776855,2.0706045627593994,1.718605637550354,0.75,2.4327359199523926,0.016666666666666666,0.016666666666666666,2.372004508972168,0.7333333333333333,0.0,0.0,0.016666666666666666
R10,B38,0.3,0.03722222222222222,0.037222222222222226,3.9107789993286133,2.0174174308776855,2.0706045627593994,1.718605637550354,0.6333333333333333,1.470175862312317,0.016666666666666666,0.0,0.6525017023086548,0.75,0.0,0.0,0.016666666666666666
R10,B38,0.6,0.03722222222222222,0.037222222222222226,3.9107789993286133,2.0174174308776855,2.0706045627593994,1.718605637550354,0.7166666666666667,1.470175862312317,0.016666666666666666,0.0,1.044042706489563,0.75,0.0,0.0,0.016666666666666666
R10,B38,0.9,0.03722222222222222,0.037222222222222226,3.9107789993286133,2.0174174308776855,2.0706045627593994,1.718605637550354,0.75,1.470175862312317,0.016666666666666666,0.0,1.324689269065857,0.75,0.0,0.0,0.016666666666666666
R10,B39,0.3,0.03722222222222222,0.037222222222222226,3.9107789993286133,2.0174174308776855,2.0706045627593994,1.718605637550354,0.6333333333333333,1.6695917844772339,0.03333333333333333,0.016666666666666666,3.7200875282287598,0.7333333333333333,0.016666666666666666,0.15,0.16666666666666666
R10,B39,0.6,0.03722222222222222,0.037222222222222226,3.9107789993286133,2.0174174308776855,2.0706045627593994,1.718605637550354,0.7166666666666667,1.6695917844772339,0.03333333333333333,0.016666666666666666,4.401044845581055,0.7333333333333333,0.016666666666666666,0.38333333333333336,0.7166666666666667
R10,B39,0.9,0.03722222222222222,0.037222222222222226,3.9107789993286133,2.0174174308776855,2.0706045627593994,1.718605637550354,0.75,1.6695917844772339,0.03333333333333333,0.016666666666666666,4.802413463592529,0.7333333333333333,0.016666666666666666,0.5833333333333334,0.75
R10,B40,0.3,0.03722222222222222,0.037222222222222226,3.9107789993286133,2.0174174308776855,2.0706045627593994,1.718605637550354,0.6333333333333333,0.9631743431091309,0.0,0.016666666666666666,0.0,0.0,0.0,0.0,0.016666666666666666
R10,B40,0.6,0.03722222222222222,0.037222222222222226,3.9107789993286133,2.0174174308776855,2.0706045627593994,1.718605637550354,0.7166666666666667,0.9631743431091309,0.0,0.016666666666666666,0.0,0.0,0.0,0.0,0.016666666666666666
R10,B40,0.9,0.03722222222222222,0.037222222222222226,3.9107789993286133,2.0174174308776855,2.0706045627593994,1.718605637550354,0.75,0.9631743431091309,0.0,0.016666666666666666,0.0,0.0,0.0,0.0,0.016666666666666666
R10,B41,0.3,0.03722222222222222,0.037222222222222226,3.9107789993286133,2.0174174308776855,2.0706045627593994,1.718605637550354,0.6333333333333333,5.086546421051025,0.16666666666666666,0.23333333333333334,3.6990761756896973,0.7333333333333333,0.06666666666666667,0.21666666666666667,0.5
R10,B41,0.6,0.03722222222222222,0.037222222222222226,3.9107789993286133,2.0174174308776855,2.0706045627593994,1.718605637550354,0.7166666666666667,5.086546421051025,0.16666666666666666,0.23333333333333334,4.379773139953613,0.7333333333333333,0.1,0.5333333333333333,0.7166666666666667
R10,B41,0.9,0.03722222222222222,0.037222222222222226,3.9107789993286133,2.0174174308776855,2.0706045627593994,1.718605637550354,0.75,5.086546421051025,0.16666666666666666,0.23333333333333334,4.781053066253662,0.7333333333333333,0.1,0.5833333333333334,0.75
R10,B42,0.3,0.03722222222222222,0.037222222222222226,3.9107789993286133,2.0174174308776855,2.0706045627593994,1.718605637550354,0.6333333333333333,4.16511344909668,0.23333333333333334,0.23333333333333334,3.2531626224517822,0.7333333333333333,0.11666666666666667,0.11666666666666667,0.21666666666666667
R10,B42,0.6,0.03722222222222222,0.037222222222222226,3.9107789993286133,2.0174174308776855,2.0706045627593994,1.718605637550354,0.7166666666666667,4.16511344909668,0.23333333333333334,0.23333333333333334,3.9267947673797607,0.7333333333333333,0.13333333333333333,0.38333333333333336,0.7166666666666667
R10,B42,0.9,0.03722222222222222,0.037222222222222226,3.9107789993286133,2.0174174308776855,2.0706045627593994,1.718605637550354,0.75,4.16511344909668,0.23333333333333334,0.23333333333333334,4.325669288635254,0.7333333333333333,0.13333333333333333,0.7166666666666667,0.75
R10,B43,0.3,0.03722222222222222,0.037222222222222226,3.9107789993286133,2.0174174308776855,2.0706045627593994,1.718605637550354,0.6333333333333333,3.1463050842285156,0.0,0.016666666666666666,0.0,0.0,0.0,0.0,0.016666666666666666
R10,B43,0.6,0.03722222222222222,0.037222222222222226,3.9107789993286133,2.0174174308776855,2.0706045627593994,1.718605637550354,0.7166666666666667,3.1463050842285156,0.0,0.016666666666666666,0.0,0.0,0.0,0.0,0.016666666666666666
R10,B43,0.9,0.03722222222222222,0.037222222222222226,3.9107789993286133,2.0174174308776855,2.0706045627593994,1.718605637550354,0.75,3.1463050842285156,0.0,0.016666666666666666,0.0,0.0,0.0,0.0,0.016666666666666666
R10,B44,0.3,0.03722222222222222,0.037222222222222226,3.9107789993286133,2.0174174308776855,2.0706045627593994,1.718605637550354,0.6333333333333333,1.425515055656433,0.016666666666666666,0.0,0.44710028171539307,0.75,0.0,0.0,0.016666666666666666
R10,B44,0.6,0.03722222222222222,0.037222222222222226,3.9107789993286133,2.0174174308776855,2.0706045627593994,1.718605637550354,0.7166666666666667,1.425515055656433,0.016666666666666666,0.0,0.754967451095581,0.75,0.0,0.0,0.016666666666666666
R10,B44,0.9,0.03722222222222222,0.037222222222222226,3.9107789993286133,2.0174174308776855,2.0706045627593994,1.718605637550354,0.75,1.425515055656433,0.016666666666666666,0.0,0.9900293350219727,0.75,0.0,0.0,0.016666666666666666
R10,B45,0.3,0.03722222222222222,0.037222222222222226,3.9107789993286133,2.0174174308776855,2.0706045627593994,1.718605637550354,0.6333333333333333,1.8148247003555298,0.016666666666666666,0.016666666666666666,2.5925791263580322,0.7333333333333333,0.016666666666666666,0.08333333333333333,0.1
R10,B45,0.6,0.03722222222222222,0.037222222222222226,3.9107789993286133,2.0174174308776855,2.0706045627593994,1.718605637550354,0.7166666666666667,1.8148247003555298,0.016666666666666666,0.016666666666666666,3.2475950717926025,0.7333333333333333,0.016666666666666666,0.13333333333333333,0.7166666666666667
R10,B45,0.9,0.03722222222222222,0.037222222222222226,3.9107789993286133,2.0174174308776855,2.0706045627593994,1.718605637550354,0.75,1.8148247003555298,0.016666666666666666,0.016666666666666666,3.640019655227661,0.7333333333333333,0.016666666666666666,0.5833333333333334,0.75
R10,B46,0.3,0.03722222222222222,0.037222222222222226,3.9107789993286133,2.0174174308776855,2.0706045627593994,1.718605637550354,0.6333333333333333,1.1281710863113403,0.0,0.0,0.0,0.0,0.0,0.0,0.016666666666666666
R10,B46,0.6,0.03722222222222222,0.037222222222222226,3.9107789993286133,2.0174174308776855,2.0706045627593994,1.718605637550354,0.7166666666666667,1.1281710863113403,0.0,0.0,0.0,0.0,0.0,0.0,0.016666666666666666
R10,B46,0.9,0.03722222222222222,0.037222222222222226,3.9107789993286133,2.0174174308776855,2.0706045627593994,1.718605637550354,0.75,1.1281710863113403,0.0,0.0,0.0,0.0,0.0,0.0,0.016666666666666666
R10,B47,0.3,0.03722222222222222,0.037222222222222226,3.9107789993286133,2.0174174308776855,2.0706045627593994,1.718605637550354,0.6333333333333333,2.7874772548675537,0.0,0.03333333333333333,0.0,0.0,0.0,0.0,0.016666666666666666
R10,B47,0.6,0.03722222222222222,0.037222222222222226,3.9107789993286133,2.0174174308776855,2.0706045627593994,1.718605637550354,0.7166666666666667,2.7874772548675537,0.0,0.03333333333333333,0.0,0.0,0.0,0.0,0.016666666666666666
R10,B47,0.9,0.03722222222222222,0.037222222222222226,3.9107789993286133,2.0174174308776855,2.0706045627593994,1.718605637550354,0.75,2.7874772548675537,0.0,0.03333333333333333,0.0,0.0,0.0,0.0,0.016666666666666666
R10,B48,0.3,0.03722222222222222,0.037222222222222226,3.9107789993286133,2.0174174308776855,2.0706045627593994,1.718605637550354,0.6333333333333333,4.751519203186035,0.26666666666666666,0.18333333333333332,3.5247139930725098,0.7333333333333333,0.13333333333333333,0.13333333333333333,0.15
R10,B48,0.6,0.03722222222222222,0.037222222222222226,3.9107789993286133,2.0174174308776855,2.0706045627593994,1.718605637550354,0.7166666666666667,4.751519203186035,0.26666666666666666,0.18333333333333332,4.20302152633667,0.7333333333333333,0.13333333333333333,0.36666666666666664,0.7166666666666667
R10,B48,0.9,0.03722222222222222,0.037222222222222226,3.9107789993286133,2.0174174308776855,2.0706045627593994,1.718605637550354,0.75,4.751519203186035,0.26666666666666666,0.18333333333333332,4.603490829467773,0.7333333333333333,0.16666666666666666,0.5833333333333334,0.75
R10,B49,0.3,0.03722222222222222,0.037222222222222226,3.9107789993286133,2.0174174308776855,2.0706045627593994,1.718605637550354,0.6333333333333333,4.281515598297119,0.03333333333333333,0.016666666666666666,1.5547937154769897,0.7333333333333333,0.0,0.0,0.016666666666666666
R10,B49,0.6,0.03722222222222222,0.037222222222222226,3.9107789993286133,2.0174174308776855,2.0706045627593994,1.718605637550354,0.7166666666666667,4.281515598297119,0.03333333333333333,0.016666666666666666,2.1363203525543213,0.7333333333333333,0.016666666666666666,0.15,0.7166666666666667
R10,B49,0.9,0.03722222222222222,0.037222222222222226,3.9107789993286133,2.0174174308776855,2.0706045627593994,1.718605637550354,0.75,4.281515598297119,0.03333333333333333,0.016666666666666666,2.501626968383789,0.7333333333333333,0.016666666666666666,0.5833333333333334,0.75
R10,B50,0.3,0.03722222222222222,0.037222222222222226,3.9107789993286133,2.0174174308776855,2.0706045627593994,1.718605637550354,0.6333333333333333,1.6601310968399048,0.03333333333333333,0.016666666666666666,1.6925398111343384,0.7333333333333333,0.0,0.0,0.016666666666666666
R10,B50,0.6,0.03722222222222222,0.037222222222222226,3.9107789993286133,2.0174174308776855,2.0706045627593994,1.718605637550354,0.7166666666666667,1.6601310968399048,0.03333333333333333,0.016666666666666666,2.2891478538513184,0.7333333333333333,0.016666666666666666,0.15,0.7166666666666667
R10,B50,0.9,0.03722222222222222,0.037222222222222226,3.9107789993286133,2.0174174308776855,2.0706045627593994,1.718605637550354,0.75,1.6601310968399048,0.03333333333333333,0.016666666666666666,2.6602447032928467,0.7333333333333333,0.016666666666666666,0.6,0.75
R10,B51,0.3,0.03722222222222222,0.037222222222222226,3.9107789993286133,2.0174174308776855,2.0706045627593994,1.718605637550354,0.6333333333333333,1.5216989517211914,0.0,0.0,0.0,0.0,0.0,0.0,0.016666666666666666
R10,B51,0.6,0.03722222222222222,0.037222222222222226,3.9107789993286133,2.0174174308776855,2.0706045627593994,1.718605637550354,0.7166666666666667,1.5216989517211914,0.0,0.0,0.0,0.0,0.0,0.0,0.016666666666666666
R10,B51,0.9,0.03722222222222222,0.037222222222222226,3.9107789993286133,2.0174174308776855,2.0706045627593994,1.718605637550354,0.75,1.5216989517211914,0.0,0.0,0.0,0.0,0.0,0.0,0.016666666666666666
R10,B52,0.3,0.03722222222222222,0.037222222222222226,3.9107789993286133,2.0174174308776855,2.0706045627593994,1.718605637550354,0.6333333333333333,1.8245493173599243,0.0,0.016666666666666666,0.0,0.0,0.0,0.0,0.016666666666666666
R10,B52,0.6,0.03722222222222222,0.037222222222222226,3.9107789993286133,2.0174174308776855,2.0706045627593994,1.718605637550354,0.7166666666666667,1.8245493173599243,0.0,0.016666666666666666,0.0,0.0,0.0,0.0,0.016666666666666666
R10,B52,0.9,0.03722222222222222,0.037222222222222226,3.9107789993286133,2.0174174308776855,2.0706045627593994,1.718605637550354,0.75,1.8245493173599243,0.0,0.016666666666666666,0.0,0.0,0.0,0.0,0.016666666666666666
R10,B53,0.3,0.03722222222222222,0.037222222222222226,3.9107789993286133,2.0174174308776855,2.0706045627593994,1.718605637550354,0.6333333333333333,0.8960880637168884,0.016666666666666666,0.0,0.2096632719039917,0.75,0.0,0.0,0.016666666666666666
R10,B53,0.6,0.03722222222222222,0.037222222222222226,3.9107789993286133,2.0174174308776855,2.0706045627593994,1.718605637550354,0.7166666666666667,0.8960880637168884,0.016666666666666666,0.0,0.38289594650268555,0.75,0.0,0.0,0.016666666666666666
R10,B53,0.9,0.03722222222222222,0.037222222222222226,3.9107789993286133,2.0174174308776855,2.0706045627593994,1.718605637550354,0.75,0.8960880637168884,0.016666666666666666,0.0,0.5305035710334778,0.75,0.0,0.0,0.016666666666666666
R10,B54,0.3,0.03722222222222222,0.037222222222222226,3.9107789993286133,2.0174174308776855,2.0706045627593994,1.718605637550354,0.6333333333333333,1.4445632696151733,0.016666666666666666,0.016666666666666666,1.7315430641174316,0.7333333333333333,0.0,0.0,0.016666666666666666
R10,B54,0.6,0.03722222222222222,0.037222222222222226,3.9107789993286133,2.0174174308776855,2.0706045627593994,1.718605637550354,0.7166666666666667,1.4445632696151733,0.016666666666666666,0.016666666666666666,2.3320205211639404,0.7333333333333333,0.0,0.0,0.016666666666666666
R10,B54,0.9,0.03722222222222222,0.037222222222222226,3.9107789993286133,2.0174174308776855,2.0706045627593994,1.718605637550354,0.75,1.4445632696151733,0.016666666666666666,0.016666666666666666,2.7045836448669434,0.7333333333333333,0.016666666666666666,0.7166666666666667,0.75
R10,B55,0.3,0.03722222222222222,0.037222222222222226,3.9107789993286133,2.0174174308776855,2.0706045627593994,1.718605637550354,0.6333333333333333,3.212052583694458,0.18333333333333332,0.21666666666666667,3.0599098205566406,0.7333333333333333,0.06666666666666667,0.3,0.5
R10,B55,0.6,0.03722222222222222,0.037222222222222226,3.9107789993286133,2.0174174308776855,2.0706045627593994,1.718605637550354,0.7166666666666667,3.212052583694458,0.18333333333333332,0.21666666666666667,3.7293317317962646,0.7333333333333333,0.06666666666666667,0.5333333333333333,0.7166666666666667
R10,B55,0.9,0.03722222222222222,0.037222222222222226,3.9107789993286133,2.0174174308776855,2.0706045627593994,1.718605637550354,0.75,3.212052583694458,0.18333333333333332,0.21666666666666667,4.1267619132995605,0.7333333333333333,0.13333333333333333,0.5833333333333334,0.75
R10,B56,0.3,0.03722222222222222,0.037222222222222226,3.9107789993286133,2.0174174308776855,2.0706045627593994,1.718605637550354,0.6333333333333333,4.196148872375488,0.0,0.03333333333333333,0.0,0.0,0.0,0.0,0.016666666666666666
R10,B56,0.6,0.03722222222222222,0.037222222222222226,3.9107789993286133,2.0174174308776855,2.0706045627593994,1.718605637550354,0.7166666666666667,4.196148872375488,0.0,0.03333333333333333,0.0,0.0,0.0,0.0,0.016666666666666666
R10,B56,0.9,0.03722222222222222,0.037222222222222226,3.9107789993286133,2.0174174308776855,2.0706045627593994,1.718605637550354,0.75,4.196148872375488,0.0,0.03333333333333333,0.0,0.0,0.0,0.0,0.016666666666666666
R10,B57,0.3,0.03722222222222222,0.037222222222222226,3.9107789993286133,2.0174174308776855,2.0706045627593994,1.718605637550354,0.6333333333333333,1.1184148788452148,0.016666666666666666,0.016666666666666666,0.3354123532772064,0.7333333333333333,0.0,0.0,0.016666666666666666
R10,B57,0.6,0.03722222222222222,0.037222222222222226,3.9107789993286133,2.0174174308776855,2.0706045627593994,1.718605637550354,0.7166666666666667,1.1184148788452148,0.016666666666666666,0.016666666666666666,0.5861374735832214,0.7333333333333333,0.0,0.0,0.016666666666666666
R10,B57,0.9,0.03722222222222222,0.037222222222222226,3.9107789993286133,2.0174174308776855,2.0706045627593994,1.718605637550354,0.75,1.1184148788452148,0.016666666666666666,0.016666666666666666,0.7864329218864441,0.7333333333333333,0.0,0.0,0.016666666666666666
R10,B58,0.3,0.03722222222222222,0.037222222222222226,3.9107789993286133,2.0174174308776855,2.0706045627593994,1.718605637550354,0.6333333333333333,0.8960880637168884,0.016666666666666666,0.0,1.917825698852539,0.75,0.016666666666666666,0.31666666666666665,0.5166666666666667
R10,B58,0.6,0.03722222222222222,0.037222222222222226,3.9107789993286133,2.0174174308776855,2.0706045627593994,1.718605637550354,0.7166666666666667,0.8960880637168884,0.016666666666666666,0.0,2.5346715450286865,0.75,0.016666666666666666,0.55,0.7333333333333333
R10,B58,0.9,0.03722222222222222,0.037222222222222226,3.9107789993286133,2.0174174308776855,2.0706045627593994,1.718605637550354,0.75,0.8960880637168884,0.016666666666666666,0.0,2.9133517742156982,0.75,0.016666666666666666,0.6,0.7666666666666667
R10,B59,0.3,0.03722222222222222,0.037222222222222226,3.9107789993286133,2.0174174308776855,2.0706045627593994,1.718605637550354,0.6333333333333333,1.4060969352722168,0.016666666666666666,0.016666666666666666,0.9381682872772217,0.7333333333333333,0.0,0.0,0.016666666666666666
R10,B59,0.6,0.03722222222222222,0.037222222222222226,3.9107789993286133,2.0174174308776855,2.0706045627593994,1.718605637550354,0.7166666666666667,1.4060969352722168,0.016666666666666666,0.016666666666666666,1.413567304611206,0.7333333333333333,0.0,0.0,0.016666666666666666
R10,B59,0.9,0.03722222222222222,0.037222222222222226,3.9107789993286133,2.0174174308776855,2.0706045627593994,1.718605637550354,0.75,1.4060969352722168,0.016666666666666666,0.016666666666666666,1.7344638109207153,0.7333333333333333,0.0,0.0,0.016666666666666666
R10,B60,0.3,0.03722222222222222,0.037222222222222226,3.9107789993286133,2.0174174308776855,2.0706045627593994,1.718605637550354,0.6333333333333333,1.9865034818649292,0.03333333333333333,0.03333333333333333,0.8138449788093567,0.7333333333333333,0.0,0.0,0.016666666666666666
R10,B60,0.6,0.03722222222222222,0.037222222222222226,3.9107789993286133,2.0174174308776855,2.0706045627593994,1.718605637550354,0.7166666666666667,1.9865034818649292,0.03333333333333333,0.03333333333333333,1.2565089464187622,0.7333333333333333,0.0,0.0,0.016666666666666666
R10,B60,0.9,0.03722222222222222,0.037222222222222226,3.9107789993286133,2.0174174308776855,2.0706045627593994,1.718605637550354,0.75,1.9865034818649292,0.03333333333333333,0.03333333333333333,1.562283992767334,0.7333333333333333,0.0,0.0,0.016666666666666666
R11,B01,0.3,0.051944444444444446,0.051944444444444446,3.6439898014068604,2.4243035316467285,2.0171737670898438,1.069814682006836,0.8,1.355835199356079,0.016666666666666666,0.016666666666666666,1.6144376993179321,0.8333333333333334,0.016666666666666666,0.65,0.8
R11,B01,0.6,0.051944444444444446,0.051944444444444446,3.6439898014068604,2.4243035316467285,2.0171737670898438,1.069814682006836,0.85,1.355835199356079,0.016666666666666666,0.016666666666666666,2.2027783393859863,0.8333333333333334,0.016666666666666666,0.8333333333333334,0.85
R11,B01,0.9,0.051944444444444446,0.051944444444444446,3.6439898014068604,2.4243035316467285,2.0171737670898438,1.069814682006836,0.85,1.355835199356079,0.016666666666666666,0.016666666666666666,2.570716142654419,0.8333333333333334,0.016666666666666666,0.8333333333333334,0.85
R11,B02,0.3,0.051944444444444446,0.051944444444444446,3.6439898014068604,2.4243035316467285,2.0171737670898438,1.069814682006836,0.8,2.1644718647003174,0.18333333333333332,0.13333333333333333,2.687730550765991,0.8333333333333334,0.06666666666666667,0.06666666666666667,0.08333333333333333
R11,B02,0.6,0.051944444444444446,0.051944444444444446,3.6439898014068604,2.4243035316467285,2.0171737670898438,1.069814682006836,0.85,2.1644718647003174,0.18333333333333332,0.13333333333333333,3.3462679386138916,0.8333333333333334,0.1,0.8333333333333334,0.85
R11,B02,0.9,0.051944444444444446,0.051944444444444446,3.6439898014068604,2.4243035316467285,2.0171737670898438,1.069814682006836,0.85,2.1644718647003174,0.18333333333333332,0.13333333333333333,3.7399251461029053,0.8333333333333334,0.11666666666666667,0.8333333333333334,0.85
R11,B03,0.3,0.051944444444444446,0.051944444444444446,3.6439898014068604,2.4243035316467285,2.0171737670898438,1.069814682006836,0.8,2.488234519958496,0.0,0.016666666666666666,0.0,0.0,0.0,0.0,0.016666666666666666
R11,B03,0.6,0.051944444444444446,0.051944444444444446,3.6439898014068604,2.4243035316467285,2.0171737670898438,1.069814682006836,0.85,2.488234519958496,0.0,0.016666666666666666,0.0,0.0,0.0,0.0,0.016666666666666666
R11,B03,0.9,0.051944444444444446,0.051944444444444446,3.6439898014068604,2.4243035316467285,2.0171737670898438,1.069814682006836,0.85,2.488234519958496,0.0,0.016666666666666666,0.0,0.0,0.0,0.0,0.016666666666666666
R11,B04,0.3,0.051944444444444446,0.051944444444444446,3.6439898014068604,2.4243035316467285,2.0171737670898438,1.069814682006836,0.8,2.611539363861084,0.016666666666666666,0.016666666666666666,0.5264281630516052,0.8333333333333334,0.0,0.0,0.016666666666666666
R11,B04,0.6,0.051944444444444446,0.051944444444444446,3.6439898014068604,2.4243035316467285,2.0171737670898438,1.069814682006836,0.85,2.611539363861084,0.016666666666666666,0.016666666666666666,0.8695133924484253,0.8333333333333334,0.016666666666666666,0.8333333333333334,0.85
R11,B04,0.9,0.051944444444444446,0.051944444444444446,3.6439898014068604,2.4243035316467285,2.0171737670898438,1.069814682006836,0.85,2.611539363861084,0.016666666666666666,0.016666666666666666,1.1244827508926392,0.8333333333333334,0.016666666666666666,0.8333333333333334,0.85
R11,B05,0.3,0.051944444444444446,0.051944444444444446,3.6439898014068604,2.4243035316467285,2.0171737670898438,1.069814682006836,0.8,3.0349528789520264,0.016666666666666666,0.05,1.6426873207092285,0.8333333333333334,0.0,0.0,0.016666666666666666
R11,B05,0.6,0.051944444444444446,0.051944444444444446,3.6439898014068604,2.4243035316467285,2.0171737670898438,1.069814682006836,0.85,3.0349528789520264,0.016666666666666666,0.05,2.2341010570526123,0.8333333333333334,0.016666666666666666,0.8333333333333334,0.85
R11,B05,0.9,0.051944444444444446,0.051944444444444446,3.6439898014068604,2.4243035316467285,2.0171737670898438,1.069814682006836,0.85,3.0349528789520264,0.016666666666666666,0.05,2.603217363357544,0.8333333333333334,0.016666666666666666,0.8333333333333334,0.85
R11,B06,0.3,0.051944444444444446,0.051944444444444446,3.6439898014068604,2.4243035316467285,2.0171737670898438,1.069814682006836,0.8,0.8628899455070496,0.0,0.0,0.0,0.0,0.0,0.0,0.016666666666666666
R11,B06,0.6,0.051944444444444446,0.051944444444444446,3.6439898014068604,2.4243035316467285,2.0171737670898438,1.069814682006836,0.85,0.8628899455070496,0.0,0.0,0.0,0.0,0.0,0.0,0.016666666666666666
R11,B06,0.9,0.051944444444444446,0.051944444444444446,3.6439898014068604,2.4243035316467285,2.0171737670898438,1.069814682006836,0.85,0.8628899455070496,0.0,0.0,0.0,0.0,0.0,0.0,0.016666666666666666
R11,B07,0.3,0.051944444444444446,0.051944444444444446,3.6439898014068604,2.4243035316467285,2.0171737670898438,1.069814682006836,0.8,0.717839777469635,0.016666666666666666,0.0,0.5085626244544983,0.85,0.0,0.0,0.016666666666666666
R11,B07,0.6,0.051944444444444446,0.051944444444444446,3.6439898014068604,2.4243035316467285,2.0171737670898438,1.069814682006836,0.85,0.717839777469635,0.016666666666666666,0.0,0.844063401222229,0.85,0.0,0.0,0.016666666666666666
R11,B07,0.9,0.051944444444444446,0.051944444444444446,3.6439898014068604,2.4243035316467285,2.0171737670898438,1.069814682006836,0.85,0.717839777469635,0.016666666666666666,0.0,1.0948377847671509,0.85,0.0,0.0,0.016666666666666666
R11,B08,0.3,0.051944444444444446,0.051944444444444446,3.6439898014068604,2.4243035316467285,2.0171737670898438,1.069814682006836,0.8,1.2837077379226685,0.03333333333333333,0.03333333333333333,2.286036252975464,0.8333333333333334,0.03333333333333333,0.7,0.8
R11,B08,0.6,0.051944444444444446,0.051944444444444446,3.6439898014068604,2.4243035316467285,2.0171737670898438,1.069814682006836,0.85,1.2837077379226685,0.03333333333333333,0.03333333333333333,2.927011489868164,0.8333333333333334,0.03333333333333333,0.8333333333333334,0.85
R11,B08,0.9,0.051944444444444446,0.051944444444444446,3.6439898014068604,2.4243035316467285,2.0171737670898438,1.069814682006836,0.85,1.2837077379226685,0.03333333333333333,0.03333333333333333,3.314462900161743,0.8333333333333334,0.03333333333333333,0.8333333333333334,0.85
R11,B09,0.3,0.051944444444444446,0.051944444444444446,3.6439898014068604,2.4243035316467285,2.0171737670898438,1.069814682006836,0.8,0.978326141834259,0.016666666666666666,0.0,1.336293339729309,0.85,0.0,0.0,0.016666666666666666
R11,B09,0.6,0.051944444444444446,0.051944444444444446,3.6439898014068604,2.4243035316467285,2.0171737670898438,1.069814682006836,0.85,0.978326141834259,0.016666666666666666,0.0,1.8885576725006104,0.85,0.0,0.0,0.016666666666666666
R11,B09,0.9,0.051944444444444446,0.051944444444444446,3.6439898014068604,2.4243035316467285,2.0171737670898438,1.069814682006836,0.85,0.978326141834259,0.016666666666666666,0.0,2.242276906967163,0.85,0.016666666666666666,0.85,0.8666666666666667
R11,B10,0.3,0.051944444444444446,0.051944444444444446,3.6439898014068604,2.4243035316467285,2.0171737670898438,1.069814682006836,0.8,2.8361501693725586,0.016666666666666666,0.016666666666666666,0.4733763039112091,0.8333333333333334,0.0,0.0,0.016666666666666666
R11,B10,0.6,0.051944444444444446,0.051944444444444446,3.6439898014068604,2.4243035316467285,2.0171737670898438,1.069814682006836,0.85,2.8361501693725586,0.016666666666666666,0.016666666666666666,0.7933593392372131,0.8333333333333334,0.0,0.0,0.016666666666666666
R11,B10,0.9,0.051944444444444446,0.051944444444444446,3.6439898014068604,2.4243035316467285,2.0171737670898438,1.069814682006836,0.85,2.8361501693725586,0.016666666666666666,0.016666666666666666,1.0353941917419434,0.8333333333333334,0.0,0.0,0.016666666666666666
R11,B11,0.3,0.051944444444444446,0.051944444444444446,3.6439898014068604,2.4243035316467285,2.0171737670898438,1.069814682006836,0.8,0.5877866744995117,0.0,0.016666666666666666,0.0,0.0,0.0,0.0,0.016666666666666666
R11,B11,0.6,0.051944444444444446,0.051944444444444446,3.6439898014068604,2.4243035316467285,2.0171737670898438,1.069814682006836,0.85,0.5877866744995117,0.0,0.016666666666666666,0.0,0.0,0.0,0.0,0.016666666666666666
R11,B11,0.9,0.051944444444444446,0.051944444444444446,3.6439898014068604,2.4243035316467285,2.0171737670898438,1.069814682006836,0.85,0.5877866744995117,0.0,0.016666666666666666,0.0,0.0,0.0,0.0,0.016666666666666666
R11,B12,0.3,0.051944444444444446,0.051944444444444446,3.6439898014068604,2.4243035316467285,2.0171737670898438,1.069814682006836,0.8,0.9631743431091309,0.016666666666666666,0.0,1.004382610321045,0.85,0.0,0.0,0.016666666666666666
R11,B12,0.6,0.051944444444444446,0.051944444444444446,3.6439898014068604,2.4243035316467285,2.0171737670898438,1.069814682006836,0.85,0.9631743431091309,0.016666666666666666,0.0,1.4952478408813477,0.85,0.016666666666666666,0.85,0.8666666666666667
R11,B12,0.9,0.051944444444444446,0.051944444444444446,3.6439898014068604,2.4243035316467285,2.0171737670898438,1.069814682006836,0.85,0.9631743431091309,0.016666666666666666,0.0,1.8230422735214233,0.85,0.016666666666666666,0.85,0.8666666666666667
R11,B13,0.3,0.051944444444444446,0.051944444444444446,3.6439898014068604,2.4243035316467285,2.0171737670898438,1.069814682006836,0.8,3.3079850673675537,0.0,0.016666666666666666,0.0,0.0,0.0,0.0,0.016666666666666666
R11,B13,0.6,0.051944444444444446,0.051944444444444446,3.6439898014068604,2.4243035316467285,2.0171737670898438,1.069814682006836,0.85,3.3079850673675537,0.0,0.016666666666666666,0.0,0.0,0.0,0.0,0.016666666666666666
R11,B13,0.9,0.051944444444444446,0.051944444444444446,3.6439898014068604,2.4243035316467285,2.0171737670898438,1.069814682006836,0.85,3.3079850673675537,0.0,0.016666666666666666,0.0,0.0,0.0,0.0,0.016666666666666666
R11,B14,0.3,0.051944444444444446,0.051944444444444446,3.6439898014068604,2.4243035316467285,2.0171737670898438,1.069814682006836,0.8,0.6471032500267029,0.016666666666666666,0.016666666666666666,2.359276533126831,0.8333333333333334,0.016666666666666666,0.65,0.8
R11,B14,0.6,0.051944444444444446,0.051944444444444446,3.6439898014068604,2.4243035316467285,2.0171737670898438,1.069814682006836,0.85,0.6471032500267029,0.016666666666666666,0.016666666666666666,3.0040271282196045,0.8333333333333334,0.016666666666666666,0.8333333333333334,0.85
R11,B14,0.9,0.051944444444444446,0.051944444444444446,3.6439898014068604,2.4243035316467285,2.0171737670898438,1.069814682006836,0.85,0.6471032500267029,0.016666666666666666,0.016666666666666666,3.392825126647949,0.8333333333333334,0.016666666666666666,0.8333333333333334,0.85
R11,B15,0.3,0.051944444444444446,0.051944444444444446,3.6439898014068604,2.4243035316467285,2.0171737670898438,1.069814682006836,0.8,0.4700036346912384,0.0,0.0,0.0,0.0,0.0,0.0,0.016666666666666666
R11,B15,0.6,0.051944444444444446,0.051944444444444446,3.6439898014068604,2.4243035316467285,2.0171737670898438,1.069814682006836,0.85,0.4700036346912384,0.0,0.0,0.0,0.0,0.0,0.0,0.016666666666666666
R11,B15,0.9,0.051944444444444446,0.051944444444444446,3.6439898014068604,2.4243035316467285,2.0171737670898438,1.069814682006836,0.85,0.4700036346912384,0.0,0.0,0.0,0.0,0.0,0.0,0.016666666666666666
R11,B16,0.3,0.051944444444444446,0.051944444444444446,3.6439898014068604,2.4243035316467285,2.0171737670898438,1.069814682006836,0.8,2.9851768016815186,0.1,0.15,1.7542082071304321,0.8333333333333334,0.016666666666666666,0.016666666666666666,0.03333333333333333
R11,B16,0.6,0.051944444444444446,0.051944444444444446,3.6439898014068604,2.4243035316467285,2.0171737670898438,1.069814682006836,0.85,2.9851768016815186,0.1,0.15,2.3568592071533203,0.8333333333333334,0.05,0.8333333333333334,0.85
R11,B16,0.9,0.051944444444444446,0.051944444444444446,3.6439898014068604,2.4243035316467285,2.0171737670898438,1.069814682006836,0.85,2.9851768016815186,0.1,0.15,2.7302427291870117,0.8333333333333334,0.06666666666666667,0.8333333333333334,0.85
R11,B17,0.3,0.051944444444444446,0.051944444444444446,3.6439898014068604,2.4243035316467285,2.0171737670898438,1.069814682006836,0.8,2.9585494995117188,0.0,0.03333333333333333,0.0,0.0,0.0,0.0,0.016666666666666666
R11,B17,0.6,0.051944444444444446,0.051944444444444446,3.6439898014068604,2.4243035316467285,2.0171737670898438,1.069814682006836,0.85,2.9585494995117188,0.0,0.03333333333333333,0.0,0.0,0.0,0.0,0.016666666666666666
R11,B17,0.9,0.051944444444444446,0.051944444444444446,3.6439898014068604,2.4243035316467285,2.0171737670898438,1.069814682006836,0.85,2.9585494995117188,0.0,0.03333333333333333,0.0,0.0,0.0,0.0,0.016666666666666666
R11,B18,0.3,0.051944444444444446,0.051944444444444446,3.6439898014068604,2.4243035316467285,2.0171737670898438,1.069814682006836,0.8,3.0335097312927246,0.18333333333333332,0.21666666666666667,2.4602816104888916,0.8333333333333334,0.1,0.65,0.8
R11,B18,0.6,0.051944444444444446,0.051944444444444446,3.6439898014068604,2.4243035316467285,2.0171737670898438,1.069814682006836,0.85,3.0335097312927246,0.18333333333333332,0.21666666666666667,3.1097846031188965,0.8333333333333334,0.11666666666666667,0.8333333333333334,0.85
R11,B18,0.9,0.051944444444444446,0.051944444444444446,3.6439898014068604,2.4243035316467285,2.0171737670898438,1.069814682006836,0.85,3.0335097312927246,0.18333333333333332,0.21666666666666667,3.500267744064331,0.8333333333333334,0.13333333333333333,0.8333333333333334,0.85
R11,B19,0.3,0.051944444444444446,0.051944444444444446,3.6439898014068604,2.4243035316467285,2.0171737670898438,1.069814682006836,0.8,2.7517480850219727,0.11666666666666667,0.16666666666666666,3.5911474227905273,0.8333333333333334,0.06666666666666667,0.7,0.8
R11,B19,0.6,0.051944444444444446,0.051944444444444446,3.6439898014068604,2.4243035316467285,2.0171737670898438,1.069814682006836,0.85,2.7517480850219727,0.11666666666666667,0.16666666666666666,4.270415306091309,0.8333333333333334,0.1,0.8333333333333334,0.85
R11,B19,0.9,0.051944444444444446,0.051944444444444446,3.6439898014068604,2.4243035316467285,2.0171737670898438,1.069814682006836,0.85,2.7517480850219727,0.11666666666666667,0.16666666666666666,4.671210765838623,0.8333333333333334,0.11666666666666667,0.8333333333333334,0.85
R11,B20,0.3,0.051944444444444446,0.051944444444444446,3.6439898014068604,2.4243035316467285,2.0171737670898438,1.069814682006836,0.8,0.4382549226284027,0.0,0.016666666666666666,0.0,0.0,0.0,0.0,0.016666666666666666
R11,B20,0.6,0.051944444444444446,0.051944444444444446,3.6439898014068604,2.4243035316467285,2.0171737670898438,1.069814682006836,0.85,0.4382549226284027,0.0,0.016666666666666666,0.0,0.0,0.0,0.0,0.016666666666666666
R11,B20,0.9,0.051944444444444446,0.051944444444444446,3.6439898014068604,2.4243035316467285,2.0171737670898438,1.069814682006836,0.85,0.4382549226284027,0.0,0.016666666666666666,0.0,0.0,0.0,0.0,0.016666666666666666
R11,B21,0.3,0.051944444444444446,0.051944444444444446,3.6439898014068604,2.4243035316467285,2.0171737670898438,1.069814682006836,0.8,2.613739490509033,0.016666666666666666,0.016666666666666666,1.6822041273117065,0.8333333333333334,0.0,0.0,0.016666666666666666
R11,B21,0.6,0.051944444444444446,0.051944444444444446,3.6439898014068604,2.4243035316467285,2.0171737670898438,1.069814682006836,0.85,2.613739490509033,0.016666666666666666,0.016666666666666666,2.2777585983276367,0.8333333333333334,0.016666666666666666,0.8333333333333334,0.85
R11,B21,0.9,0.051944444444444446,0.051944444444444446,3.6439898014068604,2.4243035316467285,2.0171737670898438,1.069814682006836,0.85,2.613739490509033,0.016666666666666666,0.016666666666666666,2.6484549045562744,0.8333333333333334,0.016666666666666666,0.8333333333333334,0.85
R11,B22,0.3,0.051944444444444446,0.051944444444444446,3.6439898014068604,2.4243035316467285,2.0171737670898438,1.069814682006836,0.8,2.100468873977661,0.15,0.18333333333333332,3.091980218887329,0.8333333333333334,0.06666666666666667,0.16666666666666666,0.8
R11,B22,0.6,0.051944444444444446,0.051944444444444446,3.6439898014068604,2.4243035316467285,2.0171737670898438,1.069814682006836,0.85,2.100468873977661,0.15,0.18333333333333332,3.762159585952759,0.8333333333333334,0.08333333333333333,0.8333333333333334,0.85
R11,B22,0.9,0.051944444444444446,0.051944444444444446,3.6439898014068604,2.4243035316467285,2.0171737670898438,1.069814682006836,0.85,2.100468873977661,0.15,0.18333333333333332,4.159850120544434,0.8333333333333334,0.08333333333333333,0.8333333333333334,0.85
R11,B23,0.3,0.051944444444444446,0.051944444444444446,3.6439898014068604,2.4243035316467285,2.0171737670898438,1.069814682006836,0.8,1.722766637802124,0.03333333333333333,0.016666666666666666,1.3953441381454468,0.8333333333333334,0.0,0.0,0.016666666666666666
R11,B23,0.6,0.051944444444444446,0.051944444444444446,3.6439898014068604,2.4243035316467285,2.0171737670898438,1.069814682006836,0.85,1.722766637802124,0.03333333333333333,0.016666666666666666,1.956246256828308,0.8333333333333334,0.03333333333333333,0.8333333333333334,0.85
R11,B23,0.9,0.051944444444444446,0.051944444444444446,3.6439898014068604,2.4243035316467285,2.0171737670898438,1.069814682006836,0.85,1.722766637802124,0.03333333333333333,0.016666666666666666,2.3134350776672363,0.8333333333333334,0.03333333333333333,0.8333333333333334,0.85
R11,B24,0.3,0.051944444444444446,0.051944444444444446,3.6439898014068604,2.4243035316467285,2.0171737670898438,1.069814682006836,0.8,1.6034198999404907,0.016666666666666666,0.016666666666666666,0.7378339171409607,0.8333333333333334,0.0,0.0,0.016666666666666666
R11,B24,0.6,0.051944444444444446,0.051944444444444446,3.6439898014068604,2.4243035316467285,2.0171737670898438,1.069814682006836,0.85,1.6034198999404907,0.016666666666666666,0.016666666666666666,1.157761573791504,0.8333333333333334,0.0,0.0,0.016666666666666666
R11,B24,0.9,0.051944444444444446,0.051944444444444446,3.6439898014068604,2.4243035316467285,2.0171737670898438,1.069814682006836,0.85,1.6034198999404907,0.016666666666666666,0.016666666666666666,1.4525972604751587,0.8333333333333334,0.016666666666666666,0.8333333333333334,0.85
R11,B25,0.3,0.051944444444444446,0.051944444444444446,3.6439898014068604,2.4243035316467285,2.0171737670898438,1.069814682006836,0.8,0.9360933303833008,0.03333333333333333,0.03333333333333333,1.5601856708526611,0.8333333333333334,0.016666666666666666,0.2,0.8
R11,B25,0.6,0.051944444444444446,0.051944444444444446,3.6439898014068604,2.4243035316467285,2.0171737670898438,1.069814682006836,0.85,0.9360933303833008,0.03333333333333333,0.03333333333333333,2.1423470973968506,0.8333333333333334,0.03333333333333333,0.8333333333333334,0.85
R11,B25,0.9,0.051944444444444446,0.051944444444444446,3.6439898014068604,2.4243035316467285,2.0171737670898438,1.069814682006836,0.85,0.9360933303833008,0.03333333333333333,0.03333333333333333,2.507899761199951,0.8333333333333334,0.03333333333333333,0.8333333333333334,0.85
R11,B26,0.3,0.051944444444444446,0.051944444444444446,3.6439898014068604,2.4243035316467285,2.0171737670898438,1.069814682006836,0.8,1.6094379425048828,0.13333333333333333,0.13333333333333333,2.0206849575042725,0.8333333333333334,0.016666666666666666,0.016666666666666666,0.8
R11,B26,0.6,0.051944444444444446,0.051944444444444446,3.6439898014068604,2.4243035316467285,2.0171737670898438,1.069814682006836,0.85,1.6094379425048828,0.13333333333333333,0.13333333333333333,2.6452507972717285,0.8333333333333334,0.05,0.8333333333333334,0.85
R11,B26,0.9,0.051944444444444446,0.051944444444444446,3.6439898014068604,2.4243035316467285,2.0171737670898438,1.069814682006836,0.85,1.6094379425048828,0.13333333333333333,0.13333333333333333,3.026768922805786,0.8333333333333334,0.06666666666666667,0.8333333333333334,0.85
R11,B27,0.3,0.051944444444444446,0.051944444444444446,3.6439898014068604,2.4243035316467285,2.0171737670898438,1.069814682006836,0.8,3.0296504497528076,0.05,0.03333333333333333,1.9886482954025269,0.8333333333333334,0.0,0.0,0.016666666666666666
R11,B27,0.6,0.051944444444444446,0.051944444444444446,3.6439898014068604,2.4243035316467285,2.0171737670898438,1.069814682006836,0.85,3.0296504497528076,0.05,0.03333333333333333,2.610900640487671,0.8333333333333334,0.03333333333333333,0.8333333333333334,0.85
R11,B27,0.9,0.051944444444444446,0.051944444444444446,3.6439898014068604,2.4243035316467285,2.0171737670898438,1.069814682006836,0.85,3.0296504497528076,0.05,0.03333333333333333,2.9915714263916016,0.8333333333333334,0.03333333333333333,0.8333333333333334,0.85
R11,B28,0.3,0.051944444444444446,0.051944444444444446,3.6439898014068604,2.4243035316467285,2.0171737670898438,1.069814682006836,0.8,2.853015899658203,0.016666666666666666,0.016666666666666666,1.1691218614578247,0.8333333333333334,0.0,0.0,0.016666666666666666
R11,B28,0.6,0.051944444444444446,0.051944444444444446,3.6439898014068604,2.4243035316467285,2.0171737670898438,1.069814682006836,0.85,2.853015899658203,0.016666666666666666,0.016666666666666666,1.693471908569336,0.8333333333333334,0.0,0.0,0.016666666666666666
R11,B28,0.9,0.051944444444444446,0.051944444444444446,3.6439898014068604,2.4243035316467285,2.0171737670898438,1.069814682006836,0.85,2.853015899658203,0.016666666666666666,0.016666666666666666,2.035684823989868,0.8333333333333334,0.0,0.0,0.016666666666666666
R11,B29,0.3,0.051944444444444446,0.051944444444444446,3.6439898014068604,2.4243035316467285,2.0171737670898438,1.069814682006836,0.8,2.7466297149658203,0.16666666666666666,0.11666666666666667,3.091399908065796,0.8333333333333334,0.08333333333333333,0.65,0.8
R11,B29,0.6,0.051944444444444446,0.051944444444444446,3.6439898014068604,2.4243035316467285,2.0171737670898438,1.069814682006836,0.85,2.7466297149658203,0.16666666666666666,0.11666666666666667,3.761565923690796,0.8333333333333334,0.13333333333333333,0.8333333333333334,0.85
R11,B29,0.9,0.051944444444444446,0.051944444444444446,3.6439898014068604,2.4243035316467285,2.0171737670898438,1.069814682006836,0.85,2.7466297149658203,0.16666666666666666,0.11666666666666667,4.159251689910889,0.8333333333333334,0.15,0.8333333333333334,0.85
R11,B30,0.3,0.051944444444444446,0.051944444444444446,3.6439898014068604,2.4243035316467285,2.0171737670898438,1.069814682006836,0.8,3.6386382579803467,0.18333333333333332,0.16666666666666666,2.7482783794403076,0.8333333333333334,0.03333333333333333,0.03333333333333333,0.05
R11,B30,0.6,0.051944444444444446,0.051944444444444446,3.6439898014068604,2.4243035316467285,2.0171737670898438,1.069814682006836,0.85,3.6386382579803467,0.18333333333333332,0.16666666666666666,3.4088828563690186,0.8333333333333334,0.1,0.8333333333333334,0.85
R11,B30,0.9,0.051944444444444446,0.051944444444444446,3.6439898014068604,2.4243035316467285,2.0171737670898438,1.069814682006836,0.85,3.6386382579803467,0.18333333333333332,0.16666666666666666,3.803260564804077,0.8333333333333334,0.11666666666666667,0.8333333333333334,0.85
R11,B31,0.3,0.051944444444444446,0.051944444444444446,3.6439898014068604,2.4243035316467285,2.0171737670898438,1.069814682006836,0.8,2.9258460998535156,0.16666666666666666,0.08333333333333333,2.461791515350342,0.8333333333333334,0.016666666666666666,0.7166666666666667,0.8
R11,B31,0.6,0.051944444444444446,0.051944444444444446,3.6439898014068604,2.4243035316467285,2.0171737670898438,1.069814682006836,0.85,2.9258460998535156,0.16666666666666666,0.08333333333333333,3.1113617420196533,0.8333333333333334,0.03333333333333333,0.8333333333333334,0.85
R11,B31,0.9,0.051944444444444446,0.051944444444444446,3.6439898014068604,2.4243035316467285,2.0171737670898438,1.069814682006836,0.85,2.9258460998535156,0.16666666666666666,0.08333333333333333,3.501868724822998,0.8333333333333334,0.1,0.8333333333333334,0.85
R11,B32,0.3,0.051944444444444446,0.051944444444444446,3.6439898014068604,2.4243035316467285,2.0171737670898438,1.069814682006836,0.8,1.1052567958831787,0.016666666666666666,0.016666666666666666,0.8351499438285828,0.8333333333333334,0.0,0.0,0.016666666666666666
R11,B32,0.6,0.051944444444444446,0.051944444444444446,3.6439898014068604,2.4243035316467285,2.0171737670898438,1.069814682006836,0.85,1.1052567958831787,0.016666666666666666,0.016666666666666666,1.2837961912155151,0.8333333333333334,0.016666666666666666,0.8333333333333334,0.85
R11,B32,0.9,0.051944444444444446,0.051944444444444446,3.6439898014068604,2.4243035316467285,2.0171737670898438,1.069814682006836,0.85,1.1052567958831787,0.016666666666666666,0.016666666666666666,1.5923891067504883,0.8333333333333334,0.016666666666666666,0.8333333333333334,0.85
R11,B33,0.3,0.051944444444444446,0.051944444444444446,3.6439898014068604,2.4243035316467285,2.0171737670898438,1.069814682006836,0.8,4.127779483795166,0.016666666666666666,0.016666666666666666,1.325777292251587,0.8333333333333334,0.016666666666666666,0.7,0.8
R11,B33,0.6,0.051944444444444446,0.051944444444444446,3.6439898014068604,2.4243035316467285,2.0171737670898438,1.069814682006836,0.85,4.127779483795166,0.016666666666666666,0.016666666666666666,1.8764408826828003,0.8333333333333334,0.016666666666666666,0.8333333333333334,0.85
R11,B33,0.9,0.051944444444444446,0.051944444444444446,3.6439898014068604,2.4243035316467285,2.0171737670898438,1.069814682006836,0.85,4.127779483795166,0.016666666666666666,0.016666666666666666,2.2295122146606445,0.8333333333333334,0.016666666666666666,0.8333333333333334,0.85
R11,B34,0.3,0.051944444444444446,0.051944444444444446,3.6439898014068604,2.4243035316467285,2.0171737670898438,1.069814682006836,0.8,3.261552095413208,0.03333333333333333,0.03333333333333333,2.4053280353546143,0.8333333333333334,0.016666666666666666,0.03333333333333333,0.05
R11,B34,0.6,0.051944444444444446,0.051944444444444446,3.6439898014068604,2.4243035316467285,2.0171737670898438,1.069814682006836,0.85,3.261552095413208,0.03333333333333333,0.03333333333333333,3.0523078441619873,0.8333333333333334,0.03333333333333333,0.8333333333333334,0.85
R11,B34,0.9,0.051944444444444446,0.051944444444444446,3.6439898014068604,2.4243035316467285,2.0171737670898438,1.069814682006836,0.85,3.261552095413208,0.03333333333333333,0.03333333333333333,3.441897392272949,0.8333333333333334,0.03333333333333333,0.8333333333333334,0.85
R11,B35,0.3,0.051944444444444446,0.051944444444444446,3.6439898014068604,2.4243035316467285,2.0171737670898438,1.069814682006836,0.8,1.7011051177978516,0.016666666666666666,0.016666666666666666,0.5336588025093079,0.8333333333333334,0.0,0.0,0.016666666666666666
R11,B35,0.6,0.051944444444444446,0.051944444444444446,3.6439898014068604,2.4243035316467285,2.0171737670898438,1.069814682006836,0.85,1.7011051177978516,0.016666666666666666,0.016666666666666666,0.8797593116760254,0.8333333333333334,0.0,0.0,0.016666666666666666
R11,B35,0.9,0.051944444444444446,0.051944444444444446,3.6439898014068604,2.4243035316467285,2.0171737670898438,1.069814682006836,0.85,1.7011051177978516,0.016666666666666666,0.016666666666666666,1.1363829374313354,0.8333333333333334,0.0,0.0,0.016666666666666666
R11,B36,0.3,0.051944444444444446,0.051944444444444446,3.6439898014068604,2.4243035316467285,2.0171737670898438,1.069814682006836,0.8,1.1631507873535156,0.016666666666666666,0.0,2.2001142501831055,0.85,0.016666666666666666,0.7333333333333333,0.8166666666666667
R11,B36,0.6,0.051944444444444446,0.051944444444444446,3.6439898014068604,2.4243035316467285,2.0171737670898438,1.069814682006836,0.85,1.1631507873535156,0.016666666666666666,0.0,2.836272716522217,0.85,0.016666666666666666,0.85,0.8666666666666667
R11,B36,0.9,0.051944444444444446,0.051944444444444446,3.6439898014068604,2.4243035316467285,2.0171737670898438,1.069814682006836,0.85,1.1631507873535156,0.016666666666666666,0.0,3.2219960689544678,0.85,0.016666666666666666,0.85,0.8666666666666667
R11,B37,0.3,0.051944444444444446,0.051944444444444446,3.6439898014068604,2.4243035316467285,2.0171737670898438,1.069814682006836,0.8,1.1537315845489502,0.016666666666666666,0.016666666666666666,1.099431037902832,0.8333333333333334,0.0,0.0,0.016666666666666666
R11,B37,0.6,0.051944444444444446,0.051944444444444446,3.6439898014068604,2.4243035316467285,2.0171737670898438,1.069814682006836,0.85,1.1537315845489502,0.016666666666666666,0.016666666666666666,1.6104202270507812,0.8333333333333334,0.016666666666666666,0.8333333333333334,0.85
R11,B37,0.9,0.051944444444444446,0.051944444444444446,3.6439898014068604,2.4243035316467285,2.0171737670898438,1.069814682006836,0.85,1.1537315845489502,0.016666666666666666,0.016666666666666666,1.946962594985962,0.8333333333333334,0.016666666666666666,0.8333333333333334,0.85
R11,B38,0.3,0.051944444444444446,0.051944444444444446,3.6439898014068604,2.4243035316467285,2.0171737670898438,1.069814682006836,0.8,1.7065646648406982,0.0,0.03333333333333333,0.0,0.0,0.0,0.0,0.016666666666666666
R11,B38,0.6,0.051944444444444446,0.051944444444444446,3.6439898014068604,2.4243035316467285,2.0171737670898438,1.069814682006836,0.85,1.7065646648406982,0.0,0.03333333333333333,0.0,0.0,0.0,0.0,0.016666666666666666
R11,B38,0.9,0.051944444444444446,0.051944444444444446,3.6439898014068604,2.4243035316467285,2.0171737670898438,1.069814682006836,0.85,1.7065646648406982,0.0,0.03333333333333333,0.0,0.0,0.0,0.0,0.016666666666666666
R11,B39,0.3,0.051944444444444446,0.051944444444444446,3.6439898014068604,2.4243035316467285,2.0171737670898438,1.069814682006836,0.8,1.1474025249481201,0.03333333333333333,0.016666666666666666,1.0629298686981201,0.8333333333333334,0.0,0.0,0.016666666666666666
R11,B39,0.6,0.051944444444444446,0.051944444444444446,3.6439898014068604,2.4243035316467285,2.0171737670898438,1.069814682006836,0.85,1.1474025249481201,0.03333333333333333,0.016666666666666666,1.5664637088775635,0.8333333333333334,0.016666666666666666,0.8333333333333334,0.85
R11,B39,0.9,0.051944444444444446,0.051944444444444446,3.6439898014068604,2.4243035316467285,2.0171737670898438,1.069814682006836,0.85,1.1474025249481201,0.03333333333333333,0.016666666666666666,1.8997944593429565,0.8333333333333334,0.016666666666666666,0.8333333333333334,0.85
R11,B40,0.3,0.051944444444444446,0.051944444444444446,3.6439898014068604,2.4243035316467285,2.0171737670898438,1.069814682006836,0.8,2.9642415046691895,0.016666666666666666,0.03333333333333333,1.141574501991272,0.8333333333333334,0.0,0.0,0.016666666666666666
R11,B40,0.6,0.051944444444444446,0.051944444444444446,3.6439898014068604,2.4243035316467285,2.0171737670898438,1.069814682006836,0.85,2.9642415046691895,0.016666666666666666,0.03333333333333333,1.6607755422592163,0.8333333333333334,0.016666666666666666,0.8333333333333334,0.85
R11,B40,0.9,0.051944444444444446,0.051944444444444446,3.6439898014068604,2.4243035316467285,2.0171737670898438,1.069814682006836,0.85,2.9642415046691895,0.016666666666666666,0.03333333333333333,2.0008156299591064,0.8333333333333334,0.016666666666666666,0.8333333333333334,0.85
R11,B41,0.3,0.051944444444444446,0.051944444444444446,3.6439898014068604,2.4243035316467285,2.0171737670898438,1.069814682006836,0.8,3.849083185195923,0.23333333333333334,0.25,3.393700122833252,0.8333333333333334,0.08333333333333333,0.16666666666666666,0.8
R11,B41,0.6,0.051944444444444446,0.051944444444444446,3.6439898014068604,2.4243035316467285,2.0171737670898438,1.069814682006836,0.85,3.849083185195923,0.23333333333333334,0.25,4.069912433624268,0.8333333333333334,0.1,0.8333333333333334,0.85
R11,B41,0.9,0.051944444444444446,0.051944444444444446,3.6439898014068604,2.4243035316467285,2.0171737670898438,1.069814682006836,0.85,3.849083185195923,0.23333333333333334,0.25,4.469668388366699,0.8333333333333334,0.1,0.8333333333333334,0.85
R11,B42,0.3,0.051944444444444446,0.051944444444444446,3.6439898014068604,2.4243035316467285,2.0171737670898438,1.069814682006836,0.8,1.5789786577224731,0.05,0.03333333333333333,1.2836601734161377,0.8333333333333334,0.016666666666666666,0.016666666666666666,0.8
R11,B42,0.6,0.051944444444444446,0.051944444444444446,3.6439898014068604,2.4243035316467285,2.0171737670898438,1.069814682006836,0.85,1.5789786577224731,0.05,0.03333333333333333,1.8277145624160767,0.8333333333333334,0.016666666666666666,0.8333333333333334,0.85
R11,B42,0.9,0.051944444444444446,0.051944444444444446,3.6439898014068604,2.4243035316467285,2.0171737670898438,1.069814682006836,0.85,1.5789786577224731,0.05,0.03333333333333333,2.1780965328216553,0.8333333333333334,0.03333333333333333,0.8333333333333334,0.85
R11,B43,0.3,0.051944444444444446,0.051944444444444446,3.6439898014068604,2.4243035316467285,2.0171737670898438,1.069814682006836,0.8,3.0647919178009033,0.03333333333333333,0.016666666666666666,1.6102237701416016,0.8333333333333334,0.016666666666666666,0.16666666666666666,0.8
R11,B43,0.6,0.051944444444444446,0.051944444444444446,3.6439898014068604,2.4243035316467285,2.0171737670898438,1.069814682006836,0.85,3.0647919178009033,0.03333333333333333,0.016666666666666666,2.1980977058410645,0.8333333333333334,0.03333333333333333,0.8333333333333334,0.85
R11,B43,0.9,0.051944444444444446,0.051944444444444446,3.6439898014068604,2.4243035316467285,2.0171737670898438,1.069814682006836,0.85,3.0647919178009033,0.03333333333333333,0.016666666666666666,2.5658559799194336,0.8333333333333334,0.03333333333333333,0.8333333333333334,0.85
R11,B44,0.3,0.051944444444444446,0.051944444444444446,3.6439898014068604,2.4243035316467285,2.0171737670898438,1.069814682006836,0.8,3.4685444831848145,0.016666666666666666,0.016666666666666666,0.31697845458984375,0.8333333333333334,0.0,0.0,0.016666666666666666
R11,B44,0.6,0.051944444444444446,0.051944444444444446,3.6439898014068604,2.4243035316467285,2.0171737670898438,1.069814682006836,0.85,3.4685444831848145,0.016666666666666666,0.016666666666666666,0.5572965741157532,0.8333333333333334,0.0,0.0,0.016666666666666666
R11,B44,0.9,0.051944444444444446,0.051944444444444446,3.6439898014068604,2.4243035316467285,2.0171737670898438,1.069814682006836,0.85,3.4685444831848145,0.016666666666666666,0.016666666666666666,0.7509059906005859,0.8333333333333334,0.0,0.0,0.016666666666666666
R11,B45,0.3,0.051944444444444446,0.051944444444444446,3.6439898014068604,2.4243035316467285,2.0171737670898438,1.069814682006836,0.8,3.2507619857788086,0.1,0.11666666666666667,2.1932857036590576,0.8333333333333334,0.016666666666666666,0.016666666666666666,0.03333333333333333
R11,B45,0.6,0.051944444444444446,0.051944444444444446,3.6439898014068604,2.4243035316467285,2.0171737670898438,1.069814682006836,0.85,3.2507619857788086,0.1,0.11666666666666667,2.8290421962738037,0.8333333333333334,0.05,0.8333333333333334,0.85
R11,B45,0.9,0.051944444444444446,0.051944444444444446,3.6439898014068604,2.4243035316467285,2.0171737670898438,1.069814682006836,0.85,3.2507619857788086,0.1,0.11666666666666667,3.214621067047119,0.8333333333333334,0.06666666666666667,0.8333333333333334,0.85
R11,B46,0.3,0.051944444444444446,0.051944444444444446,3.6439898014068604,2.4243035316467285,2.0171737670898438,1.069814682006836,0.8,2.2257039546966553,0.03333333333333333,0.016666666666666666,0.953619658946991,0.8333333333333334,0.0,0.0,0.016666666666666666
R11,B46,0.6,0.051944444444444446,0.051944444444444446,3.6439898014068604,2.4243035316467285,2.0171737670898438,1.069814682006836,0.85,2.2257039546966553,0.03333333333333333,0.016666666666666666,1.4327418804168701,0.8333333333333334,0.016666666666666666,0.8333333333333334,0.85
R11,B46,0.9,0.051944444444444446,0.051944444444444446,3.6439898014068604,2.4243035316467285,2.0171737670898438,1.069814682006836,0.85,2.2257039546966553,0.03333333333333333,0.016666666666666666,1.7553129196166992,0.8333333333333334,0.016666666666666666,0.8333333333333334,0.85
R11,B47,0.3,0.051944444444444446,0.051944444444444446,3.6439898014068604,2.4243035316467285,2.0171737670898438,1.069814682006836,0.8,0.7371640801429749,0.016666666666666666,0.016666666666666666,1.5322329998016357,0.8333333333333334,0.016666666666666666,0.65,0.8
R11,B47,0.6,0.051944444444444446,0.051944444444444446,3.6439898014068604,2.4243035316467285,2.0171737670898438,1.069814682006836,0.85,0.7371640801429749,0.016666666666666666,0.016666666666666666,2.1110615730285645,0.8333333333333334,0.016666666666666666,0.8333333333333334,0.85
R11,B47,0.9,0.051944444444444446,0.051944444444444446,3.6439898014068604,2.4243035316467285,2.0171737670898438,1.069814682006836,0.85,0.7371640801429749,0.016666666666666666,0.016666666666666666,2.4753193855285645,0.8333333333333334,0.016666666666666666,0.8333333333333334,0.85
R11,B48,0.3,0.051944444444444446,0.051944444444444446,3.6439898014068604,2.4243035316467285,2.0171737670898438,1.069814682006836,0.8,2.4544475078582764,0.016666666666666666,0.016666666666666666,0.7178997993469238,0.8333333333333334,0.0,0.0,0.016666666666666666
R11,B48,0.6,0.051944444444444446,0.051944444444444446,3.6439898014068604,2.4243035316467285,2.0171737670898438,1.069814682006836,0.85,2.4544475078582764,0.016666666666666666,0.016666666666666666,1.131481409072876,0.8333333333333334,0.0,0.0,0.016666666666666666
R11,B48,0.9,0.051944444444444446,0.051944444444444446,3.6439898014068604,2.4243035316467285,2.0171737670898438,1.069814682006836,0.85,2.4544475078582764,0.016666666666666666,0.016666666666666666,1.4231971502304077,0.8333333333333334,0.0,0.0,0.016666666666666666
R11,B49,0.3,0.051944444444444446,0.051944444444444446,3.6439898014068604,2.4243035316467285,2.0171737670898438,1.069814682006836,0.8,1.220829963684082,0.016666666666666666,0.0,1.0128062963485718,0.85,0.0,0.0,0.016666666666666666
R11,B49,0.6,0.051944444444444446,0.051944444444444446,3.6439898014068604,2.4243035316467285,2.0171737670898438,1.069814682006836,0.85,1.220829963684082,0.016666666666666666,0.0,1.505550503730774,0.85,0.016666666666666666,0.85,0.8666666666666667
R11,B49,0.9,0.051944444444444446,0.051944444444444446,3.6439898014068604,2.4243035316467285,2.0171737670898438,1.069814682006836,0.85,1.220829963684082,0.016666666666666666,0.0,1.834172248840332,0.85,0.016666666666666666,0.85,0.8666666666666667
R11,B50,0.3,0.051944444444444446,0.051944444444444446,3.6439898014068604,2.4243035316467285,2.0171737670898438,1.069814682006836,0.8,0.8754687309265137,0.05,0.016666666666666666,0.9913389682769775,0.8333333333333334,0.0,0.0,0.016666666666666666
R11,B50,0.6,0.051944444444444446,0.051944444444444446,3.6439898014068604,2.4243035316467285,2.0171737670898438,1.069814682006836,0.85,0.8754687309265137,0.05,0.016666666666666666,1.479256510734558,0.8333333333333334,0.0,0.0,0.016666666666666666
R11,B50,0.9,0.051944444444444446,0.051944444444444446,3.6439898014068604,2.4243035316467285,2.0171737670898438,1.069814682006836,0.85,0.8754687309265137,0.05,0.016666666666666666,1.8057479858398438,0.8333333333333334,0.0,0.0,0.016666666666666666
R11,B51,0.3,0.051944444444444446,0.051944444444444446,3.6439898014068604,2.4243035316467285,2.0171737670898438,1.069814682006836,0.8,2.776954174041748,0.13333333333333333,0.2,2.342750310897827,0.8333333333333334,0.03333333333333333,0.18333333333333332,0.8
R11,B51,0.6,0.051944444444444446,0.051944444444444446,3.6439898014068604,2.4243035316467285,2.0171737670898438,1.069814682006836,0.85,2.776954174041748,0.13333333333333333,0.2,2.9866743087768555,0.8333333333333334,0.1,0.8333333333333334,0.85
R11,B51,0.9,0.051944444444444446,0.051944444444444446,3.6439898014068604,2.4243035316467285,2.0171737670898438,1.069814682006836,0.85,2.776954174041748,0.13333333333333333,0.2,3.3751778602600098,0.8333333333333334,0.1,0.8333333333333334,0.85
R11,B52,0.3,0.051944444444444446,0.051944444444444446,3.6439898014068604,2.4243035316467285,2.0171737670898438,1.069814682006836,0.8,0.8586615920066833,0.03333333333333333,0.0,1.0144113302230835,0.85,0.016666666666666666,0.08333333333333333,0.1
R11,B52,0.6,0.051944444444444446,0.051944444444444446,3.6439898014068604,2.4243035316467285,2.0171737670898438,1.069814682006836,0.85,0.8586615920066833,0.03333333333333333,0.0,1.5075112581253052,0.85,0.016666666666666666,0.85,0.8666666666666667
R11,B52,0.9,0.051944444444444446,0.051944444444444446,3.6439898014068604,2.4243035316467285,2.0171737670898438,1.069814682006836,0.85,0.8586615920066833,0.03333333333333333,0.0,1.8362895250320435,0.85,0.016666666666666666,0.85,0.8666666666666667
R11,B53,0.3,0.051944444444444446,0.051944444444444446,3.6439898014068604,2.4243035316467285,2.0171737670898438,1.069814682006836,0.8,3.205993175506592,0.15,0.16666666666666666,2.7574563026428223,0.8333333333333334,0.06666666666666667,0.65,0.8
R11,B53,0.6,0.051944444444444446,0.051944444444444446,3.6439898014068604,2.4243035316467285,2.0171737670898438,1.069814682006836,0.85,3.205993175506592,0.15,0.16666666666666666,3.418362855911255,0.8333333333333334,0.11666666666666667,0.8333333333333334,0.85
R11,B53,0.9,0.051944444444444446,0.051944444444444446,3.6439898014068604,2.4243035316467285,2.0171737670898438,1.069814682006836,0.85,3.205993175506592,0.15,0.16666666666666666,3.8128457069396973,0.8333333333333334,0.13333333333333333,0.8333333333333334,0.85
R11,B54,0.3,0.051944444444444446,0.051944444444444446,3.6439898014068604,2.4243035316467285,2.0171737670898438,1.069814682006836,0.8,3.00864839553833,0.13333333333333333,0.15,2.5944108963012695,0.8333333333333334,0.05,0.65,0.8
R11,B54,0.6,0.051944444444444446,0.051944444444444446,3.6439898014068604,2.4243035316467285,2.0171737670898438,1.069814682006836,0.85,3.00864839553833,0.13333333333333333,0.15,3.249497890472412,0.8333333333333334,0.06666666666666667,0.8333333333333334,0.85
R11,B54,0.9,0.051944444444444446,0.051944444444444446,3.6439898014068604,2.4243035316467285,2.0171737670898438,1.069814682006836,0.85,3.00864839553833,0.13333333333333333,0.15,3.6419475078582764,0.8333333333333334,0.08333333333333333,0.8333333333333334,0.85
R11,B55,0.3,0.051944444444444446,0.051944444444444446,3.6439898014068604,2.4243035316467285,2.0171737670898438,1.069814682006836,0.8,1.7984039783477783,0.15,0.1,2.3382084369659424,0.8333333333333334,0.05,0.65,0.8
R11,B55,0.6,0.051944444444444446,0.051944444444444446,3.6439898014068604,2.4243035316467285,2.0171737670898438,1.069814682006836,0.85,1.7984039783477783,0.15,0.1,2.9819023609161377,0.8333333333333334,0.05,0.8333333333333334,0.85
R11,B55,0.9,0.051944444444444446,0.051944444444444446,3.6439898014068604,2.4243035316467285,2.0171737670898438,1.069814682006836,0.85,1.7984039783477783,0.15,0.1,3.3703243732452393,0.8333333333333334,0.05,0.8333333333333334,0.85
R11,B56,0.3,0.051944444444444446,0.051944444444444446,3.6439898014068604,2.4243035316467285,2.0171737670898438,1.069814682006836,0.8,1.1724821329116821,0.016666666666666666,0.016666666666666666,2.3051860332489014,0.8333333333333334,0.016666666666666666,0.16666666666666666,0.8
R11,B56,0.6,0.051944444444444446,0.051944444444444446,3.6439898014068604,2.4243035316467285,2.0171737670898438,1.069814682006836,0.85,1.1724821329116821,0.016666666666666666,0.016666666666666666,2.947176694869995,0.8333333333333334,0.016666666666666666,0.8333333333333334,0.85
R11,B56,0.9,0.051944444444444446,0.051944444444444446,3.6439898014068604,2.4243035316467285,2.0171737670898438,1.069814682006836,0.85,1.1724821329116821,0.016666666666666666,0.016666666666666666,3.334990978240967,0.8333333333333334,0.016666666666666666,0.8333333333333334,0.85
R11,B57,0.3,0.051944444444444446,0.051944444444444446,3.6439898014068604,2.4243035316467285,2.0171737670898438,1.069814682006836,0.8,2.871868371963501,0.016666666666666666,0.03333333333333333,0.7663245797157288,0.8333333333333334,0.0,0.0,0.016666666666666666
R11,B57,0.6,0.051944444444444446,0.051944444444444446,3.6439898014068604,2.4243035316467285,2.0171737670898438,1.069814682006836,0.85,2.871868371963501,0.016666666666666666,0.03333333333333333,1.1950386762619019,0.8333333333333334,0.0,0.0,0.016666666666666666
R11,B57,0.9,0.051944444444444446,0.051944444444444446,3.6439898014068604,2.4243035316467285,2.0171737670898438,1.069814682006836,0.85,2.871868371963501,0.016666666666666666,0.03333333333333333,1.4941456317901611,0.8333333333333334,0.0,0.0,0.016666666666666666
R11,B58,0.3,0.051944444444444446,0.051944444444444446,3.6439898014068604,2.4243035316467285,2.0171737670898438,1.069814682006836,0.8,0.48858001828193665,0.0,0.016666666666666666,0.0,0.0,0.0,0.0,0.016666666666666666
R11,B58,0.6,0.051944444444444446,0.051944444444444446,3.6439898014068604,2.4243035316467285,2.0171737670898438,1.069814682006836,0.85,0.48858001828193665,0.0,0.016666666666666666,0.0,0.0,0.0,0.0,0.016666666666666666
R11,B58,0.9,0.051944444444444446,0.051944444444444446,3.6439898014068604,2.4243035316467285,2.0171737670898438,1.069814682006836,0.85,0.48858001828193665,0.0,0.016666666666666666,0.0,0.0,0.0,0.0,0.016666666666666666
R11,B59,0.3,0.051944444444444446,0.051944444444444446,3.6439898014068604,2.4243035316467285,2.0171737670898438,1.069814682006836,0.8,0.783901572227478,0.016666666666666666,0.016666666666666666,2.296621561050415,0.8333333333333334,0.016666666666666666,0.05,0.06666666666666667
R11,B59,0.6,0.051944444444444446,0.051944444444444446,3.6439898014068604,2.4243035316467285,2.0171737670898438,1.069814682006836,0.85,0.783901572227478,0.016666666666666666,0.016666666666666666,2.9381604194641113,0.8333333333333334,0.016666666666666666,0.8333333333333334,0.85
R11,B59,0.9,0.051944444444444446,0.051944444444444446,3.6439898014068604,2.4243035316467285,2.0171737670898438,1.069814682006836,0.85,0.783901572227478,0.016666666666666666,0.016666666666666666,3.3258135318756104,0.8333333333333334,0.016666666666666666,0.8333333333333334,0.85
R11,B60,0.3,0.051944444444444446,0.051944444444444446,3.6439898014068604,2.4243035316467285,2.0171737670898438,1.069814682006836,0.8,0.7514160871505737,0.016666666666666666,0.0,0.5937747359275818,0.85,0.0,0.0,0.016666666666666666
R11,B60,0.6,0.051944444444444446,0.051944444444444446,3.6439898014068604,2.4243035316467285,2.0171737670898438,1.069814682006836,0.85,0.7514160871505737,0.016666666666666666,0.0,0.9637930989265442,0.85,0.016666666666666666,0.85,0.8666666666666667
R11,B60,0.9,0.051944444444444446,0.051944444444444446,3.6439898014068604,2.4243035316467285,2.0171737670898438,1.069814682006836,0.85,0.7514160871505737,0.016666666666666666,0.0,1.233269214630127,0.85,0.016666666666666666,0.85,0.8666666666666667
R12,B01,0.3,0.03666666666666667,0.03666666666666667,3.9195234775543213,2.2777841091156006,1.8448131084442139,1.4543730020523071,0.65,1.0116009712219238,0.0,0.0,0.0,0.0,0.0,0.0,0.016666666666666666
R12,B01,0.6,0.03666666666666667,0.03666666666666667,3.9195234775543213,2.2777841091156006,1.8448131084442139,1.4543730020523071,0.6666666666666666,1.0116009712219238,0.0,0.0,0.0,0.0,0.0,0.0,0.016666666666666666
R12,B01,0.9,0.03666666666666667,0.03666666666666667,3.9195234775543213,2.2777841091156006,1.8448131084442139,1.4543730020523071,0.6666666666666666,1.0116009712219238,0.0,0.0,0.0,0.0,0.0,0.0,0.016666666666666666
R12,B02,0.3,0.03666666666666667,0.03666666666666667,3.9195234775543213,2.2777841091156006,1.8448131084442139,1.4543730020523071,0.65,0.7030975222587585,0.016666666666666666,0.0,1.5819733142852783,0.6666666666666666,0.0,0.0,0.016666666666666666
R12,B02,0.6,0.03666666666666667,0.03666666666666667,3.9195234775543213,2.2777841091156006,1.8448131084442139,1.4543730020523071,0.6666666666666666,0.7030975222587585,0.016666666666666666,0.0,2.166661262512207,0.6666666666666666,0.0,0.0,0.016666666666666666
R12,B02,0.9,0.03666666666666667,0.03666666666666667,3.9195234775543213,2.2777841091156006,1.8448131084442139,1.4543730020523071,0.6666666666666666,0.7030975222587585,0.016666666666666666,0.0,2.533191680908203,0.6666666666666666,0.016666666666666666,0.31666666666666665,0.6833333333333333
R12,B03,0.3,0.03666666666666667,0.03666666666666667,3.9195234775543213,2.2777841091156006,1.8448131084442139,1.4543730020523071,0.65,2.08567214012146,0.0,0.016666666666666666,0.0,0.0,0.0,0.0,0.016666666666666666
R12,B03,0.6,0.03666666666666667,0.03666666666666667,3.9195234775543213,2.2777841091156006,1.8448131084442139,1.4543730020523071,0.6666666666666666,2.08567214012146,0.0,0.016666666666666666,0.0,0.0,0.0,0.0,0.016666666666666666
R12,B03,0.9,0.03666666666666667,0.03666666666666667,3.9195234775543213,2.2777841091156006,1.8448131084442139,1.4543730020523071,0.6666666666666666,2.08567214012146,0.0,0.016666666666666666,0.0,0.0,0.0,0.0,0.016666666666666666
R12,B04,0.3,0.03666666666666667,0.03666666666666667,3.9195234775543213,2.2777841091156006,1.8448131084442139,1.4543730020523071,0.65,2.1724765300750732,0.03333333333333333,0.016666666666666666,1.8705425262451172,0.65,0.0,0.0,0.016666666666666666
R12,B04,0.6,0.03666666666666667,0.03666666666666667,3.9195234775543213,2.2777841091156006,1.8448131084442139,1.4543730020523071,0.6666666666666666,2.1724765300750732,0.03333333333333333,0.016666666666666666,2.483541965484619,0.65,0.016666666666666666,0.13333333333333333,0.6666666666666666
R12,B04,0.9,0.03666666666666667,0.03666666666666667,3.9195234775543213,2.2777841091156006,1.8448131084442139,1.4543730020523071,0.6666666666666666,2.1724765300750732,0.03333333333333333,0.016666666666666666,2.860797166824341,0.65,0.016666666666666666,0.31666666666666665,0.6666666666666666
R12,B05,0.3,0.03666666666666667,0.03666666666666667,3.9195234775543213,2.2777841091156006,1.8448131084442139,1.4543730020523071,0.65,0.40546509623527527,0.016666666666666666,0.0,1.8045560121536255,0.6666666666666666,0.0,0.0,0.016666666666666666
R12,B05,0.6,0.03666666666666667,0.03666666666666667,3.9195234775543213,2.2777841091156006,1.8448131084442139,1.4543730020523071,0.6666666666666666,0.40546509623527527,0.016666666666666666,0.0,2.4118471145629883,0.6666666666666666,0.0,0.0,0.016666666666666666
R12,B05,0.9,0.03666666666666667,0.03666666666666667,3.9195234775543213,2.2777841091156006,1.8448131084442139,1.4543730020523071,0.6666666666666666,0.40546509623527527,0.016666666666666666,0.0,2.786973237991333,0.6666666666666666,0.0,0.0,0.016666666666666666
R12,B06,0.3,0.03666666666666667,0.03666666666666667,3.9195234775543213,2.2777841091156006,1.8448131084442139,1.4543730020523071,0.65,2.784393787384033,0.03333333333333333,0.016666666666666666,1.8136394023895264,0.65,0.0,0.0,0.016666666666666666
R12,B06,0.6,0.03666666666666667,0.03666666666666667,3.9195234775543213,2.2777841091156006,1.8448131084442139,1.4543730020523071,0.6666666666666666,2.784393787384033,0.03333333333333333,0.016666666666666666,2.421740770339966,0.65,0.0,0.0,0.016666666666666666
R12,B06,0.9,0.03666666666666667,0.03666666666666667,3.9195234775543213,2.2777841091156006,1.8448131084442139,1.4543730020523071,0.6666666666666666,2.784393787384033,0.03333333333333333,0.016666666666666666,2.797170400619507,0.65,0.0,0.0,0.016666666666666666
R12,B07,0.3,0.03666666666666667,0.03666666666666667,3.9195234775543213,2.2777841091156006,1.8448131084442139,1.4543730020523071,0.65,1.2089602947235107,0.016666666666666666,0.0,1.7029281854629517,0.6666666666666666,0.0,0.0,0.016666666666666666
R12,B07,0.6,0.03666666666666667,0.03666666666666667,3.9195234775543213,2.2777841091156006,1.8448131084442139,1.4543730020523071,0.6666666666666666,1.2089602947235107,0.016666666666666666,0.0,2.3005831241607666,0.6666666666666666,0.016666666666666666,0.11666666666666667,0.6
R12,B07,0.9,0.03666666666666667,0.03666666666666667,3.9195234775543213,2.2777841091156006,1.8448131084442139,1.4543730020523071,0.6666666666666666,1.2089602947235107,0.016666666666666666,0.0,2.6720774173736572,0.6666666666666666,0.016666666666666666,0.31666666666666665,0.6833333333333333
R12,B08,0.3,0.03666666666666667,0.03666666666666667,3.9195234775543213,2.2777841091156006,1.8448131084442139,1.4543730020523071,0.65,3.647797107696533,0.16666666666666666,0.26666666666666666,3.8428287506103516,0.65,0.05,0.05,0.06666666666666667
R12,B08,0.6,0.03666666666666667,0.03666666666666667,3.9195234775543213,2.2777841091156006,1.8448131084442139,1.4543730020523071,0.6666666666666666,3.647797107696533,0.16666666666666666,0.26666666666666666,4.525201797485352,0.65,0.06666666666666667,0.18333333333333332,0.5833333333333334
R12,B08,0.9,0.03666666666666667,0.03666666666666667,3.9195234775543213,2.2777841091156006,1.8448131084442139,1.4543730020523071,0.6666666666666666,3.647797107696533,0.16666666666666666,0.26666666666666666,4.927049160003662,0.65,0.1,0.3,0.6666666666666666
R12,B09,0.3,0.03666666666666667,0.03666666666666667,3.9195234775543213,2.2777841091156006,1.8448131084442139,1.4543730020523071,0.65,0.40546509623527527,0.016666666666666666,0.0,2.596949338912964,0.6666666666666666,0.016666666666666666,0.06666666666666667,0.08333333333333333
R12,B09,0.6,0.03666666666666667,0.03666666666666667,3.9195234775543213,2.2777841091156006,1.8448131084442139,1.4543730020523071,0.6666666666666666,0.40546509623527527,0.016666666666666666,0.0,3.2521347999572754,0.6666666666666666,0.016666666666666666,0.2,0.6
R12,B09,0.9,0.03666666666666667,0.03666666666666667,3.9195234775543213,2.2777841091156006,1.8448131084442139,1.4543730020523071,0.6666666666666666,0.40546509623527527,0.016666666666666666,0.0,3.6446187496185303,0.6666666666666666,0.016666666666666666,0.31666666666666665,0.6833333333333333
R12,B10,0.3,0.03666666666666667,0.03666666666666667,3.9195234775543213,2.2777841091156006,1.8448131084442139,1.4543730020523071,0.65,2.589266538619995,0.0,0.016666666666666666,0.0,0.0,0.0,0.0,0.016666666666666666
R12,B10,0.6,0.03666666666666667,0.03666666666666667,3.9195234775543213,2.2777841091156006,1.8448131084442139,1.4543730020523071,0.6666666666666666,2.589266538619995,0.0,0.016666666666666666,0.0,0.0,0.0,0.0,0.016666666666666666
R12,B10,0.9,0.03666666666666667,0.03666666666666667,3.9195234775543213,2.2777841091156006,1.8448131084442139,1.4543730020523071,0.6666666666666666,2.589266538619995,0.0,0.016666666666666666,0.0,0.0,0.0,0.0,0.016666666666666666
R12,B11,0.3,0.03666666666666667,0.03666666666666667,3.9195234775543213,2.2777841091156006,1.8448131084442139,1.4543730020523071,0.65,3.973494291305542,0.016666666666666666,0.05,0.8905065655708313,0.65,0.0,0.0,0.016666666666666666
R12,B11,0.6,0.03666666666666667,0.03666666666666667,3.9195234775543213,2.2777841091156006,1.8448131084442139,1.4543730020523071,0.6666666666666666,3.973494291305542,0.016666666666666666,0.05,1.3539589643478394,0.65,0.0,0.0,0.016666666666666666
R12,B11,0.9,0.03666666666666667,0.03666666666666667,3.9195234775543213,2.2777841091156006,1.8448131084442139,1.4543730020523071,0.6666666666666666,3.973494291305542,0.016666666666666666,0.05,1.669420599937439,0.65,0.0,0.0,0.016666666666666666
R12,B12,0.3,0.03666666666666667,0.03666666666666667,3.9195234775543213,2.2777841091156006,1.8448131084442139,1.4543730020523071,0.65,0.4252677261829376,0.03333333333333333,0.0,2.3484272956848145,0.6666666666666666,0.0,0.0,0.016666666666666666
R12,B12,0.6,0.03666666666666667,0.03666666666666667,3.9195234775543213,2.2777841091156006,1.8448131084442139,1.4543730020523071,0.6666666666666666,0.4252677261829376,0.03333333333333333,0.0,2.9926366806030273,0.6666666666666666,0.0,0.0,0.016666666666666666
R12,B12,0.9,0.03666666666666667,0.03666666666666667,3.9195234775543213,2.2777841091156006,1.8448131084442139,1.4543730020523071,0.6666666666666666,0.4252677261829376,0.03333333333333333,0.0,3.381242036819458,0.6666666666666666,0.0,0.0,0.016666666666666666
R12,B13,0.3,0.03666666666666667,0.03666666666666667,3.9195234775543213,2.2777841091156006,1.8448131084442139,1.4543730020523071,0.65,1.418277382850647,0.016666666666666666,0.016666666666666666,1.2264456748962402,0.65,0.0,0.0,0.016666666666666666
R12,B13,0.6,0.03666666666666667,0.03666666666666667,3.9195234775543213,2.2777841091156006,1.8448131084442139,1.4543730020523071,0.6666666666666666,1.418277382850647,0.016666666666666666,0.016666666666666666,1.7609877586364746,0.65,0.0,0.0,0.016666666666666666
R12,B13,0.9,0.03666666666666667,0.03666666666666667,3.9195234775543213,2.2777841091156006,1.8448131084442139,1.4543730020523071,0.6666666666666666,1.418277382850647,0.016666666666666666,0.016666666666666666,2.107454538345337,0.65,0.0,0.0,0.016666666666666666
R12,B14,0.3,0.03666666666666667,0.03666666666666667,3.9195234775543213,2.2777841091156006,1.8448131084442139,1.4543730020523071,0.65,1.4838746786117554,0.016666666666666666,0.0,0.47736281156539917,0.6666666666666666,0.0,0.0,0.016666666666666666
R12,B14,0.6,0.03666666666666667,0.03666666666666667,3.9195234775543213,2.2777841091156006,1.8448131084442139,1.4543730020523071,0.6666666666666666,1.4838746786117554,0.016666666666666666,0.0,0.7991438508033752,0.6666666666666666,0.0,0.0,0.016666666666666666
R12,B14,0.9,0.03666666666666667,0.03666666666666667,3.9195234775543213,2.2777841091156006,1.8448131084442139,1.4543730020523071,0.6666666666666666,1.4838746786117554,0.016666666666666666,0.0,1.0422022342681885,0.6666666666666666,0.0,0.0,0.016666666666666666
R12,B15,0.3,0.03666666666666667,0.03666666666666667,3.9195234775543213,2.2777841091156006,1.8448131084442139,1.4543730020523071,0.65,1.7647308111190796,0.03333333333333333,0.016666666666666666,1.3553663492202759,0.65,0.0,0.0,0.016666666666666666
R12,B15,0.6,0.03666666666666667,0.03666666666666667,3.9195234775543213,2.2777841091156006,1.8448131084442139,1.4543730020523071,0.6666666666666666,1.7647308111190796,0.03333333333333333,0.016666666666666666,1.910484790802002,0.65,0.0,0.0,0.016666666666666666
R12,B15,0.9,0.03666666666666667,0.03666666666666667,3.9195234775543213,2.2777841091156006,1.8448131084442139,1.4543730020523071,0.6666666666666666,1.7647308111190796,0.03333333333333333,0.016666666666666666,2.265355110168457,0.65,0.0,0.0,0.016666666666666666
R12,B16,0.3,0.03666666666666667,0.03666666666666667,3.9195234775543213,2.2777841091156006,1.8448131084442139,1.4543730020523071,0.65,1.1281710863113403,0.016666666666666666,0.0,1.6224439144134521,0.6666666666666666,0.0,0.0,0.016666666666666666
R12,B16,0.6,0.03666666666666667,0.03666666666666667,3.9195234775543213,2.2777841091156006,1.8448131084442139,1.4543730020523071,0.6666666666666666,1.1281710863113403,0.016666666666666666,0.0,2.211665153503418,0.6666666666666666,0.016666666666666666,0.13333333333333333,0.6
R12,B16,0.9,0.03666666666666667,0.03666666666666667,3.9195234775543213,2.2777841091156006,1.8448131084442139,1.4543730020523071,0.6666666666666666,1.1281710863113403,0.016666666666666666,0.0,2.5799412727355957,0.6666666666666666,0.016666666666666666,0.31666666666666665,0.6833333333333333
R12,B17,0.3,0.03666666666666667,0.03666666666666667,3.9195234775543213,2.2777841091156006,1.8448131084442139,1.4543730020523071,0.65,0.8241754174232483,0.016666666666666666,0.0,0.6063010692596436,0.6666666666666666,0.0,0.0,0.016666666666666666
R12,B17,0.6,0.03666666666666667,0.03666666666666667,3.9195234775543213,2.2777841091156006,1.8448131084442139,1.4543730020523071,0.6666666666666666,0.8241754174232483,0.016666666666666666,0.0,0.9810565114021301,0.6666666666666666,0.0,0.0,0.016666666666666666
R12,B17,0.9,0.03666666666666667,0.03666666666666667,3.9195234775543213,2.2777841091156006,1.8448131084442139,1.4543730020523071,0.6666666666666666,0.8241754174232483,0.016666666666666666,0.0,1.2530226707458496,0.6666666666666666,0.0,0.0,0.016666666666666666
R12,B18,0.3,0.03666666666666667,0.03666666666666667,3.9195234775543213,2.2777841091156006,1.8448131084442139,1.4543730020523071,0.65,1.7011051177978516,0.016666666666666666,0.016666666666666666,1.0082896947860718,0.65,0.0,0.0,0.016666666666666666
R12,B18,0.6,0.03666666666666667,0.03666666666666667,3.9195234775543213,2.2777841091156006,1.8448131084442139,1.4543730020523071,0.6666666666666666,1.7011051177978516,0.016666666666666666,0.016666666666666666,1.5000288486480713,0.65,0.0,0.0,0.016666666666666666
R12,B18,0.9,0.03666666666666667,0.03666666666666667,3.9195234775543213,2.2777841091156006,1.8448131084442139,1.4543730020523071,0.6666666666666666,1.7011051177978516,0.016666666666666666,0.016666666666666666,1.828208088874817,0.65,0.0,0.0,0.016666666666666666
R12,B19,0.3,0.03666666666666667,0.03666666666666667,3.9195234775543213,2.2777841091156006,1.8448131084442139,1.4543730020523071,0.65,1.9021074771881104,0.016666666666666666,0.03333333333333333,1.3316460847854614,0.65,0.0,0.0,0.016666666666666666
R12,B19,0.6,0.03666666666666667,0.03666666666666667,3.9195234775543213,2.2777841091156006,1.8448131084442139,1.4543730020523071,0.6666666666666666,1.9021074771881104,0.016666666666666666,0.03333333333333333,1.8832054138183594,0.65,0.0,0.0,0.016666666666666666
R12,B19,0.9,0.03666666666666667,0.03666666666666667,3.9195234775543213,2.2777841091156006,1.8448131084442139,1.4543730020523071,0.6666666666666666,1.9021074771881104,0.016666666666666666,0.03333333333333333,2.2366394996643066,0.65,0.0,0.0,0.016666666666666666
R12,B20,0.3,0.03666666666666667,0.03666666666666667,3.9195234775543213,2.2777841091156006,1.8448131084442139,1.4543730020523071,0.65,2.952824831008911,0.18333333333333332,0.16666666666666666,4.059360980987549,0.65,0.1,0.1,0.11666666666666667
R12,B20,0.6,0.03666666666666667,0.03666666666666667,3.9195234775543213,2.2777841091156006,1.8448131084442139,1.4543730020523071,0.6666666666666666,2.952824831008911,0.18333333333333332,0.16666666666666666,4.74384069442749,0.65,0.1,0.1,0.5833333333333334
R12,B20,0.9,0.03666666666666667,0.03666666666666667,3.9195234775543213,2.2777841091156006,1.8448131084442139,1.4543730020523071,0.6666666666666666,2.952824831008911,0.18333333333333332,0.16666666666666666,5.14639949798584,0.65,0.13333333333333333,0.3,0.6666666666666666
R12,B21,0.3,0.03666666666666667,0.03666666666666667,3.9195234775543213,2.2777841091156006,1.8448131084442139,1.4543730020523071,0.65,2.82612943649292,0.016666666666666666,0.016666666666666666,1.3449987173080444,0.65,0.0,0.0,0.016666666666666666
R12,B21,0.6,0.03666666666666667,0.03666666666666667,3.9195234775543213,2.2777841091156006,1.8448131084442139,1.4543730020523071,0.6666666666666666,2.82612943649292,0.016666666666666666,0.016666666666666666,1.898573398590088,0.65,0.0,0.0,0.016666666666666666
R12,B21,0.9,0.03666666666666667,0.03666666666666667,3.9195234775543213,2.2777841091156006,1.8448131084442139,1.4543730020523071,0.6666666666666666,2.82612943649292,0.016666666666666666,0.016666666666666666,2.252821683883667,0.65,0.0,0.0,0.016666666666666666
R12,B22,0.3,0.03666666666666667,0.03666666666666667,3.9195234775543213,2.2777841091156006,1.8448131084442139,1.4543730020523071,0.65,3.1974477767944336,0.016666666666666666,0.05,2.3178319931030273,0.65,0.016666666666666666,0.1,0.11666666666666667
R12,B22,0.6,0.03666666666666667,0.03666666666666667,3.9195234775543213,2.2777841091156006,1.8448131084442139,1.4543730020523071,0.6666666666666666,3.1974477767944336,0.016666666666666666,0.05,2.960481882095337,0.65,0.016666666666666666,0.11666666666666667,0.5833333333333334
R12,B22,0.9,0.03666666666666667,0.03666666666666667,3.9195234775543213,2.2777841091156006,1.8448131084442139,1.4543730020523071,0.6666666666666666,3.1974477767944336,0.016666666666666666,0.05,3.348531484603882,0.65,0.016666666666666666,0.3,0.6666666666666666
R12,B23,0.3,0.03666666666666667,0.03666666666666667,3.9195234775543213,2.2777841091156006,1.8448131084442139,1.4543730020523071,0.65,2.2257039546966553,0.03333333333333333,0.016666666666666666,1.7221170663833618,0.65,0.0,0.0,0.016666666666666666
R12,B23,0.6,0.03666666666666667,0.03666666666666667,3.9195234775543213,2.2777841091156006,1.8448131084442139,1.4543730020523071,0.6666666666666666,2.2257039546966553,0.03333333333333333,0.016666666666666666,2.321674346923828,0.65,0.0,0.0,0.016666666666666666
R12,B23,0.9,0.03666666666666667,0.03666666666666667,3.9195234775543213,2.2777841091156006,1.8448131084442139,1.4543730020523071,0.6666666666666666,2.2257039546966553,0.03333333333333333,0.016666666666666666,2.693889617919922,0.65,0.0,0.0,0.016666666666666666
R12,B24,0.3,0.03666666666666667,0.03666666666666667,3.9195234775543213,2.2777841091156006,1.8448131084442139,1.4543730020523071,0.65,3.4870693683624268,0.0,0.03333333333333333,0.0,0.0,0.0,0.0,0.016666666666666666
R12,B24,0.6,0.03666666666666667,0.03666666666666667,3.9195234775543213,2.2777841091156006,1.8448131084442139,1.4543730020523071,0.6666666666666666,3.4870693683624268,0.0,0.03333333333333333,0.0,0.0,0.0,0.0,0.016666666666666666
R12,B24,0.9,0.03666666666666667,0.03666666666666667,3.9195234775543213,2.2777841091156006,1.8448131084442139,1.4543730020523071,0.6666666666666666,3.4870693683624268,0.0,0.03333333333333333,0.0,0.0,0.0,0.0,0.016666666666666666
R12,B25,0.3,0.03666666666666667,0.03666666666666667,3.9195234775543213,2.2777841091156006,1.8448131084442139,1.4543730020523071,0.65,0.5481213927268982,0.03333333333333333,0.0,2.4094808101654053,0.6666666666666666,0.0,0.0,0.016666666666666666
R12,B25,0.6,0.03666666666666667,0.03666666666666667,3.9195234775543213,2.2777841091156006,1.8448131084442139,1.4543730020523071,0.6666666666666666,0.5481213927268982,0.03333333333333333,0.0,3.0566563606262207,0.6666666666666666,0.0,0.0,0.016666666666666666
R12,B25,0.9,0.03666666666666667,0.03666666666666667,3.9195234775543213,2.2777841091156006,1.8448131084442139,1.4543730020523071,0.6666666666666666,0.5481213927268982,0.03333333333333333,0.0,3.4463155269622803,0.6666666666666666,0.0,0.0,0.016666666666666666
R12,B26,0.3,0.03666666666666667,0.03666666666666667,3.9195234775543213,2.2777841091156006,1.8448131084442139,1.4543730020523071,0.65,1.9987736940383911,0.016666666666666666,0.03333333333333333,1.313234806060791,0.65,0.0,0.0,0.016666666666666666
R12,B26,0.6,0.03666666666666667,0.03666666666666667,3.9195234775543213,2.2777841091156006,1.8448131084442139,1.4543730020523071,0.6666666666666666,1.9987736940383911,0.016666666666666666,0.03333333333333333,1.8619637489318848,0.65,0.0,0.0,0.016666666666666666
R12,B26,0.9,0.03666666666666667,0.03666666666666667,3.9195234775543213,2.2777841091156006,1.8448131084442139,1.4543730020523071,0.6666666666666666,1.9987736940383911,0.016666666666666666,0.03333333333333333,2.2142505645751953,0.65,0.0,0.0,0.016666666666666666
R12,B27,0.3,0.03666666666666667,0.03666666666666667,3.9195234775543213,2.2777841091156006,1.8448131084442139,1.4543730020523071,0.65,0.6471032500267029,0.016666666666666666,0.016666666666666666,1.4359499216079712,0.65,0.0,0.0,0.016666666666666666
R12,B27,0.6,0.03666666666666667,0.03666666666666667,3.9195234775543213,2.2777841091156006,1.8448131084442139,1.4543730020523071,0.6666666666666666,0.6471032500267029,0.016666666666666666,0.016666666666666666,2.002462387084961,0.65,0.0,0.0,0.016666666666666666
R12,B27,0.9,0.03666666666666667,0.03666666666666667,3.9195234775543213,2.2777841091156006,1.8448131084442139,1.4543730020523071,0.6666666666666666,0.6471032500267029,0.016666666666666666,0.016666666666666666,2.3618826866149902,0.65,0.0,0.0,0.016666666666666666
R12,B28,0.3,0.03666666666666667,0.03666666666666667,3.9195234775543213,2.2777841091156006,1.8448131084442139,1.4543730020523071,0.65,0.6678293347358704,0.016666666666666666,0.016666666666666666,1.8671760559082031,0.65,0.0,0.0,0.016666666666666666
R12,B28,0.6,0.03666666666666667,0.03666666666666667,3.9195234775543213,2.2777841091156006,1.8448131084442139,1.4543730020523071,0.6666666666666666,0.6678293347358704,0.016666666666666666,0.016666666666666666,2.4798941612243652,0.65,0.016666666666666666,0.1,0.5833333333333334
R12,B28,0.9,0.03666666666666667,0.03666666666666667,3.9195234775543213,2.2777841091156006,1.8448131084442139,1.4543730020523071,0.6666666666666666,0.6678293347358704,0.016666666666666666,0.016666666666666666,2.8570446968078613,0.65,0.016666666666666666,0.3,0.6666666666666666
R12,B29,0.3,0.03666666666666667,0.03666666666666667,3.9195234775543213,2.2777841091156006,1.8448131084442139,1.4543730020523071,0.65,1.432700753211975,0.0,0.03333333333333333,0.0,0.0,0.0,0.0,0.016666666666666666
R12,B29,0.6,0.03666666666666667,0.03666666666666667,3.9195234775543213,2.2777841091156006,1.8448131084442139,1.4543730020523071,0.6666666666666666,1.432700753211975,0.0,0.03333333333333333,0.0,0.0,0.0,0.0,0.016666666666666666
R12,B29,0.9,0.03666666666666667,0.03666666666666667,3.9195234775543213,2.2777841091156006,1.8448131084442139,1.4543730020523071,0.6666666666666666,1.432700753211975,0.0,0.03333333333333333,0.0,0.0,0.0,0.0,0.016666666666666666
R12,B30,0.3,0.03666666666666667,0.03666666666666667,3.9195234775543213,2.2777841091156006,1.8448131084442139,1.4543730020523071,0.65,1.1693813800811768,0.03333333333333333,0.0,1.1985948085784912,0.6666666666666666,0.0,0.0,0.016666666666666666
R12,B30,0.6,0.03666666666666667,0.03666666666666667,3.9195234775543213,2.2777841091156006,1.8448131084442139,1.4543730020523071,0.6666666666666666,1.1693813800811768,0.03333333333333333,0.0,1.7282710075378418,0.6666666666666666,0.0,0.0,0.016666666666666666
R12,B30,0.9,0.03666666666666667,0.03666666666666667,3.9195234775543213,2.2777841091156006,1.8448131084442139,1.4543730020523071,0.6666666666666666,1.1693813800811768,0.03333333333333333,0.0,2.072714328765869,0.6666666666666666,0.0,0.0,0.016666666666666666
R12,B31,0.3,0.03666666666666667,0.03666666666666667,3.9195234775543213,2.2777841091156006,1.8448131084442139,1.4543730020523071,0.65,3.1982648372650146,0.016666666666666666,0.016666666666666666,1.3651635646820068,0.65,0.0,0.0,0.016666666666666666
R12,B31,0.6,0.03666666666666667,0.03666666666666667,3.9195234775543213,2.2777841091156006,1.8448131084442139,1.4543730020523071,0.6666666666666666,3.1982648372650146,0.016666666666666666,0.016666666666666666,1.9217239618301392,0.65,0.0,0.0,0.016666666666666666
R12,B31,0.9,0.03666666666666667,0.03666666666666667,3.9195234775543213,2.2777841091156006,1.8448131084442139,1.4543730020523071,0.6666666666666666,3.1982648372650146,0.016666666666666666,0.016666666666666666,2.2771739959716797,0.65,0.0,0.0,0.016666666666666666
R12,B32,0.3,0.03666666666666667,0.03666666666666667,3.9195234775543213,2.2777841091156006,1.8448131084442139,1.4543730020523071,0.65,4.154184341430664,0.2,0.2833333333333333,4.59874963760376,0.65,0.11666666666666667,0.3333333333333333,0.43333333333333335
R12,B32,0.6,0.03666666666666667,0.03666666666666667,3.9195234775543213,2.2777841091156006,1.8448131084442139,1.4543730020523071,0.6666666666666666,4.154184341430664,0.2,0.2833333333333333,5.28685188293457,0.65,0.11666666666666667,0.5666666666666667,0.5833333333333334
R12,B32,0.9,0.03666666666666667,0.03666666666666667,3.9195234775543213,2.2777841091156006,1.8448131084442139,1.4543730020523071,0.6666666666666666,4.154184341430664,0.2,0.2833333333333333,5.690629482269287,0.65,0.13333333333333333,0.5666666666666667,0.6666666666666666
R12,B33,0.3,0.03666666666666667,0.03666666666666667,3.9195234775543213,2.2777841091156006,1.8448131084442139,1.4543730020523071,0.65,4.321347236633301,0.2,0.25,3.6496424674987793,0.65,0.08333333333333333,0.08333333333333333,0.1
R12,B33,0.6,0.03666666666666667,0.03666666666666667,3.9195234775543213,2.2777841091156006,1.8448131084442139,1.4543730020523071,0.6666666666666666,4.321347236633301,0.2,0.25,4.329704284667969,0.65,0.08333333333333333,0.2,0.6666666666666666
R12,B33,0.9,0.03666666666666667,0.03666666666666667,3.9195234775543213,2.2777841091156006,1.8448131084442139,1.4543730020523071,0.6666666666666666,4.321347236633301,0.2,0.25,4.730769157409668,0.65,0.1,0.65,0.6666666666666666
R12,B34,0.3,0.03666666666666667,0.03666666666666667,3.9195234775543213,2.2777841091156006,1.8448131084442139,1.4543730020523071,0.65,4.298237323760986,0.016666666666666666,0.016666666666666666,1.1366668939590454,0.65,0.0,0.0,0.016666666666666666
R12,B34,0.6,0.03666666666666667,0.03666666666666667,3.9195234775543213,2.2777841091156006,1.8448131084442139,1.4543730020523071,0.6666666666666666,4.298237323760986,0.016666666666666666,0.016666666666666666,1.6549326181411743,0.65,0.0,0.0,0.016666666666666666
R12,B34,0.9,0.03666666666666667,0.03666666666666667,3.9195234775543213,2.2777841091156006,1.8448131084442139,1.4543730020523071,0.6666666666666666,4.298237323760986,0.016666666666666666,0.016666666666666666,1.9945765733718872,0.65,0.0,0.0,0.016666666666666666
R12,B35,0.3,0.03666666666666667,0.03666666666666667,3.9195234775543213,2.2777841091156006,1.8448131084442139,1.4543730020523071,0.65,1.401183009147644,0.016666666666666666,0.0,0.21364402770996094,0.6666666666666666,0.0,0.0,0.016666666666666666
R12,B35,0.6,0.03666666666666667,0.03666666666666667,3.9195234775543213,2.2777841091156006,1.8448131084442139,1.4543730020523071,0.6666666666666666,1.401183009147644,0.016666666666666666,0.0,0.3895820379257202,0.6666666666666666,0.0,0.0,0.016666666666666666
R12,B35,0.9,0.03666666666666667,0.03666666666666667,3.9195234775543213,2.2777841091156006,1.8448131084442139,1.4543730020523071,0.6666666666666666,1.401183009147644,0.016666666666666666,0.0,0.5391479730606079,0.6666666666666666,0.0,0.0,0.016666666666666666
R12,B36,0.3,0.03666666666666667,0.03666666666666667,3.9195234775543213,2.2777841091156006,1.8448131084442139,1.4543730020523071,0.65,0.8628899455070496,0.016666666666666666,0.0,2.3486008644104004,0.6666666666666666,0.0,0.0,0.016666666666666666
R12,B36,0.6,0.03666666666666667,0.03666666666666667,3.9195234775543213,2.2777841091156006,1.8448131084442139,1.4543730020523071,0.6666666666666666,0.8628899455070496,0.016666666666666666,0.0,2.992818832397461,0.6666666666666666,0.016666666666666666,0.2,0.6
R12,B36,0.9,0.03666666666666667,0.03666666666666667,3.9195234775543213,2.2777841091156006,1.8448131084442139,1.4543730020523071,0.6666666666666666,0.8628899455070496,0.016666666666666666,0.0,3.381427526473999,0.6666666666666666,0.016666666666666666,0.31666666666666665,0.6833333333333333
R12,B37,0.3,0.03666666666666667,0.03666666666666667,3.9195234775543213,2.2777841091156006,1.8448131084442139,1.4543730020523071,0.65,0.40546509623527527,0.05,0.016666666666666666,2.506638526916504,0.65,0.0,0.0,0.016666666666666666
R12,B37,0.6,0.03666666666666667,0.03666666666666667,3.9195234775543213,2.2777841091156006,1.8448131084442139,1.4543730020523071,0.6666666666666666,0.40546509623527527,0.05,0.016666666666666666,3.1581602096557617,0.65,0.016666666666666666,0.2,0.5833333333333334
R12,B37,0.9,0.03666666666666667,0.03666666666666667,3.9195234775543213,2.2777841091156006,1.8448131084442139,1.4543730020523071,0.6666666666666666,0.40546509623527527,0.05,0.016666666666666666,3.54935622215271,0.65,0.016666666666666666,0.31666666666666665,0.6666666666666666
R12,B38,0.3,0.03666666666666667,0.03666666666666667,3.9195234775543213,2.2777841091156006,1.8448131084442139,1.4543730020523071,0.65,0.7323679327964783,0.016666666666666666,0.0,1.2065149545669556,0.6666666666666666,0.0,0.0,0.016666666666666666
R12,B38,0.6,0.03666666666666667,0.03666666666666667,3.9195234775543213,2.2777841091156006,1.8448131084442139,1.4543730020523071,0.6666666666666666,0.7323679327964783,0.016666666666666666,0.0,1.7375911474227905,0.6666666666666666,0.0,0.0,0.016666666666666666
R12,B38,0.9,0.03666666666666667,0.03666666666666667,3.9195234775543213,2.2777841091156006,1.8448131084442139,1.4543730020523071,0.6666666666666666,0.7323679327964783,0.016666666666666666,0.0,2.082618236541748,0.6666666666666666,0.0,0.0,0.016666666666666666
R12,B39,0.3,0.03666666666666667,0.03666666666666667,3.9195234775543213,2.2777841091156006,1.8448131084442139,1.4543730020523071,0.65,0.8285518288612366,0.016666666666666666,0.0,0.6003339290618896,0.6666666666666666,0.0,0.0,0.016666666666666666
R12,B39,0.6,0.03666666666666667,0.03666666666666667,3.9195234775543213,2.2777841091156006,1.8448131084442139,1.4543730020523071,0.6666666666666666,0.8285518288612366,0.016666666666666666,0.0,0.9728429317474365,0.6666666666666666,0.0,0.0,0.016666666666666666
R12,B39,0.9,0.03666666666666667,0.03666666666666667,3.9195234775543213,2.2777841091156006,1.8448131084442139,1.4543730020523071,0.6666666666666666,0.8285518288612366,0.016666666666666666,0.0,1.2436304092407227,0.6666666666666666,0.0,0.0,0.016666666666666666
R12,B40,0.3,0.03666666666666667,0.03666666666666667,3.9195234775543213,2.2777841091156006,1.8448131084442139,1.4543730020523071,0.65,0.40546509623527527,0.016666666666666666,0.0,1.1196025609970093,0.6666666666666666,0.0,0.0,0.016666666666666666
R12,B40,0.6,0.03666666666666667,0.03666666666666667,3.9195234775543213,2.2777841091156006,1.8448131084442139,1.4543730020523071,0.6666666666666666,0.40546509623527527,0.016666666666666666,0.0,1.6345738172531128,0.6666666666666666,0.0,0.0,0.016666666666666666
R12,B40,0.9,0.03666666666666667,0.03666666666666667,3.9195234775543213,2.2777841091156006,1.8448131084442139,1.4543730020523071,0.6666666666666666,0.40546509623527527,0.016666666666666666,0.0,1.9728175401687622,0.6666666666666666,0.0,0.0,0.016666666666666666
R12,B41,0.3,0.03666666666666667,0.03666666666666667,3.9195234775543213,2.2777841091156006,1.8448131084442139,1.4543730020523071,0.65,3.945651054382324,0.25,0.26666666666666666,4.220429420471191,0.65,0.1,0.21666666666666667,0.43333333333333335
R12,B41,0.6,0.03666666666666667,0.03666666666666667,3.9195234775543213,2.2777841091156006,1.8448131084442139,1.4543730020523071,0.6666666666666666,3.945651054382324,0.25,0.26666666666666666,4.906203746795654,0.65,0.13333333333333333,0.45,0.5833333333333334
R12,B41,0.9,0.03666666666666667,0.03666666666666667,3.9195234775543213,2.2777841091156006,1.8448131084442139,1.4543730020523071,0.6666666666666666,3.945651054382324,0.25,0.26666666666666666,5.30919885635376,0.65,0.15,0.5666666666666667,0.6666666666666666
R12,B42,0.3,0.03666666666666667,0.03666666666666667,3.9195234775543213,2.2777841091156006,1.8448131084442139,1.4543730020523071,0.65,3.7459683418273926,0.03333333333333333,0.016666666666666666,1.2404799461364746,0.65,0.0,0.0,0.016666666666666666
R12,B42,0.6,0.03666666666666667,0.03666666666666667,3.9195234775543213,2.2777841091156006,1.8448131084442139,1.4543730020523071,0.6666666666666666,3.7459683418273926,0.03333333333333333,0.016666666666666666,1.7774145603179932,0.65,0.0,0.0,0.016666666666666666
R12,B42,0.9,0.03666666666666667,0.03666666666666667,3.9195234775543213,2.2777841091156006,1.8448131084442139,1.4543730020523071,0.6666666666666666,3.7459683418273926,0.03333333333333333,0.016666666666666666,2.124871015548706,0.65,0.0,0.0,0.016666666666666666
R12,B43,0.3,0.03666666666666667,0.03666666666666667,3.9195234775543213,2.2777841091156006,1.8448131084442139,1.4543730020523071,0.65,2.8512842655181885,0.016666666666666666,0.016666666666666666,1.2892327308654785,0.65,0.0,0.0,0.016666666666666666
R12,B43,0.6,0.03666666666666667,0.03666666666666667,3.9195234775543213,2.2777841091156006,1.8448131084442139,1.4543730020523071,0.6666666666666666,2.8512842655181885,0.016666666666666666,0.016666666666666666,1.834180235862732,0.65,0.0,0.0,0.016666666666666666
R12,B43,0.9,0.03666666666666667,0.03666666666666667,3.9195234775543213,2.2777841091156006,1.8448131084442139,1.4543730020523071,0.6666666666666666,2.8512842655181885,0.016666666666666666,0.016666666666666666,2.184926986694336,0.65,0.0,0.0,0.016666666666666666
R12,B44,0.3,0.03666666666666667,0.03666666666666667,3.9195234775543213,2.2777841091156006,1.8448131084442139,1.4543730020523071,0.65,0.5247284770011902,0.03333333333333333,0.0,1.6172256469726562,0.6666666666666666,0.0,0.0,0.016666666666666666
R12,B44,0.6,0.03666666666666667,0.03666666666666667,3.9195234775543213,2.2777841091156006,1.8448131084442139,1.4543730020523071,0.6666666666666666,0.5247284770011902,0.03333333333333333,0.0,2.205873966217041,0.6666666666666666,0.0,0.0,0.016666666666666666
R12,B44,0.9,0.03666666666666667,0.03666666666666667,3.9195234775543213,2.2777841091156006,1.8448131084442139,1.4543730020523071,0.6666666666666666,0.5247284770011902,0.03333333333333333,0.0,2.573929786682129,0.6666666666666666,0.016666666666666666,0.31666666666666665,0.6833333333333333
R12,B45,0.3,0.03666666666666667,0.03666666666666667,3.9195234775543213,2.2777841091156006,1.8448131084442139,1.4543730020523071,0.65,2.924236297607422,0.03333333333333333,0.03333333333333333,2.608330249786377,0.65,0.016666666666666666,0.08333333333333333,0.1
R12,B45,0.6,0.03666666666666667,0.03666666666666667,3.9195234775543213,2.2777841091156006,1.8448131084442139,1.4543730020523071,0.6666666666666666,2.924236297607422,0.03333333333333333,0.03333333333333333,3.263953447341919,0.65,0.016666666666666666,0.11666666666666667,0.5833333333333334
R12,B45,0.9,0.03666666666666667,0.03666666666666667,3.9195234775543213,2.2777841091156006,1.8448131084442139,1.4543730020523071,0.6666666666666666,2.924236297607422,0.03333333333333333,0.03333333333333333,3.6565909385681152,0.65,0.016666666666666666,0.3,0.6666666666666666
R12,B46,0.3,0.03666666666666667,0.03666666666666667,3.9195234775543213,2.2777841091156006,1.8448131084442139,1.4543730020523071,0.65,2.9396908283233643,0.03333333333333333,0.03333333333333333,2.232942819595337,0.65,0.0,0.0,0.016666666666666666
R12,B46,0.6,0.03666666666666667,0.03666666666666667,3.9195234775543213,2.2777841091156006,1.8448131084442139,1.4543730020523071,0.6666666666666666,2.9396908283233643,0.03333333333333333,0.03333333333333333,2.8709933757781982,0.65,0.016666666666666666,0.11666666666666667,0.5833333333333334
R12,B46,0.9,0.03666666666666667,0.03666666666666667,3.9195234775543213,2.2777841091156006,1.8448131084442139,1.4543730020523071,0.6666666666666666,2.9396908283233643,0.03333333333333333,0.03333333333333333,3.257396936416626,0.65,0.03333333333333333,0.3,0.6666666666666666
R12,B47,0.3,0.03666666666666667,0.03666666666666667,3.9195234775543213,2.2777841091156006,1.8448131084442139,1.4543730020523071,0.65,1.0116009712219238,0.05,0.0,2.6309726238250732,0.6666666666666666,0.0,0.0,0.016666666666666666
R12,B47,0.6,0.03666666666666667,0.03666666666666667,3.9195234775543213,2.2777841091156006,1.8448131084442139,1.4543730020523071,0.6666666666666666,1.0116009712219238,0.05,0.0,3.2874515056610107,0.6666666666666666,0.0,0.0,0.016666666666666666
R12,B47,0.9,0.03666666666666667,0.03666666666666667,3.9195234775543213,2.2777841091156006,1.8448131084442139,1.4543730020523071,0.6666666666666666,1.0116009712219238,0.05,0.0,3.6803886890411377,0.6666666666666666,0.016666666666666666,0.5833333333333334,0.6833333333333333
R12,B48,0.3,0.03666666666666667,0.03666666666666667,3.9195234775543213,2.2777841091156006,1.8448131084442139,1.4543730020523071,0.65,0.6259384155273438,0.016666666666666666,0.016666666666666666,0.40728163719177246,0.65,0.0,0.0,0.016666666666666666
R12,B48,0.6,0.03666666666666667,0.03666666666666667,3.9195234775543213,2.2777841091156006,1.8448131084442139,1.4543730020523071,0.6666666666666666,0.6259384155273438,0.016666666666666666,0.016666666666666666,0.6958707571029663,0.65,0.0,0.0,0.016666666666666666
R12,B48,0.9,0.03666666666666667,0.03666666666666667,3.9195234775543213,2.2777841091156006,1.8448131084442139,1.4543730020523071,0.6666666666666666,0.6259384155273438,0.016666666666666666,0.016666666666666666,0.9195581078529358,0.65,0.0,0.0,0.016666666666666666
R12,B49,0.3,0.03666666666666667,0.03666666666666667,3.9195234775543213,2.2777841091156006,1.8448131084442139,1.4543730020523071,0.65,0.783901572227478,0.016666666666666666,0.016666666666666666,2.7267231941223145,0.65,0.016666666666666666,0.11666666666666667,0.13333333333333333
R12,B49,0.6,0.03666666666666667,0.03666666666666667,3.9195234775543213,2.2777841091156006,1.8448131084442139,1.4543730020523071,0.6666666666666666,0.783901572227478,0.016666666666666666,0.016666666666666666,3.3866066932678223,0.65,0.016666666666666666,0.11666666666666667,0.5833333333333334
R12,B49,0.9,0.03666666666666667,0.03666666666666667,3.9195234775543213,2.2777841091156006,1.8448131084442139,1.4543730020523071,0.6666666666666666,0.783901572227478,0.016666666666666666,0.016666666666666666,3.780733108520508,0.65,0.016666666666666666,0.31666666666666665,0.6666666666666666
R12,B50,0.3,0.03666666666666667,0.03666666666666667,3.9195234775543213,2.2777841091156006,1.8448131084442139,1.4543730020523071,0.65,1.7681496143341064,0.016666666666666666,0.016666666666666666,1.728432297706604,0.65,0.0,0.0,0.016666666666666666
R12,B50,0.6,0.03666666666666667,0.03666666666666667,3.9195234775543213,2.2777841091156006,1.8448131084442139,1.4543730020523071,0.6666666666666666,1.7681496143341064,0.016666666666666666,0.016666666666666666,2.3286073207855225,0.65,0.016666666666666666,0.11666666666666667,0.5833333333333334
R12,B50,0.9,0.03666666666666667,0.03666666666666667,3.9195234775543213,2.2777841091156006,1.8448131084442139,1.4543730020523071,0.6666666666666666,1.7681496143341064,0.016666666666666666,0.016666666666666666,2.7010560035705566,0.65,0.016666666666666666,0.3,0.6666666666666666
R12,B51,0.3,0.03666666666666667,0.03666666666666667,3.9195234775543213,2.2777841091156006,1.8448131084442139,1.4543730020523071,0.65,0.7884573936462402,0.016666666666666666,0.016666666666666666,0.18004624545574188,0.65,0.0,0.0,0.016666666666666666
R12,B51,0.6,0.03666666666666667,0.03666666666666667,3.9195234775543213,2.2777841091156006,1.8448131084442139,1.4543730020523071,0.6666666666666666,0.7884573936462402,0.016666666666666666,0.016666666666666666,0.332568496465683,0.65,0.0,0.0,0.016666666666666666
R12,B51,0.9,0.03666666666666667,0.03666666666666667,3.9195234775543213,2.2777841091156006,1.8448131084442139,1.4543730020523071,0.6666666666666666,0.7884573936462402,0.016666666666666666,0.016666666666666666,0.46487686038017273,0.65,0.0,0.0,0.016666666666666666
R12,B52,0.3,0.03666666666666667,0.03666666666666667,3.9195234775543213,2.2777841091156006,1.8448131084442139,1.4543730020523071,0.65,0.9932518005371094,0.03333333333333333,0.016666666666666666,3.2991647720336914,0.65,0.016666666666666666,0.23333333333333334,0.43333333333333335
R12,B52,0.6,0.03666666666666667,0.03666666666666667,3.9195234775543213,2.2777841091156006,1.8448131084442139,1.4543730020523071,0.6666666666666666,0.9932518005371094,0.03333333333333333,0.016666666666666666,3.973682403564453,0.65,0.016666666666666666,0.4666666666666667,0.5833333333333334
R12,B52,0.9,0.03666666666666667,0.03666666666666667,3.9195234775543213,2.2777841091156006,1.8448131084442139,1.4543730020523071,0.6666666666666666,0.9932518005371094,0.03333333333333333,0.016666666666666666,4.372859477996826,0.65,0.016666666666666666,0.5666666666666667,0.6666666666666666
R12,B53,0.3,0.03666666666666667,0.03666666666666667,3.9195234775543213,2.2777841091156006,1.8448131084442139,1.4543730020523071,0.65,0.6365768313407898,0.0,0.0,0.0,0.0,0.0,0.0,0.016666666666666666
R12,B53,0.6,0.03666666666666667,0.03666666666666667,3.9195234775543213,2.2777841091156006,1.8448131084442139,1.4543730020523071,0.6666666666666666,0.6365768313407898,0.0,0.0,0.0,0.0,0.0,0.0,0.016666666666666666
R12,B53,0.9,0.03666666666666667,0.03666666666666667,3.9195234775543213,2.2777841091156006,1.8448131084442139,1.4543730020523071,0.6666666666666666,0.6365768313407898,0.0,0.0,0.0,0.0,0.0,0.0,0.016666666666666666
R12,B54,0.3,0.03666666666666667,0.03666666666666667,3.9195234775543213,2.2777841091156006,1.8448131084442139,1.4543730020523071,0.65,1.9516081809997559,0.0,0.016666666666666666,0.0,0.0,0.0,0.0,0.016666666666666666
R12,B54,0.6,0.03666666666666667,0.03666666666666667,3.9195234775543213,2.2777841091156006,1.8448131084442139,1.4543730020523071,0.6666666666666666,1.9516081809997559,0.0,0.016666666666666666,0.0,0.0,0.0,0.0,0.016666666666666666
R12,B54,0.9,0.03666666666666667,0.03666666666666667,3.9195234775543213,2.2777841091156006,1.8448131084442139,1.4543730020523071,0.6666666666666666,1.9516081809997559,0.0,0.016666666666666666,0.0,0.0,0.0,0.0,0.016666666666666666
R12,B55,0.3,0.03666666666666667,0.03666666666666667,3.9195234775543213,2.2777841091156006,1.8448131084442139,1.4543730020523071,0.65,1.1151416301727295,0.03333333333333333,0.016666666666666666,1.792970895767212,0.65,0.0,0.0,0.016666666666666666
R12,B55,0.6,0.03666666666666667,0.03666666666666667,3.9195234775543213,2.2777841091156006,1.8448131084442139,1.4543730020523071,0.6666666666666666,1.1151416301727295,0.03333333333333333,0.016666666666666666,2.399216651916504,0.65,0.0,0.0,0.016666666666666666
R12,B55,0.9,0.03666666666666667,0.03666666666666667,3.9195234775543213,2.2777841091156006,1.8448131084442139,1.4543730020523071,0.6666666666666666,1.1151416301727295,0.03333333333333333,0.016666666666666666,2.773951292037964,0.65,0.016666666666666666,0.31666666666666665,0.6666666666666666
R12,B56,0.3,0.03666666666666667,0.03666666666666667,3.9195234775543213,2.2777841091156006,1.8448131084442139,1.4543730020523071,0.65,3.119718313217163,0.0,0.016666666666666666,0.0,0.0,0.0,0.0,0.016666666666666666
R12,B56,0.6,0.03666666666666667,0.03666666666666667,3.9195234775543213,2.2777841091156006,1.8448131084442139,1.4543730020523071,0.6666666666666666,3.119718313217163,0.0,0.016666666666666666,0.0,0.0,0.0,0.0,0.016666666666666666
R12,B56,0.9,0.03666666666666667,0.03666666666666667,3.9195234775543213,2.2777841091156006,1.8448131084442139,1.4543730020523071,0.6666666666666666,3.119718313217163,0.0,0.016666666666666666,0.0,0.0,0.0,0.0,0.016666666666666666
R12,B57,0.3,0.03666666666666667,0.03666666666666667,3.9195234775543213,2.2777841091156006,1.8448131084442139,1.4543730020523071,0.65,1.007957935333252,0.0,0.016666666666666666,0.0,0.0,0.0,0.0,0.016666666666666666
R12,B57,0.6,0.03666666666666667,0.03666666666666667,3.9195234775543213,2.2777841091156006,1.8448131084442139,1.4543730020523071,0.6666666666666666,1.007957935333252,0.0,0.016666666666666666,0.0,0.0,0.0,0.0,0.016666666666666666
R12,B57,0.9,0.03666666666666667,0.03666666666666667,3.9195234775543213,2.2777841091156006,1.8448131084442139,1.4543730020523071,0.6666666666666666,1.007957935333252,0.0,0.016666666666666666,0.0,0.0,0.0,0.0,0.016666666666666666
R12,B58,0.3,0.03666666666666667,0.03666666666666667,3.9195234775543213,2.2777841091156006,1.8448131084442139,1.4543730020523071,0.65,0.5306282043457031,0.03333333333333333,0.0,2.0675528049468994,0.6666666666666666,0.0,0.0,0.016666666666666666
R12,B58,0.6,0.03666666666666667,0.03666666666666667,3.9195234775543213,2.2777841091156006,1.8448131084442139,1.4543730020523071,0.6666666666666666,0.5306282043457031,0.03333333333333333,0.0,2.695363998413086,0.6666666666666666,0.0,0.0,0.016666666666666666
R12,B58,0.9,0.03666666666666667,0.03666666666666667,3.9195234775543213,2.2777841091156006,1.8448131084442139,1.4543730020523071,0.6666666666666666,0.5306282043457031,0.03333333333333333,0.0,3.078065872192383,0.6666666666666666,0.0,0.0,0.016666666666666666
R12,B59,0.3,0.03666666666666667,0.03666666666666667,3.9195234775543213,2.2777841091156006,1.8448131084442139,1.4543730020523071,0.65,3.140265464782715,0.16666666666666666,0.23333333333333334,3.9728615283966064,0.65,0.08333333333333333,0.08333333333333333,0.1
R12,B59,0.6,0.03666666666666667,0.03666666666666667,3.9195234775543213,2.2777841091156006,1.8448131084442139,1.4543730020523071,0.6666666666666666,3.140265464782715,0.16666666666666666,0.23333333333333334,4.656554222106934,0.65,0.11666666666666667,0.11666666666666667,0.5833333333333334
R12,B59,0.9,0.03666666666666667,0.03666666666666667,3.9195234775543213,2.2777841091156006,1.8448131084442139,1.4543730020523071,0.6666666666666666,3.140265464782715,0.16666666666666666,0.23333333333333334,5.058847904205322,0.65,0.13333333333333333,0.3,0.6666666666666666
R12,B60,0.3,0.03666666666666667,0.03666666666666667,3.9195234775543213,2.2777841091156006,1.8448131084442139,1.4543730020523071,0.65,2.887590169906616,0.0,0.016666666666666666,0.0,0.0,0.0,0.0,0.016666666666666666
R12,B60,0.6,0.03666666666666667,0.03666666666666667,3.9195234775543213,2.2777841091156006,1.8448131084442139,1.4543730020523071,0.6666666666666666,2.887590169906616,0.0,0.016666666666666666,0.0,0.0,0.0,0.0,0.016666666666666666
R12,B60,0.9,0.03666666666666667,0.03666666666666667,3.9195234775543213,2.2777841091156006,1.8448131084442139,1.4543730020523071,0.6666666666666666,2.887590169906616,0.0,0.016666666666666666,0.0,0.0,0.0,0.0,0.016666666666666666
