reseau_id,usage,origine,lambda,n_defauts,y,n_etapes,nouveaux_par_etape,defauts_finaux,capital_origine,degre_entrant,degre_sortant,poids_entrants,poids_sortants,atteignables_deux_relations
R01,apprentissage,B01,0.3,1,0.0,0,,B01,29.68,1,1,159.26,43.54,9
R01,apprentissage,B01,0.6,5,0.06779661016949153,2,1;3,B01;B17;B24;B45;B46,29.68,1,1,159.26,43.54,9
R01,apprentissage,B01,0.9,5,0.06779661016949153,2,1;3,B01;B17;B24;B45;B46,29.68,1,1,159.26,43.54,9
R01,apprentissage,B02,0.3,4,0.05084745762711865,1,3,B02;B42;B44;B48,59.52,13,10,662.5,449.86999999999995,29
R01,apprentissage,B02,0.6,45,0.7457627118644068,6,6;4;6;10;13;5,B01;B02;B04;B05;B06;B07;B10;B11;B12;B13;B16;B17;B18;B19;B21;B22;B23;B24;B25;B27;B28;B31;B32;B35;B36;B37;B38;B39;B40;B41;B42;B43;B44;B45;B46;B47;B48;B49;B52;B54;B56;B57;B58;B59;B60,59.52,13,10,662.5,449.86999999999995,29
R01,apprentissage,B02,0.9,45,0.7457627118644068,6,7;4;5;10;13;5,B01;B02;B04;B05;B06;B07;B10;B11;B12;B13;B16;B17;B18;B19;B21;B22;B23;B24;B25;B27;B28;B31;B32;B35;B36;B37;B38;B39;B40;B41;B42;B43;B44;B45;B46;B47;B48;B49;B52;B54;B56;B57;B58;B59;B60,59.52,13,10,662.5,449.86999999999995,29
R01,apprentissage,B03,0.3,8,0.11864406779661017,4,1;3;1;2,B01;B03;B17;B19;B35;B45;B46;B49,5.83,0,2,0.0,218.63,16
R01,apprentissage,B03,0.6,23,0.3728813559322034,5,1;6;6;7;2,B01;B03;B06;B10;B17;B19;B22;B23;B24;B25;B27;B32;B35;B36;B37;B39;B40;B43;B45;B46;B49;B54;B58,5.83,0,2,0.0,218.63,16
R01,apprentissage,B03,0.9,23,0.3728813559322034,5,1;6;6;7;2,B01;B03;B06;B10;B17;B19;B22;B23;B24;B25;B27;B32;B35;B36;B37;B39;B40;B43;B45;B46;B49;B54;B58,5.83,0,2,0.0,218.63,16
R01,apprentissage,B04,0.3,1,0.0,0,,B04,9.39,1,2,76.66,147.95,15
R01,apprentissage,B04,0.6,45,0.7457627118644068,7,1;6;4;6;10;12;5,B01;B02;B04;B05;B06;B07;B10;B11;B12;B13;B16;B17;B18;B19;B21;B22;B23;B24;B25;B27;B28;B31;B32;B35;B36;B37;B38;B39;B40;B41;B42;B43;B44;B45;B46;B47;B48;B49;B52;B54;B56;B57;B58;B59;B60,9.39,1,2,76.66,147.95,15
R01,apprentissage,B04,0.9,45,0.7457627118644068,7,1;7;4;5;10;12;5,B01;B02;B04;B05;B06;B07;B10;B11;B12;B13;B16;B17;B18;B19;B21;B22;B23;B24;B25;B27;B28;B31;B32;B35;B36;B37;B38;B39;B40;B41;B42;B43;B44;B45;B46;B47;B48;B49;B52;B54;B56;B57;B58;B59;B60,9.39,1,2,76.66,147.95,15
R01,apprentissage,B05,0.3,1,0.0,0,,B05,1.99,1,1,16.88,36.01,8
R01,apprentissage,B05,0.6,1,0.0,0,,B05,1.99,1,1,16.88,36.01,8
R01,apprentissage,B05,0.9,1,0.0,0,,B05,1.99,1,1,16.88,36.01,8
R01,apprentissage,B06,0.3,1,0.0,0,,B06,1.33,1,2,8.81,164.29,15
R01,apprentissage,B06,0.6,5,0.06779661016949153,2,1;3,B06;B24;B25;B37;B43,1.33,1,2,8.81,164.29,15
R01,apprentissage,B06,0.9,22,0.3559322033898305,5,1;5;10;3;2,B01;B06;B10;B17;B19;B22;B23;B24;B25;B27;B32;B35;B36;B37;B39;B40;B43;B45;B46;B49;B54;B58,1.33,1,2,8.81,164.29,15
R01,apprentissage,B07,0.3,1,0.0,0,,B07,3.68,1,2,26.5,132.65,14
R01,apprentissage,B07,0.6,45,0.7457627118644068,9,1;4;5;5;6;6;4;3;10,B01;B02;B04;B05;B06;B07;B10;B11;B12;B13;B16;B17;B18;B19;B21;B22;B23;B24;B25;B27;B28;B31;B32;B35;B36;B37;B38;B39;B40;B41;B42;B43;B44;B45;B46;B47;B48;B49;B52;B54;B56;B57;B58;B59;B60,3.68,1,2,26.5,132.65,14
R01,apprentissage,B07,0.9,45,0.7457627118644068,5,1;5;10;14;14,B01;B02;B04;B05;B06;B07;B10;B11;B12;B13;B16;B17;B18;B19;B21;B22;B23;B24;B25;B27;B28;B31;B32;B35;B36;B37;B38;B39;B40;B41;B42;B43;B44;B45;B46;B47;B48;B49;B52;B54;B56;B57;B58;B59;B60,3.68,1,2,26.5,132.65,14
R01,apprentissage,B08,0.3,1,0.0,0,,B08,0.57,0,1,0.0,134.07,10
R01,apprentissage,B08,0.6,6,0.0847457627118644,2,1;4,B06;B08;B24;B25;B37;B43,0.57,0,1,0.0,134.07,10
R01,apprentissage,B08,0.9,23,0.3728813559322034,6,1;5;6;5;3;2,B01;B06;B08;B10;B17;B19;B22;B23;B24;B25;B27;B32;B35;B36;B37;B39;B40;B43;B45;B46;B49;B54;B58,0.57,0,1,0.0,134.07,10
R01,apprentissage,B09,0.3,1,0.0,0,,B09,4.7,0,2,0.0,155.88,16
R01,apprentissage,B09,0.6,23,0.3728813559322034,4,1;6;8;7,B01;B06;B09;B10;B17;B19;B22;B23;B24;B25;B27;B32;B35;B36;B37;B39;B40;B43;B45;B46;B49;B54;B58,4.7,0,2,0.0,155.88,16
R01,apprentissage,B09,0.9,23,0.3728813559322034,4,2;10;8;2,B01;B06;B09;B10;B17;B19;B22;B23;B24;B25;B27;B32;B35;B36;B37;B39;B40;B43;B45;B46;B49;B54;B58,4.7,0,2,0.0,155.88,16
R01,apprentissage,B10,0.3,1,0.0,0,,B10,11.3,1,1,23.29,34.55,6
R01,apprentissage,B10,0.6,1,0.0,0,,B10,11.3,1,1,23.29,34.55,6
R01,apprentissage,B10,0.9,22,0.3559322033898305,5,1;3;5;7;5,B01;B06;B10;B17;B19;B22;B23;B24;B25;B27;B32;B35;B36;B37;B39;B40;B43;B45;B46;B49;B54;B58,11.3,1,1,23.29,34.55,6
R01,apprentissage,B11,0.3,24,0.3898305084745763,8,1;4;1;4;2;6;3;2,B02;B04;B07;B11;B12;B13;B17;B18;B21;B23;B28;B36;B40;B41;B42;B44;B45;B46;B47;B48;B52;B56;B59;B60,23.47,2,2,48.16,441.92,14
R01,apprentissage,B11,0.6,45,0.7457627118644068,6,2;10;8;13;6;5,B01;B02;B04;B05;B06;B07;B10;B11;B12;B13;B16;B17;B18;B19;B21;B22;B23;B24;B25;B27;B28;B31;B32;B35;B36;B37;B38;B39;B40;B41;B42;B43;B44;B45;B46;B47;B48;B49;B52;B54;B56;B57;B58;B59;B60,23.47,2,2,48.16,441.92,14
R01,apprentissage,B11,0.9,45,0.7457627118644068,5,2;11;13;13;5,B01;B02;B04;B05;B06;B07;B10;B11;B12;B13;B16;B17;B18;B19;B21;B22;B23;B24;B25;B27;B28;B31;B32;B35;B36;B37;B38;B39;B40;B41;B42;B43;B44;B45;B46;B47;B48;B49;B52;B54;B56;B57;B58;B59;B60,23.47,2,2,48.16,441.92,14
R01,apprentissage,B12,0.3,1,0.0,0,,B12,11.47,3,1,56.93,24.0,10
R01,apprentissage,B12,0.6,1,0.0,0,,B12,11.47,3,1,56.93,24.0,10
R01,apprentissage,B12,0.9,1,0.0,0,,B12,11.47,3,1,56.93,24.0,10
R01,apprentissage,B13,0.3,1,0.0,0,,B13,6.51,1,1,35.12,81.85,9
R01,apprentissage,B13,0.6,1,0.0,0,,B13,6.51,1,1,35.12,81.85,9
R01,apprentissage,B13,0.9,1,0.0,0,,B13,6.51,1,1,35.12,81.85,9
R01,apprentissage,B14,0.3,1,0.0,0,,B14,1.76,0,1,0.0,61.64,8
R01,apprentissage,B14,0.6,46,0.7627118644067796,11,1;4;5;5;6;6;4;2;6;1;5,B01;B02;B04;B05;B06;B07;B10;B11;B12;B13;B14;B16;B17;B18;B19;B21;B22;B23;B24;B25;B27;B28;B31;B32;B35;B36;B37;B38;B39;B40;B41;B42;B43;B44;B45;B46;B47;B48;B49;B52;B54;B56;B57;B58;B59;B60,1.76,0,1,0.0,61.64,8
R01,apprentissage,B14,0.9,46,0.7627118644067796,6,1;5;10;13;11;5,B01;B02;B04;B05;B06;B07;B10;B11;B12;B13;B14;B16;B17;B18;B19;B21;B22;B23;B24;B25;B27;B28;B31;B32;B35;B36;B37;B38;B39;B40;B41;B42;B43;B44;B45;B46;B47;B48;B49;B52;B54;B56;B57;B58;B59;B60,1.76,0,1,0.0,61.64,8
R01,apprentissage,B15,0.3,1,0.0,0,,B15,5.13,0,2,0.0,36.33,16
R01,apprentissage,B15,0.6,1,0.0,0,,B15,5.13,0,2,0.0,36.33,16
R01,apprentissage,B15,0.9,1,0.0,0,,B15,5.13,0,2,0.0,36.33,16
R01,apprentissage,B16,0.3,6,0.0847457627118644,2,3;2,B05;B16;B21;B28;B47;B57,79.6,8,8,703.3799999999999,264.32,24
R01,apprentissage,B16,0.6,45,0.7457627118644068,8,3;4;6;9;7;9;1;5,B01;B02;B04;B05;B06;B07;B10;B11;B12;B13;B16;B17;B18;B19;B21;B22;B23;B24;B25;B27;B28;B31;B32;B35;B36;B37;B38;B39;B40;B41;B42;B43;B44;B45;B46;B47;B48;B49;B52;B54;B56;B57;B58;B59;B60,79.6,8,8,703.3799999999999,264.32,24
R01,apprentissage,B16,0.9,45,0.7457627118644068,6,4;4;7;13;11;5,B01;B02;B04;B05;B06;B07;B10;B11;B12;B13;B16;B17;B18;B19;B21;B22;B23;B24;B25;B27;B28;B31;B32;B35;B36;B37;B38;B39;B40;B41;B42;B43;B44;B45;B46;B47;B48;B49;B52;B54;B56;B57;B58;B59;B60,79.6,8,8,703.3799999999999,264.32,24
R01,apprentissage,B17,0.3,1,0.0,0,,B17,7.49,1,0,30.16,0.0,0
R01,apprentissage,B17,0.6,1,0.0,0,,B17,7.49,1,0,30.16,0.0,0
R01,apprentissage,B17,0.9,1,0.0,0,,B17,7.49,1,0,30.16,0.0,0
R01,apprentissage,B18,0.3,1,0.0,0,,B18,62.68,1,0,433.89,0.0,0
R01,apprentissage,B18,0.6,1,0.0,0,,B18,62.68,1,0,433.89,0.0,0
R01,apprentissage,B18,0.9,1,0.0,0,,B18,62.68,1,0,433.89,0.0,0
R01,apprentissage,B19,0.3,4,0.05084745762711865,1,3,B01;B19;B35;B49,50.98,9,9,365.06,546.8199999999999,25
R01,apprentissage,B19,0.6,22,0.3559322033898305,4,6;6;7;2,B01;B06;B10;B17;B19;B22;B23;B24;B25;B27;B32;B35;B36;B37;B39;B40;B43;B45;B46;B49;B54;B58,50.98,9,9,365.06,546.8199999999999,25
R01,apprentissage,B19,0.9,22,0.3559322033898305,4,6;6;7;2,B01;B06;B10;B17;B19;B22;B23;B24;B25;B27;B32;B35;B36;B37;B39;B40;B43;B45;B46;B49;B54;B58,50.98,9,9,365.06,546.8199999999999,25
R01,apprentissage,B20,0.3,1,0.0,0,,B20,3.55,0,0,0.0,0.0,0
R01,apprentissage,B20,0.6,1,0.0,0,,B20,3.55,0,0,0.0,0.0,0
R01,apprentissage,B20,0.9,1,0.0,0,,B20,3.55,0,0,0.0,0.0,0
R01,apprentissage,B21,0.3,1,0.0,0,,B21,18.34,2,1,128.97,15.13,11
R01,apprentissage,B21,0.6,1,0.0,0,,B21,18.34,2,1,128.97,15.13,11
R01,apprentissage,B21,0.9,1,0.0,0,,B21,18.34,2,1,128.97,15.13,11
R01,apprentissage,B22,0.3,1,0.0,0,,B22,6.71,1,1,65.35,53.63,6
R01,apprentissage,B22,0.6,4,0.05084745762711865,2,1;2,B10;B22;B27;B32,6.71,1,1,65.35,53.63,6
R01,apprentissage,B22,0.9,22,0.3559322033898305,5,1;3;5;7;5,B01;B06;B10;B17;B19;B22;B23;B24;B25;B27;B32;B35;B36;B37;B39;B40;B43;B45;B46;B49;B54;B58,6.71,1,1,65.35,53.63,6
R01,apprentissage,B23,0.3,1,0.0,0,,B23,5.26,2,2,30.12,32.57,15
R01,apprentissage,B23,0.6,1,0.0,0,,B23,5.26,2,2,30.12,32.57,15
R01,apprentissage,B23,0.9,1,0.0,0,,B23,5.26,2,2,30.12,32.57,15
R01,apprentissage,B24,0.3,1,0.0,0,,B24,6.3,2,0,65.36,0.0,0
R01,apprentissage,B24,0.6,1,0.0,0,,B24,6.3,2,0,65.36,0.0,0
R01,apprentissage,B24,0.9,1,0.0,0,,B24,6.3,2,0,65.36,0.0,0
R01,apprentissage,B25,0.3,1,0.0,0,,B25,10.89,1,0,29.22,0.0,0
R01,apprentissage,B25,0.6,1,0.0,0,,B25,10.89,1,0,29.22,0.0,0
R01,apprentissage,B25,0.9,1,0.0,0,,B25,10.89,1,0,29.22,0.0,0
R01,apprentissage,B26,0.3,1,0.0,0,,B26,1.39,0,2,0.0,334.04,14
R01,apprentissage,B26,0.6,46,0.7627118644067796,7,1;5;5;12;11;6;5,B01;B02;B04;B05;B06;B07;B10;B11;B12;B13;B16;B17;B18;B19;B21;B22;B23;B24;B25;B26;B27;B28;B31;B32;B35;B36;B37;B38;B39;B40;B41;B42;B43;B44;B45;B46;B47;B48;B49;B52;B54;B56;B57;B58;B59;B60,1.39,0,2,0.0,334.04,14
R01,apprentissage,B26,0.9,46,0.7627118644067796,5,1;6;11;17;10,B01;B02;B04;B05;B06;B07;B10;B11;B12;B13;B16;B17;B18;B19;B21;B22;B23;B24;B25;B26;B27;B28;B31;B32;B35;B36;B37;B38;B39;B40;B41;B42;B43;B44;B45;B46;B47;B48;B49;B52;B54;B56;B57;B58;B59;B60,1.39,0,2,0.0,334.04,14
R01,apprentissage,B27,0.3,3,0.03389830508474576,1,2,B22;B27;B32,22.98,7,6,156.11,248.95999999999998,19
R01,apprentissage,B27,0.6,4,0.05084745762711865,1,3,B10;B22;B27;B32,22.98,7,6,156.11,248.95999999999998,19
R01,apprentissage,B27,0.9,22,0.3559322033898305,4,4;5;7;5,B01;B06;B10;B17;B19;B22;B23;B24;B25;B27;B32;B35;B36;B37;B39;B40;B43;B45;B46;B49;B54;B58,22.98,7,6,156.11,248.95999999999998,19
R01,apprentissage,B28,0.3,1,0.0,0,,B28,4.26,1,0,14.76,0.0,0
R01,apprentissage,B28,0.6,1,0.0,0,,B28,4.26,1,0,14.76,0.0,0
R01,apprentissage,B28,0.9,1,0.0,0,,B28,4.26,1,0,14.76,0.0,0
R01,apprentissage,B29,0.3,4,0.05084745762711865,2,1;2,B17;B29;B45;B46,0.69,0,1,0.0,73.19,9
R01,apprentissage,B29,0.6,5,0.06779661016949153,2,1;3,B17;B24;B29;B45;B46,0.69,0,1,0.0,73.19,9
R01,apprentissage,B29,0.9,5,0.06779661016949153,2,1;3,B17;B24;B29;B45;B46,0.69,0,1,0.0,73.19,9
R01,apprentissage,B30,0.3,1,0.0,0,,B30,4.48,0,2,0.0,8.129999999999999,17
R01,apprentissage,B30,0.6,1,0.0,0,,B30,4.48,0,2,0.0,8.129999999999999,17
R01,apprentissage,B30,0.9,1,0.0,0,,B30,4.48,0,2,0.0,8.129999999999999,17
R01,apprentissage,B31,0.3,1,0.0,0,,B31,33.3,1,1,110.13,59.99,12
R01,apprentissage,B31,0.6,1,0.0,0,,B31,33.3,1,1,110.13,59.99,12
R01,apprentissage,B31,0.9,1,0.0,0,,B31,33.3,1,1,110.13,59.99,12
R01,apprentissage,B32,0.3,1,0.0,0,,B32,20.64,2,0,119.71,0.0,0
R01,apprentissage,B32,0.6,1,0.0,0,,B32,20.64,2,0,119.71,0.0,0
R01,apprentissage,B32,0.9,1,0.0,0,,B32,20.64,2,0,119.71,0.0,0
R01,apprentissage,B33,0.3,1,0.0,0,,B33,3.65,0,1,0.0,16.48,7
R01,apprentissage,B33,0.6,1,0.0,0,,B33,3.65,0,1,0.0,16.48,7
R01,apprentissage,B33,0.9,1,0.0,0,,B33,3.65,0,1,0.0,16.48,7
R01,apprentissage,B34,0.3,7,0.1016949152542373,3,1;3;2,B05;B16;B21;B28;B34;B47;B57,2.21,0,2,0.0,451.38,16
R01,apprentissage,B34,0.6,46,0.7627118644067796,8,1;3;4;6;9;7;10;5,B01;B02;B04;B05;B06;B07;B10;B11;B12;B13;B16;B17;B18;B19;B21;B22;B23;B24;B25;B27;B28;B31;B32;B34;B35;B36;B37;B38;B39;B40;B41;B42;B43;B44;B45;B46;B47;B48;B49;B52;B54;B56;B57;B58;B59;B60,2.21,0,2,0.0,451.38,16
R01,apprentissage,B34,0.9,46,0.7627118644067796,7,1;4;4;7;13;11;5,B01;B02;B04;B05;B06;B07;B10;B11;B12;B13;B16;B17;B18;B19;B21;B22;B23;B24;B25;B27;B28;B31;B32;B34;B35;B36;B37;B38;B39;B40;B41;B42;B43;B44;B45;B46;B47;B48;B49;B52;B54;B56;B57;B58;B59;B60,2.21,0,2,0.0,451.38,16
R01,apprentissage,B35,0.3,1,0.0,0,,B35,26.96,2,1,160.23,12.11,9
R01,apprentissage,B35,0.6,1,0.0,0,,B35,26.96,2,1,160.23,12.11,9
R01,apprentissage,B35,0.9,1,0.0,0,,B35,26.96,2,1,160.23,12.11,9
R01,apprentissage,B36,0.3,3,0.03389830508474576,1,2,B23;B36;B40,27.1,11,9,385.56999999999994,559.23,29
R01,apprentissage,B36,0.6,22,0.3559322033898305,4,5;5;6;5,B01;B06;B10;B17;B19;B22;B23;B24;B25;B27;B32;B35;B36;B37;B39;B40;B43;B45;B46;B49;B54;B58,27.1,11,9,385.56999999999994,559.23,29
R01,apprentissage,B36,0.9,22,0.3559322033898305,3,6;8;7,B01;B06;B10;B17;B19;B22;B23;B24;B25;B27;B32;B35;B36;B37;B39;B40;B43;B45;B46;B49;B54;B58,27.1,11,9,385.56999999999994,559.23,29
R01,apprentissage,B37,0.3,4,0.05084745762711865,1,3,B06;B24;B37;B43,58.9,9,9,613.82,321.46,28
R01,apprentissage,B37,0.6,5,0.06779661016949153,1,4,B06;B24;B25;B37;B43,58.9,9,9,613.82,321.46,28
R01,apprentissage,B37,0.9,22,0.3559322033898305,5,5;6;5;3;2,B01;B06;B10;B17;B19;B22;B23;B24;B25;B27;B32;B35;B36;B37;B39;B40;B43;B45;B46;B49;B54;B58,58.9,9,9,613.82,321.46,28
R01,apprentissage,B38,0.3,13,0.2033898305084746,5,1;4;1;4;2,B02;B04;B07;B18;B21;B28;B38;B41;B42;B44;B47;B48;B60,14.51,1,1,32.4,536.57,11
R01,apprentissage,B38,0.6,45,0.7457627118644068,7,1;4;2;10;12;10;5,B01;B02;B04;B05;B06;B07;B10;B11;B12;B13;B16;B17;B18;B19;B21;B22;B23;B24;B25;B27;B28;B31;B32;B35;B36;B37;B38;B39;B40;B41;B42;B43;B44;B45;B46;B47;B48;B49;B52;B54;B56;B57;B58;B59;B60,14.51,1,1,32.4,536.57,11
R01,apprentissage,B38,0.9,45,0.7457627118644068,7,1;4;2;12;14;6;5,B01;B02;B04;B05;B06;B07;B10;B11;B12;B13;B16;B17;B18;B19;B21;B22;B23;B24;B25;B27;B28;B31;B32;B35;B36;B37;B38;B39;B40;B41;B42;B43;B44;B45;B46;B47;B48;B49;B52;B54;B56;B57;B58;B59;B60,14.51,1,1,32.4,536.57,11
R01,apprentissage,B39,0.3,1,0.0,0,,B39,39.26,1,0,75.09,0.0,0
R01,apprentissage,B39,0.6,1,0.0,0,,B39,39.26,1,0,75.09,0.0,0
R01,apprentissage,B39,0.9,1,0.0,0,,B39,39.26,1,0,75.09,0.0,0
R01,apprentissage,B40,0.3,1,0.0,0,,B40,16.34,1,3,194.04,63.92999999999999,17
R01,apprentissage,B40,0.6,1,0.0,0,,B40,16.34,1,3,194.04,63.92999999999999,17
R01,apprentissage,B40,0.9,22,0.3559322033898305,4,1;5;8;7,B01;B06;B10;B17;B19;B22;B23;B24;B25;B27;B32;B35;B36;B37;B39;B40;B43;B45;B46;B49;B54;B58,16.34,1,3,194.04,63.92999999999999,17
R01,apprentissage,B41,0.3,1,0.0,0,,B41,3.22,1,3,29.27,216.95000000000002,19
R01,apprentissage,B41,0.6,45,0.7457627118644068,7,1;6;4;6;10;12;5,B01;B02;B04;B05;B06;B07;B10;B11;B12;B13;B16;B17;B18;B19;B21;B22;B23;B24;B25;B27;B28;B31;B32;B35;B36;B37;B38;B39;B40;B41;B42;B43;B44;B45;B46;B47;B48;B49;B52;B54;B56;B57;B58;B59;B60,3.22,1,3,29.27,216.95000000000002,19
R01,apprentissage,B41,0.9,45,0.7457627118644068,7,1;7;5;9;9;8;5,B01;B02;B04;B05;B06;B07;B10;B11;B12;B13;B16;B17;B18;B19;B21;B22;B23;B24;B25;B27;B28;B31;B32;B35;B36;B37;B38;B39;B40;B41;B42;B43;B44;B45;B46;B47;B48;B49;B52;B54;B56;B57;B58;B59;B60,3.22,1,3,29.27,216.95000000000002,19
R01,apprentissage,B42,0.3,1,0.0,0,,B42,14.67,2,2,125.18,17.99,13
R01,apprentissage,B42,0.6,1,0.0,0,,B42,14.67,2,2,125.18,17.99,13
R01,apprentissage,B42,0.9,1,0.0,0,,B42,14.67,2,2,125.18,17.99,13
R01,apprentissage,B43,0.3,1,0.0,0,,B43,14.06,1,0,95.44,0.0,0
R01,apprentissage,B43,0.6,1,0.0,0,,B43,14.06,1,0,95.44,0.0,0
R01,apprentissage,B43,0.9,1,0.0,0,,B43,14.06,1,0,95.44,0.0,0
R01,apprentissage,B44,0.3,1,0.0,0,,B44,13.6,3,1,77.66,62.47,10
R01,apprentissage,B44,0.6,1,0.0,0,,B44,13.6,3,1,77.66,62.47,10
R01,apprentissage,B44,0.9,1,0.0,0,,B44,13.6,3,1,77.66,62.47,10
R01,apprentissage,B45,0.3,1,0.0,0,,B45,5.96,1,0,21.89,0.0,0
R01,apprentissage,B45,0.6,1,0.0,0,,B45,5.96,1,0,21.89,0.0,0
R01,apprentissage,B45,0.9,1,0.0,0,,B45,5.96,1,0,21.89,0.0,0
R01,apprentissage,B46,0.3,3,0.03389830508474576,1,2,B17;B45;B46,16.9,7,8,237.86999999999998,179.76999999999998,24
R01,apprentissage,B46,0.6,4,0.05084745762711865,1,3,B17;B24;B45;B46,16.9,7,8,237.86999999999998,179.76999999999998,24
R01,apprentissage,B46,0.9,4,0.05084745762711865,1,3,B17;B24;B45;B46,16.9,7,8,237.86999999999998,179.76999999999998,24
R01,apprentissage,B47,0.3,3,0.03389830508474576,1,2,B21;B28;B47,31.29,9,7,410.70000000000005,392.75,28
R01,apprentissage,B47,0.6,45,0.7457627118644068,10,4;5;5;6;6;4;2;6;1;5,B01;B02;B04;B05;B06;B07;B10;B11;B12;B13;B16;B17;B18;B19;B21;B22;B23;B24;B25;B27;B28;B31;B32;B35;B36;B37;B38;B39;B40;B41;B42;B43;B44;B45;B46;B47;B48;B49;B52;B54;B56;B57;B58;B59;B60,31.29,9,7,410.70000000000005,392.75,28
R01,apprentissage,B47,0.9,45,0.7457627118644068,5,5;10;13;11;5,B01;B02;B04;B05;B06;B07;B10;B11;B12;B13;B16;B17;B18;B19;B21;B22;B23;B24;B25;B27;B28;B31;B32;B35;B36;B37;B38;B39;B40;B41;B42;B43;B44;B45;B46;B47;B48;B49;B52;B54;B56;B57;B58;B59;B60,31.29,9,7,410.70000000000005,392.75,28
R01,apprentissage,B48,0.3,1,0.0,0,,B48,1.55,1,1,20.27,26.03,9
R01,apprentissage,B48,0.6,1,0.0,0,,B48,1.55,1,1,20.27,26.03,9
R01,apprentissage,B48,0.9,1,0.0,0,,B48,1.55,1,1,20.27,26.03,9
R01,apprentissage,B49,0.3,1,0.0,0,,B49,2.09,1,0,14.98,0.0,0
R01,apprentissage,B49,0.6,1,0.0,0,,B49,2.09,1,0,14.98,0.0,0
R01,apprentissage,B49,0.9,1,0.0,0,,B49,2.09,1,0,14.98,0.0,0
R01,apprentissage,B50,0.3,1,0.0,0,,B50,1.32,0,1,0.0,32.43,11
R01,apprentissage,B50,0.6,1,0.0,0,,B50,1.32,0,1,0.0,32.43,11
R01,apprentissage,B50,0.9,1,0.0,0,,B50,1.32,0,1,0.0,32.43,11
R01,apprentissage,B51,0.3,1,0.0,0,,B51,2.45,0,2,0.0,37.77,16
R01,apprentissage,B51,0.6,1,0.0,0,,B51,2.45,0,2,0.0,37.77,16
R01,apprentissage,B51,0.9,1,0.0,0,,B51,2.45,0,2,0.0,37.77,16
R01,apprentissage,B52,0.3,13,0.2033898305084746,5,1;4;1;4;2,B02;B04;B07;B18;B21;B28;B41;B42;B44;B47;B48;B52;B60,3.34,1,1,25.86,452.59,12
R01,apprentissage,B52,0.6,45,0.7457627118644068,7,1;5;2;10;12;9;5,B01;B02;B04;B05;B06;B07;B10;B11;B12;B13;B16;B17;B18;B19;B21;B22;B23;B24;B25;B27;B28;B31;B32;B35;B36;B37;B38;B39;B40;B41;B42;B43;B44;B45;B46;B47;B48;B49;B52;B54;B56;B57;B58;B59;B60,3.34,1,1,25.86,452.59,12
R01,apprentissage,B52,0.9,45,0.7457627118644068,7,1;5;2;12;13;6;5,B01;B02;B04;B05;B06;B07;B10;B11;B12;B13;B16;B17;B18;B19;B21;B22;B23;B24;B25;B27;B28;B31;B32;B35;B36;B37;B38;B39;B40;B41;B42;B43;B44;B45;B46;B47;B48;B49;B52;B54;B56;B57;B58;B59;B60,3.34,1,1,25.86,452.59,12
R01,apprentissage,B53,0.3,1,0.0,0,,B53,1.15,0,0,0.0,0.0,0
R01,apprentissage,B53,0.6,1,0.0,0,,B53,1.15,0,0,0.0,0.0,0
R01,apprentissage,B53,0.9,1,0.0,0,,B53,1.15,0,0,0.0,0.0,0
R01,apprentissage,B54,0.3,1,0.0,0,,B54,7.1,1,2,20.83,58.11,16
R01,apprentissage,B54,0.6,1,0.0,0,,B54,7.1,1,2,20.83,58.11,16
R01,apprentissage,B54,0.9,1,0.0,0,,B54,7.1,1,2,20.83,58.11,16
R01,apprentissage,B55,0.3,1,0.0,0,,B55,0.91,0,0,0.0,0.0,0
R01,apprentissage,B55,0.6,1,0.0,0,,B55,0.91,0,0,0.0,0.0,0
R01,apprentissage,B55,0.9,1,0.0,0,,B55,0.91,0,0,0.0,0.0,0
R01,apprentissage,B56,0.3,23,0.3728813559322034,7,4;1;4;2;6;3;2,B02;B04;B07;B12;B13;B17;B18;B21;B23;B28;B36;B40;B41;B42;B44;B45;B46;B47;B48;B52;B56;B59;B60,92.5,9,9,907.26,584.34,29
R01,apprentissage,B56,0.6,45,0.7457627118644068,6,5;5;12;11;6;5,B01;B02;B04;B05;B06;B07;B10;B11;B12;B13;B16;B17;B18;B19;B21;B22;B23;B24;B25;B27;B28;B31;B32;B35;B36;B37;B38;B39;B40;B41;B42;B43;B44;B45;B46;B47;B48;B49;B52;B54;B56;B57;B58;B59;B60,92.5,9,9,907.26,584.34,29
R01,apprentissage,B56,0.9,45,0.7457627118644068,4,6;11;17;10,B01;B02;B04;B05;B06;B07;B10;B11;B12;B13;B16;B17;B18;B19;B21;B22;B23;B24;B25;B27;B28;B31;B32;B35;B36;B37;B38;B39;B40;B41;B42;B43;B44;B45;B46;B47;B48;B49;B52;B54;B56;B57;B58;B59;B60,92.5,9,9,907.26,584.34,29
R01,apprentissage,B57,0.3,1,0.0,0,,B57,3.64,1,1,19.77,37.25,8
R01,apprentissage,B57,0.6,1,0.0,0,,B57,3.64,1,1,19.77,37.25,8
R01,apprentissage,B57,0.9,1,0.0,0,,B57,3.64,1,1,19.77,37.25,8
R01,apprentissage,B58,0.3,1,0.0,0,,B58,54.61,2,0,189.82999999999998,0.0,0
R01,apprentissage,B58,0.6,1,0.0,0,,B58,54.61,2,0,189.82999999999998,0.0,0
R01,apprentissage,B58,0.9,1,0.0,0,,B58,54.61,2,0,189.82999999999998,0.0,0
R01,apprentissage,B59,0.3,1,0.0,0,,B59,66.83,1,1,314.69,19.53,9
R01,apprentissage,B59,0.6,1,0.0,0,,B59,66.83,1,1,314.69,19.53,9
R01,apprentissage,B59,0.9,1,0.0,0,,B59,66.83,1,1,314.69,19.53,9
R01,apprentissage,B60,0.3,12,0.1864406779661017,4,4;1;4;2,B02;B04;B07;B18;B21;B28;B41;B42;B44;B47;B48;B60,83.47,11,11,1243.4800000000002,703.3599999999999,24
R01,apprentissage,B60,0.6,45,0.7457627118644068,6,5;2;10;12;10;5,B01;B02;B04;B05;B06;B07;B10;B11;B12;B13;B16;B17;B18;B19;B21;B22;B23;B24;B25;B27;B28;B31;B32;B35;B36;B37;B38;B39;B40;B41;B42;B43;B44;B45;B46;B47;B48;B49;B52;B54;B56;B57;B58;B59;B60,83.47,11,11,1243.4800000000002,703.3599999999999,24
R01,apprentissage,B60,0.9,45,0.7457627118644068,6,5;2;12;14;6;5,B01;B02;B04;B05;B06;B07;B10;B11;B12;B13;B16;B17;B18;B19;B21;B22;B23;B24;B25;B27;B28;B31;B32;B35;B36;B37;B38;B39;B40;B41;B42;B43;B44;B45;B46;B47;B48;B49;B52;B54;B56;B57;B58;B59;B60,83.47,11,11,1243.4800000000002,703.3599999999999,24
R02,test,B01,0.3,1,0.0,0,,B01,1.22,1,1,3.81,79.3,14
R02,test,B01,0.6,1,0.0,0,,B01,1.22,1,1,3.81,79.3,14
R02,test,B01,0.9,1,0.0,0,,B01,1.22,1,1,3.81,79.3,14
R02,test,B02,0.3,3,0.03389830508474576,1,2,B02;B06;B44,17.93,7,8,111.63,209.89,22
R02,test,B02,0.6,9,0.13559322033898305,3,4;1;3,B02;B06;B14;B28;B36;B44;B54;B55;B60,17.93,7,8,111.63,209.89,22
R02,test,B02,0.9,42,0.6949152542372882,15,4;1;3;1;2;2;1;4;3;1;8;2;2;1;6,B01;B02;B03;B06;B07;B09;B10;B11;B12;B13;B14;B15;B17;B19;B20;B22;B25;B26;B27;B28;B30;B31;B32;B33;B35;B36;B37;B38;B40;B42;B43;B44;B46;B47;B50;B53;B54;B55;B57;B58;B59;B60,17.93,7,8,111.63,209.89,22
R02,test,B03,0.3,1,0.0,0,,B03,87.43,2,2,312.0,69.46000000000001,14
R02,test,B03,0.6,1,0.0,0,,B03,87.43,2,2,312.0,69.46000000000001,14
R02,test,B03,0.9,1,0.0,0,,B03,87.43,2,2,312.0,69.46000000000001,14
R02,test,B04,0.3,1,0.0,0,,B04,1.56,0,1,0.0,6.89,10
R02,test,B04,0.6,1,0.0,0,,B04,1.56,0,1,0.0,6.89,10
R02,test,B04,0.9,1,0.0,0,,B04,1.56,0,1,0.0,6.89,10
R02,test,B05,0.3,1,0.0,0,,B05,5.38,0,1,0.0,27.61,15
R02,test,B05,0.6,1,0.0,0,,B05,5.38,0,1,0.0,27.61,15
R02,test,B05,0.9,1,0.0,0,,B05,5.38,0,1,0.0,27.61,15
R02,test,B06,0.3,1,0.0,0,,B06,6.16,1,2,24.13,41.36,15
R02,test,B06,0.6,1,0.0,0,,B06,6.16,1,2,24.13,41.36,15
R02,test,B06,0.9,1,0.0,0,,B06,6.16,1,2,24.13,41.36,15
R02,test,B07,0.3,1,0.0,0,,B07,0.5,1,2,1.21,23.95,14
R02,test,B07,0.6,1,0.0,0,,B07,0.5,1,2,1.21,23.95,14
R02,test,B07,0.9,1,0.0,0,,B07,0.5,1,2,1.21,23.95,14
R02,test,B08,0.3,1,0.0,0,,B08,2.2,0,1,0.0,12.1,5
R02,test,B08,0.6,1,0.0,0,,B08,2.2,0,1,0.0,12.1,5
R02,test,B08,0.9,1,0.0,0,,B08,2.2,0,1,0.0,12.1,5
R02,test,B09,0.3,1,0.0,0,,B09,6.28,1,1,35.34,14.59,9
R02,test,B09,0.6,1,0.0,0,,B09,6.28,1,1,35.34,14.59,9
R02,test,B09,0.9,1,0.0,0,,B09,6.28,1,1,35.34,14.59,9
R02,test,B10,0.3,5,0.06779661016949153,1,4,B10;B11;B12;B35;B47,72.21,12,14,667.24,551.8299999999999,29
R02,test,B10,0.6,20,0.3220338983050847,4,8;3;7;1,B01;B10;B11;B12;B15;B19;B25;B26;B30;B31;B32;B35;B37;B38;B40;B42;B47;B50;B53;B57,72.21,12,14,667.24,551.8299999999999,29
R02,test,B10,0.9,21,0.3389830508474576,3,9;6;5,B01;B10;B11;B12;B15;B19;B25;B26;B30;B31;B32;B35;B37;B38;B40;B42;B47;B50;B53;B57;B59,72.21,12,14,667.24,551.8299999999999,29
R02,test,B11,0.3,1,0.0,0,,B11,3.38,1,0,15.74,0.0,0
R02,test,B11,0.6,1,0.0,0,,B11,3.38,1,0,15.74,0.0,0
R02,test,B11,0.9,1,0.0,0,,B11,3.38,1,0,15.74,0.0,0
R02,test,B12,0.3,5,0.06779661016949153,2,1;3,B10;B11;B12;B35;B47,14.82,2,1,73.47,297.4,14
R02,test,B12,0.6,20,0.3220338983050847,5,1;7;3;7;1,B01;B10;B11;B12;B15;B19;B25;B26;B30;B31;B32;B35;B37;B38;B40;B42;B47;B50;B53;B57,14.82,2,1,73.47,297.4,14
R02,test,B12,0.9,21,0.3389830508474576,4,1;8;6;5,B01;B10;B11;B12;B15;B19;B25;B26;B30;B31;B32;B35;B37;B38;B40;B42;B47;B50;B53;B57;B59,14.82,2,1,73.47,297.4,14
R02,test,B13,0.3,3,0.03389830508474576,1,2,B09;B13;B14,44.26,16,9,327.6500000000001,432.56000000000006,26
R02,test,B13,0.6,5,0.06779661016949153,1,4,B09;B13;B14;B26;B55,44.26,16,9,327.6500000000001,432.56000000000006,26
R02,test,B13,0.9,42,0.6949152542372882,11,4;3;4;7;3;1;8;2;2;1;6,B01;B02;B03;B06;B07;B09;B10;B11;B12;B13;B14;B15;B17;B19;B20;B22;B25;B26;B27;B28;B30;B31;B32;B33;B35;B36;B37;B38;B40;B42;B43;B44;B46;B47;B50;B53;B54;B55;B57;B58;B59;B60,44.26,16,9,327.6500000000001,432.56000000000006,26
R02,test,B14,0.3,1,0.0,0,,B14,28.28,2,2,245.38,17.490000000000002,11
R02,test,B14,0.6,1,0.0,0,,B14,28.28,2,2,245.38,17.490000000000002,11
R02,test,B14,0.9,1,0.0,0,,B14,28.28,2,2,245.38,17.490000000000002,11
R02,test,B15,0.3,1,0.0,0,,B15,70.08,2,2,132.18,45.849999999999994,17
R02,test,B15,0.6,1,0.0,0,,B15,70.08,2,2,132.18,45.849999999999994,17
R02,test,B15,0.9,1,0.0,0,,B15,70.08,2,2,132.18,45.849999999999994,17
R02,test,B16,0.3,1,0.0,0,,B16,2.64,0,1,0.0,54.23,9
R02,test,B16,0.6,1,0.0,0,,B16,2.64,0,1,0.0,54.23,9
R02,test,B16,0.9,1,0.0,0,,B16,2.64,0,1,0.0,54.23,9
R02,test,B17,0.3,1,0.0,0,,B17,18.79,1,1,50.36,141.05,10
R02,test,B17,0.6,6,0.0847457627118644,2,1;4,B09;B13;B14;B17;B26;B55,18.79,1,1,50.36,141.05,10
R02,test,B17,0.9,42,0.6949152542372882,12,1;4;3;4;7;3;1;8;2;1;1;6,B01;B02;B03;B06;B07;B09;B10;B11;B12;B13;B14;B15;B17;B19;B20;B22;B25;B26;B27;B28;B30;B31;B32;B33;B35;B36;B37;B38;B40;B42;B43;B44;B46;B47;B50;B53;B54;B55;B57;B58;B59;B60,18.79,1,1,50.36,141.05,10
R02,test,B18,0.3,1,0.0,0,,B18,9.39,0,2,0.0,273.96000000000004,15
R02,test,B18,0.6,23,0.3728813559322034,6,1;6;2;6;5;2,B02;B03;B06;B07;B09;B13;B14;B17;B18;B20;B22;B26;B27;B28;B33;B36;B43;B44;B46;B54;B55;B58;B60,9.39,0,2,0.0,273.96000000000004,15
R02,test,B18,0.9,43,0.711864406779661,12,1;6;2;7;6;2;1;4;3;1;8;1,B01;B02;B03;B06;B07;B09;B10;B11;B12;B13;B14;B15;B17;B18;B19;B20;B22;B25;B26;B27;B28;B30;B31;B32;B33;B35;B36;B37;B38;B40;B42;B43;B44;B46;B47;B50;B53;B54;B55;B57;B58;B59;B60,9.39,0,2,0.0,273.96000000000004,15
R02,test,B19,0.3,1,0.0,0,,B19,23.34,1,2,74.4,7.96,9
R02,test,B19,0.6,1,0.0,0,,B19,23.34,1,2,74.4,7.96,9
R02,test,B19,0.9,1,0.0,0,,B19,23.34,1,2,74.4,7.96,9
R02,test,B20,0.3,1,0.0,0,,B20,10.03,1,2,42.92,104.48,14
R02,test,B20,0.6,1,0.0,0,,B20,10.03,1,2,42.92,104.48,14
R02,test,B20,0.9,1,0.0,0,,B20,10.03,1,2,42.92,104.48,14
R02,test,B21,0.3,1,0.0,0,,B21,3.82,0,2,0.0,45.34,15
R02,test,B21,0.6,1,0.0,0,,B21,3.82,0,2,0.0,45.34,15
R02,test,B21,0.9,1,0.0,0,,B21,3.82,0,2,0.0,45.34,15
R02,test,B22,0.3,2,0.01694915254237288,1,1,B22;B27,134.23,7,7,823.9900000000001,228.58999999999997,29
R02,test,B22,0.6,22,0.3559322033898305,4,3;5;4;9,B02;B03;B06;B07;B09;B13;B14;B17;B20;B22;B26;B27;B28;B33;B36;B43;B44;B46;B54;B55;B58;B60,134.23,7,7,823.9900000000001,228.58999999999997,29
R02,test,B22,0.9,42,0.6949152542372882,10,3;6;9;5;1;4;3;1;8;1,B01;B02;B03;B06;B07;B09;B10;B11;B12;B13;B14;B15;B17;B19;B20;B22;B25;B26;B27;B28;B30;B31;B32;B33;B35;B36;B37;B38;B40;B42;B43;B44;B46;B47;B50;B53;B54;B55;B57;B58;B59;B60,134.23,7,7,823.9900000000001,228.58999999999997,29
R02,test,B23,0.3,1,0.0,0,,B23,3.6,0,1,0.0,67.45,7
R02,test,B23,0.6,1,0.0,0,,B23,3.6,0,1,0.0,67.45,7
R02,test,B23,0.9,3,0.03389830508474576,2,1;1,B23;B50;B57,3.6,0,1,0.0,67.45,7
R02,test,B24,0.3,1,0.0,0,,B24,2.1,0,1,0.0,34.56,8
R02,test,B24,0.6,1,0.0,0,,B24,2.1,0,1,0.0,34.56,8
R02,test,B24,0.9,1,0.0,0,,B24,2.1,0,1,0.0,34.56,8
R02,test,B25,0.3,1,0.0,0,,B25,4.4,2,0,18.05,0.0,0
R02,test,B25,0.6,1,0.0,0,,B25,4.4,2,0,18.05,0.0,0
R02,test,B25,0.9,1,0.0,0,,B25,4.4,2,0,18.05,0.0,0
R02,test,B26,0.3,1,0.0,0,,B26,23.44,9,4,243.07000000000002,138.66,18
R02,test,B26,0.6,1,0.0,0,,B26,23.44,9,4,243.07000000000002,138.66,18
R02,test,B26,0.9,21,0.3389830508474576,8,2;1;3;1;3;1;8;1,B01;B10;B11;B12;B15;B19;B25;B26;B30;B31;B32;B35;B37;B38;B40;B42;B47;B50;B53;B57;B59,23.44,9,4,243.07000000000002,138.66,18
R02,test,B27,0.3,1,0.0,0,,B27,2.42,1,1,9.84,172.88,10
R02,test,B27,0.6,1,0.0,0,,B27,2.42,1,1,9.84,172.88,10
R02,test,B27,0.9,42,0.6949152542372882,12,1;6;2;6;6;2;1;4;3;1;8;1,B01;B02;B03;B06;B07;B09;B10;B11;B12;B13;B14;B15;B17;B19;B20;B22;B25;B26;B27;B28;B30;B31;B32;B33;B35;B36;B37;B38;B40;B42;B43;B44;B46;B47;B50;B53;B54;B55;B57;B58;B59;B60,2.42,1,1,9.84,172.88,10
R02,test,B28,0.3,1,0.0,0,,B28,16.97,1,0,57.13,0.0,0
R02,test,B28,0.6,1,0.0,0,,B28,16.97,1,0,57.13,0.0,0
R02,test,B28,0.9,1,0.0,0,,B28,16.97,1,0,57.13,0.0,0
R02,test,B29,0.3,1,0.0,0,,B29,4.24,0,2,0.0,39.74,15
R02,test,B29,0.6,1,0.0,0,,B29,4.24,0,2,0.0,39.74,15
R02,test,B29,0.9,1,0.0,0,,B29,4.24,0,2,0.0,39.74,15
R02,test,B30,0.3,1,0.0,0,,B30,6.7,1,1,17.71,54.37,8
R02,test,B30,0.6,1,0.0,0,,B30,6.7,1,1,17.71,54.37,8
R02,test,B30,0.9,1,0.0,0,,B30,6.7,1,1,17.71,54.37,8
R02,test,B31,0.3,1,0.0,0,,B31,67.66,1,3,116.68,145.34,19
R02,test,B31,0.6,3,0.03389830508474576,2,1;1,B31;B50;B57,67.66,1,3,116.68,145.34,19
R02,test,B31,0.9,3,0.03389830508474576,2,1;1,B31;B50;B57,67.66,1,3,116.68,145.34,19
R02,test,B32,0.3,6,0.0847457627118644,3,2;1;2,B25;B26;B32;B38;B42;B53,54.06,12,8,588.1899999999999,246.64000000000001,22
R02,test,B32,0.6,9,0.13559322033898305,2,5;3,B25;B26;B30;B32;B35;B37;B38;B42;B53,54.06,12,8,588.1899999999999,246.64000000000001,22
R02,test,B32,0.9,21,0.3389830508474576,5,5;5;1;8;1,B01;B10;B11;B12;B15;B19;B25;B26;B30;B31;B32;B35;B37;B38;B40;B42;B47;B50;B53;B57;B59,54.06,12,8,588.1899999999999,246.64000000000001,22
R02,test,B33,0.3,1,0.0,0,,B33,3.49,2,2,15.21,114.15,14
R02,test,B33,0.6,1,0.0,0,,B33,3.49,2,2,15.21,114.15,14
R02,test,B33,0.9,1,0.0,0,,B33,3.49,2,2,15.21,114.15,14
R02,test,B34,0.3,1,0.0,0,,B34,3.08,0,1,0.0,6.83,15
R02,test,B34,0.6,1,0.0,0,,B34,3.08,0,1,0.0,6.83,15
R02,test,B34,0.9,1,0.0,0,,B34,3.08,0,1,0.0,6.83,15
R02,test,B35,0.3,1,0.0,0,,B35,19.44,2,2,111.5,41.18,17
R02,test,B35,0.6,1,0.0,0,,B35,19.44,2,2,111.5,41.18,17
R02,test,B35,0.9,1,0.0,0,,B35,19.44,2,2,111.5,41.18,17
R02,test,B36,0.3,1,0.0,0,,B36,15.0,1,3,80.41,165.03,16
R02,test,B36,0.6,4,0.05084745762711865,2,1;2,B28;B36;B54;B60,15.0,1,3,80.41,165.03,16
R02,test,B36,0.9,4,0.05084745762711865,2,1;2,B28;B36;B54;B60,15.0,1,3,80.41,165.03,16
R02,test,B37,0.3,1,0.0,0,,B37,26.08,1,1,62.48,27.63,7
R02,test,B37,0.6,1,0.0,0,,B37,26.08,1,1,62.48,27.63,7
R02,test,B37,0.9,1,0.0,0,,B37,26.08,1,1,62.48,27.63,7
R02,test,B38,0.3,1,0.0,0,,B38,7.0,1,2,25.86,74.91,12
R02,test,B38,0.6,9,0.13559322033898305,4,1;3;1;3,B25;B26;B30;B32;B35;B37;B38;B42;B53,7.0,1,2,25.86,74.91,12
R02,test,B38,0.9,21,0.3389830508474576,7,1;4;3;2;1;8;1,B01;B10;B11;B12;B15;B19;B25;B26;B30;B31;B32;B35;B37;B38;B40;B42;B47;B50;B53;B57;B59,7.0,1,2,25.86,74.91,12
R02,test,B39,0.3,1,0.0,0,,B39,5.11,0,1,0.0,26.5,10
R02,test,B39,0.6,1,0.0,0,,B39,5.11,0,1,0.0,26.5,10
R02,test,B39,0.9,1,0.0,0,,B39,5.11,0,1,0.0,26.5,10
R02,test,B40,0.3,1,0.0,0,,B40,9.55,1,1,20.2,7.68,5
R02,test,B40,0.6,1,0.0,0,,B40,9.55,1,1,20.2,7.68,5
R02,test,B40,0.9,1,0.0,0,,B40,9.55,1,1,20.2,7.68,5
R02,test,B41,0.3,1,0.0,0,,B41,5.33,0,2,0.0,15.02,12
R02,test,B41,0.6,1,0.0,0,,B41,5.33,0,2,0.0,15.02,12
R02,test,B41,0.9,1,0.0,0,,B41,5.33,0,2,0.0,15.02,12
R02,test,B42,0.3,1,0.0,0,,B42,1.04,1,1,4.53,107.4,9
R02,test,B42,0.6,9,0.13559322033898305,3,1;5;2,B25;B26;B30;B32;B35;B37;B38;B42;B53,1.04,1,1,4.53,107.4,9
R02,test,B42,0.9,21,0.3389830508474576,6,1;5;4;1;8;1,B01;B10;B11;B12;B15;B19;B25;B26;B30;B31;B32;B35;B37;B38;B40;B42;B47;B50;B53;B57;B59,1.04,1,1,4.53,107.4,9
R02,test,B43,0.3,1,0.0,0,,B43,13.67,1,1,88.89,199.79,9
R02,test,B43,0.6,1,0.0,0,,B43,13.67,1,1,88.89,199.79,9
R02,test,B43,0.9,42,0.6949152542372882,12,1;5;2;7;6;2;1;4;3;1;8;1,B01;B02;B03;B06;B07;B09;B10;B11;B12;B13;B14;B15;B17;B19;B20;B22;B25;B26;B27;B28;B30;B31;B32;B33;B35;B36;B37;B38;B40;B42;B43;B44;B46;B47;B50;B53;B54;B55;B57;B58;B59;B60,13.67,1,1,88.89,199.79,9
R02,test,B44,0.3,1,0.0,0,,B44,0.68,1,1,3.2,8.73,10
R02,test,B44,0.6,1,0.0,0,,B44,0.68,1,1,3.2,8.73,10
R02,test,B44,0.9,1,0.0,0,,B44,0.68,1,1,3.2,8.73,10
R02,test,B45,0.3,1,0.0,0,,B45,2.96,0,1,0.0,28.32,10
R02,test,B45,0.6,1,0.0,0,,B45,2.96,0,1,0.0,28.32,10
R02,test,B45,0.9,1,0.0,0,,B45,2.96,0,1,0.0,28.32,10
R02,test,B46,0.3,3,0.03389830508474576,2,1;1,B22;B27;B46,11.27,1,3,66.06,594.36,16
R02,test,B46,0.6,22,0.3559322033898305,4,1;3;7;10,B02;B03;B06;B07;B09;B13;B14;B17;B20;B22;B26;B27;B28;B33;B36;B43;B44;B46;B54;B55;B58;B60,11.27,1,3,66.06,594.36,16
R02,test,B46,0.9,42,0.6949152542372882,11,1;4;9;7;2;1;4;3;1;8;1,B01;B02;B03;B06;B07;B09;B10;B11;B12;B13;B14;B15;B17;B19;B20;B22;B25;B26;B27;B28;B30;B31;B32;B33;B35;B36;B37;B38;B40;B42;B43;B44;B46;B47;B50;B53;B54;B55;B57;B58;B59;B60,11.27,1,3,66.06,594.36,16
R02,test,B47,0.3,1,0.0,0,,B47,9.53,1,1,38.05,55.01,9
R02,test,B47,0.6,1,0.0,0,,B47,9.53,1,1,38.05,55.01,9
R02,test,B47,0.9,1,0.0,0,,B47,9.53,1,1,38.05,55.01,9
R02,test,B48,0.3,1,0.0,0,,B48,7.62,0,1,0.0,27.31,10
R02,test,B48,0.6,1,0.0,0,,B48,7.62,0,1,0.0,27.31,10
R02,test,B48,0.9,1,0.0,0,,B48,7.62,0,1,0.0,27.31,10
R02,test,B49,0.3,1,0.0,0,,B49,5.82,0,1,0.0,76.01,10
R02,test,B49,0.6,10,0.15254237288135594,4,1;3;1;4,B25;B26;B30;B32;B35;B37;B38;B42;B49;B53,5.82,0,1,0.0,76.01,10
R02,test,B49,0.9,22,0.3559322033898305,8,1;3;1;4;2;1;8;1,B01;B10;B11;B12;B15;B19;B25;B26;B30;B31;B32;B35;B37;B38;B40;B42;B47;B49;B50;B53;B57;B59,5.82,0,1,0.0,76.01,10
R02,test,B50,0.3,2,0.01694915254237288,1,1,B50;B57,45.53,8,6,299.01,620.8199999999999,27
R02,test,B50,0.6,2,0.01694915254237288,1,1,B50;B57,45.53,8,6,299.01,620.8199999999999,27
R02,test,B50,0.9,2,0.01694915254237288,1,1,B50;B57,45.53,8,6,299.01,620.8199999999999,27
R02,test,B51,0.3,1,0.0,0,,B51,2.26,0,0,0.0,0.0,0
R02,test,B51,0.6,1,0.0,0,,B51,2.26,0,0,0.0,0.0,0
R02,test,B51,0.9,1,0.0,0,,B51,2.26,0,0,0.0,0.0,0
R02,test,B52,0.3,1,0.0,0,,B52,1.47,0,2,0.0,166.25,11
R02,test,B52,0.6,12,0.1864406779661017,4,1;5;4;1,B25;B26;B30;B32;B35;B37;B38;B42;B50;B52;B53;B57,1.47,0,2,0.0,166.25,11
R02,test,B52,0.9,22,0.3559322033898305,4,2;6;6;7,B01;B10;B11;B12;B15;B19;B25;B26;B30;B31;B32;B35;B37;B38;B40;B42;B47;B50;B52;B53;B57;B59,1.47,0,2,0.0,166.25,11
R02,test,B53,0.3,2,0.01694915254237288,1,1,B42;B53,25.63,8,9,256.06,206.25,29
R02,test,B53,0.6,9,0.13559322033898305,3,3;1;4,B25;B26;B30;B32;B35;B37;B38;B42;B53,25.63,8,9,256.06,206.25,29
R02,test,B53,0.9,21,0.3389830508474576,7,3;1;4;2;1;8;1,B01;B10;B11;B12;B15;B19;B25;B26;B30;B31;B32;B35;B37;B38;B40;B42;B47;B50;B53;B57;B59,25.63,8,9,256.06,206.25,29
R02,test,B54,0.3,1,0.0,0,,B54,2.7,1,1,7.13,102.43,9
R02,test,B54,0.6,4,0.05084745762711865,2,1;2,B28;B36;B54;B60,2.7,1,1,7.13,102.43,9
R02,test,B54,0.9,4,0.05084745762711865,2,1;2,B28;B36;B54;B60,2.7,1,1,7.13,102.43,9
R02,test,B55,0.3,1,0.0,0,,B55,8.22,2,1,40.31,33.16,10
R02,test,B55,0.6,1,0.0,0,,B55,8.22,2,1,40.31,33.16,10
R02,test,B55,0.9,1,0.0,0,,B55,8.22,2,1,40.31,33.16,10
R02,test,B56,0.3,1,0.0,0,,B56,1.63,0,1,0.0,112.32,15
R02,test,B56,0.6,1,0.0,0,,B56,1.63,0,1,0.0,112.32,15
R02,test,B56,0.9,22,0.3559322033898305,4,1;9;6;5,B01;B10;B11;B12;B15;B19;B25;B26;B30;B31;B32;B35;B37;B38;B40;B42;B47;B50;B53;B56;B57;B59,1.63,0,1,0.0,112.32,15
R02,test,B57,0.3,1,0.0,0,,B57,92.56,1,0,424.21,0.0,0
R02,test,B57,0.6,1,0.0,0,,B57,92.56,1,0,424.21,0.0,0
R02,test,B57,0.9,1,0.0,0,,B57,92.56,1,0,424.21,0.0,0
R02,test,B58,0.3,14,0.22033898305084745,5,5;1;2;3;2,B02;B03;B06;B20;B22;B27;B28;B33;B36;B43;B44;B46;B58;B60,132.39,16,9,1146.24,553.23,20
R02,test,B58,0.6,22,0.3559322033898305,5,6;2;6;5;2,B02;B03;B06;B07;B09;B13;B14;B17;B20;B22;B26;B27;B28;B33;B36;B43;B44;B46;B54;B55;B58;B60,132.39,16,9,1146.24,553.23,20
R02,test,B58,0.9,42,0.6949152542372882,11,6;2;7;6;2;1;4;3;1;8;1,B01;B02;B03;B06;B07;B09;B10;B11;B12;B13;B14;B15;B17;B19;B20;B22;B25;B26;B27;B28;B30;B31;B32;B33;B35;B36;B37;B38;B40;B42;B43;B44;B46;B47;B50;B53;B54;B55;B57;B58;B59;B60,132.39,16,9,1146.24,553.23,20
R02,test,B59,0.3,1,0.0,0,,B59,8.36,1,1,13.62,36.4,4
R02,test,B59,0.6,1,0.0,0,,B59,8.36,1,1,13.62,36.4,4
R02,test,B59,0.9,21,0.3389830508474576,9,1;1;1;3;1;3;1;8;1,B01;B10;B11;B12;B15;B19;B25;B26;B30;B31;B32;B35;B37;B38;B40;B42;B47;B50;B53;B57;B59,8.36,1,1,13.62,36.4,4
R02,test,B60,0.3,3,0.03389830508474576,1,2,B28;B36;B60,48.7,14,9,498.76000000000005,201.6,29
R02,test,B60,0.6,4,0.05084745762711865,1,3,B28;B36;B54;B60,48.7,14,9,498.76000000000005,201.6,29
R02,test,B60,0.9,4,0.05084745762711865,1,3,B28;B36;B54;B60,48.7,14,9,498.76000000000005,201.6,29
R03,apprentissage,B01,0.3,5,0.06779661016949153,2,3;1,B01;B05;B06;B36;B53,45.65,17,11,537.42,353.19,41
R03,apprentissage,B01,0.6,56,0.9322033898305084,7,3;3;7;7;18;13;4,B01;B02;B03;B04;B05;B06;B07;B08;B09;B10;B11;B13;B14;B15;B16;B17;B18;B19;B20;B21;B22;B23;B24;B25;B26;B27;B28;B29;B31;B32;B33;B34;B35;B36;B37;B38;B39;B40;B42;B43;B44;B45;B46;B47;B48;B49;B50;B51;B52;B53;B54;B55;B56;B57;B58;B60,45.65,17,11,537.42,353.19,41
R03,apprentissage,B01,0.9,57,0.9491525423728814,6,3;3;11;19;15;5,B01;B02;B03;B04;B05;B06;B07;B08;B09;B10;B11;B13;B14;B15;B16;B17;B18;B19;B20;B21;B22;B23;B24;B25;B26;B27;B28;B29;B31;B32;B33;B34;B35;B36;B37;B38;B39;B40;B42;B43;B44;B45;B46;B47;B48;B49;B50;B51;B52;B53;B54;B55;B56;B57;B58;B59;B60,45.65,17,11,537.42,353.19,41
R03,apprentissage,B02,0.3,1,0.0,0,,B02,18.4,3,2,84.72,33.96,5
R03,apprentissage,B02,0.6,4,0.05084745762711865,2,2;1,B02;B08;B25;B56,18.4,3,2,84.72,33.96,5
R03,apprentissage,B02,0.9,4,0.05084745762711865,2,2;1,B02;B08;B25;B56,18.4,3,2,84.72,33.96,5
R03,apprentissage,B03,0.3,42,0.6949152542372882,9,4;2;3;2;4;5;9;7;5,B01;B02;B03;B04;B05;B06;B10;B11;B13;B15;B16;B17;B18;B19;B20;B21;B22;B23;B24;B26;B29;B31;B33;B34;B35;B36;B37;B40;B42;B43;B44;B45;B46;B47;B48;B51;B52;B53;B54;B55;B57;B60,49.35,17,15,599.1600000000001,646.87,47
R03,apprentissage,B03,0.6,56,0.9322033898305084,7,6;5;9;14;16;3;2,B01;B02;B03;B04;B05;B06;B07;B08;B09;B10;B11;B13;B14;B15;B16;B17;B18;B19;B20;B21;B22;B23;B24;B25;B26;B27;B28;B29;B31;B32;B33;B34;B35;B36;B37;B38;B39;B40;B42;B43;B44;B45;B46;B47;B48;B49;B50;B51;B52;B53;B54;B55;B56;B57;B58;B60,49.35,17,15,599.1600000000001,646.87,47
R03,apprentissage,B03,0.9,57,0.9491525423728814,5,6;9;18;16;7,B01;B02;B03;B04;B05;B06;B07;B08;B09;B10;B11;B13;B14;B15;B16;B17;B18;B19;B20;B21;B22;B23;B24;B25;B26;B27;B28;B29;B31;B32;B33;B34;B35;B36;B37;B38;B39;B40;B42;B43;B44;B45;B46;B47;B48;B49;B50;B51;B52;B53;B54;B55;B56;B57;B58;B59;B60,49.35,17,15,599.1600000000001,646.87,47
R03,apprentissage,B04,0.3,2,0.01694915254237288,1,1,B04;B55,2.76,2,2,28.150000000000002,10.5,14
R03,apprentissage,B04,0.6,2,0.01694915254237288,1,1,B04;B55,2.76,2,2,28.150000000000002,10.5,14
R03,apprentissage,B04,0.9,2,0.01694915254237288,1,1,B04;B55,2.76,2,2,28.150000000000002,10.5,14
R03,apprentissage,B05,0.3,1,0.0,0,,B05,11.06,4,1,101.93,23.64,11
R03,apprentissage,B05,0.6,1,0.0,0,,B05,11.06,4,1,101.93,23.64,11
R03,apprentissage,B05,0.9,1,0.0,0,,B05,11.06,4,1,101.93,23.64,11
R03,apprentissage,B06,0.3,1,0.0,0,,B06,2.23,2,2,23.59,31.43,21
R03,apprentissage,B06,0.6,1,0.0,0,,B06,2.23,2,2,23.59,31.43,21
R03,apprentissage,B06,0.9,1,0.0,0,,B06,2.23,2,2,23.59,31.43,21
R03,apprentissage,B07,0.3,1,0.0,0,,B07,7.09,3,1,22.3,33.72,11
R03,apprentissage,B07,0.6,1,0.0,0,,B07,7.09,3,1,22.3,33.72,11
R03,apprentissage,B07,0.9,1,0.0,0,,B07,7.09,3,1,22.3,33.72,11
R03,apprentissage,B08,0.3,2,0.01694915254237288,1,1,B08;B56,8.15,2,1,26.33,7.06,2
R03,apprentissage,B08,0.6,2,0.01694915254237288,1,1,B08;B56,8.15,2,1,26.33,7.06,2
R03,apprentissage,B08,0.9,2,0.01694915254237288,1,1,B08;B56,8.15,2,1,26.33,7.06,2
R03,apprentissage,B09,0.3,1,0.0,0,,B09,35.23,1,2,77.07,37.05,24
R03,apprentissage,B09,0.6,1,0.0,0,,B09,35.23,1,2,77.07,37.05,24
R03,apprentissage,B09,0.9,1,0.0,0,,B09,35.23,1,2,77.07,37.05,24
R03,apprentissage,B10,0.3,1,0.0,0,,B10,1.42,2,3,14.6,27.14,16
R03,apprentissage,B10,0.6,56,0.9322033898305084,9,1;1;3;3;3;8;15;15;6,B01;B02;B03;B04;B05;B06;B07;B08;B09;B10;B11;B13;B14;B15;B16;B17;B18;B19;B20;B21;B22;B23;B24;B25;B26;B27;B28;B29;B31;B32;B33;B34;B35;B36;B37;B38;B39;B40;B42;B43;B44;B45;B46;B47;B48;B49;B50;B51;B52;B53;B54;B55;B56;B57;B58;B60,1.42,2,3,14.6,27.14,16
R03,apprentissage,B10,0.9,57,0.9491525423728814,8,1;1;3;6;9;19;14;3,B01;B02;B03;B04;B05;B06;B07;B08;B09;B10;B11;B13;B14;B15;B16;B17;B18;B19;B20;B21;B22;B23;B24;B25;B26;B27;B28;B29;B31;B32;B33;B34;B35;B36;B37;B38;B39;B40;B42;B43;B44;B45;B46;B47;B48;B49;B50;B51;B52;B53;B54;B55;B56;B57;B58;B59;B60,1.42,2,3,14.6,27.14,16
R03,apprentissage,B11,0.3,42,0.6949152542372882,12,3;3;5;3;2;2;4;3;6;6;3;1,B01;B02;B03;B04;B05;B06;B10;B11;B13;B15;B16;B17;B18;B19;B20;B21;B22;B23;B24;B26;B29;B31;B33;B34;B35;B36;B37;B40;B42;B43;B44;B45;B46;B47;B48;B51;B52;B53;B54;B55;B57;B60,31.64,11,14,464.26,819.24,48
R03,apprentissage,B11,0.6,56,0.9322033898305084,6,5;6;14;16;13;1,B01;B02;B03;B04;B05;B06;B07;B08;B09;B10;B11;B13;B14;B15;B16;B17;B18;B19;B20;B21;B22;B23;B24;B25;B26;B27;B28;B29;B31;B32;B33;B34;B35;B36;B37;B38;B39;B40;B42;B43;B44;B45;B46;B47;B48;B49;B50;B51;B52;B53;B54;B55;B56;B57;B58;B60,31.64,11,14,464.26,819.24,48
R03,apprentissage,B11,0.9,57,0.9491525423728814,5,6;13;24;11;2,B01;B02;B03;B04;B05;B06;B07;B08;B09;B10;B11;B13;B14;B15;B16;B17;B18;B19;B20;B21;B22;B23;B24;B25;B26;B27;B28;B29;B31;B32;B33;B34;B35;B36;B37;B38;B39;B40;B42;B43;B44;B45;B46;B47;B48;B49;B50;B51;B52;B53;B54;B55;B56;B57;B58;B59;B60,31.64,11,14,464.26,819.24,48
R03,apprentissage,B12,0.3,43,0.711864406779661,8,2;6;7;5;6;10;4;2,B01;B02;B03;B04;B05;B06;B10;B11;B12;B13;B15;B16;B17;B18;B19;B20;B21;B22;B23;B24;B26;B29;B31;B33;B34;B35;B36;B37;B40;B42;B43;B44;B45;B46;B47;B48;B51;B52;B53;B54;B55;B57;B60,1.49,0,2,0.0,232.94,19
R03,apprentissage,B12,0.6,57,0.9491525423728814,6,2;8;12;16;13;5,B01;B02;B03;B04;B05;B06;B07;B08;B09;B10;B11;B12;B13;B14;B15;B16;B17;B18;B19;B20;B21;B22;B23;B24;B25;B26;B27;B28;B29;B31;B32;B33;B34;B35;B36;B37;B38;B39;B40;B42;B43;B44;B45;B46;B47;B48;B49;B50;B51;B52;B53;B54;B55;B56;B57;B58;B60,1.49,0,2,0.0,232.94,19
R03,apprentissage,B12,0.9,58,0.9661016949152542,6,2;8;14;17;12;4,B01;B02;B03;B04;B05;B06;B07;B08;B09;B10;B11;B12;B13;B14;B15;B16;B17;B18;B19;B20;B21;B22;B23;B24;B25;B26;B27;B28;B29;B31;B32;B33;B34;B35;B36;B37;B38;B39;B40;B42;B43;B44;B45;B46;B47;B48;B49;B50;B51;B52;B53;B54;B55;B56;B57;B58;B59;B60,1.49,0,2,0.0,232.94,19
R03,apprentissage,B13,0.3,1,0.0,0,,B13,1.68,3,2,14.67,84.85,12
R03,apprentissage,B13,0.6,1,0.0,0,,B13,1.68,3,2,14.67,84.85,12
R03,apprentissage,B13,0.9,57,0.9491525423728814,6,1;3;7;13;25;7,B01;B02;B03;B04;B05;B06;B07;B08;B09;B10;B11;B13;B14;B15;B16;B17;B18;B19;B20;B21;B22;B23;B24;B25;B26;B27;B28;B29;B31;B32;B33;B34;B35;B36;B37;B38;B39;B40;B42;B43;B44;B45;B46;B47;B48;B49;B50;B51;B52;B53;B54;B55;B56;B57;B58;B59;B60,1.68,3,2,14.67,84.85,12
R03,apprentissage,B14,0.3,2,0.01694915254237288,1,1,B14;B38,12.91,4,2,24.950000000000003,9.280000000000001,5
R03,apprentissage,B14,0.6,2,0.01694915254237288,1,1,B14;B38,12.91,4,2,24.950000000000003,9.280000000000001,5
R03,apprentissage,B14,0.9,57,0.9491525423728814,7,2;1;3;7;13;24;6,B01;B02;B03;B04;B05;B06;B07;B08;B09;B10;B11;B13;B14;B15;B16;B17;B18;B19;B20;B21;B22;B23;B24;B25;B26;B27;B28;B29;B31;B32;B33;B34;B35;B36;B37;B38;B39;B40;B42;B43;B44;B45;B46;B47;B48;B49;B50;B51;B52;B53;B54;B55;B56;B57;B58;B59;B60,12.91,4,2,24.950000000000003,9.280000000000001,5
R03,apprentissage,B15,0.3,1,0.0,0,,B15,11.02,3,5,59.86,80.49,26
R03,apprentissage,B15,0.6,1,0.0,0,,B15,11.02,3,5,59.86,80.49,26
R03,apprentissage,B15,0.9,57,0.9491525423728814,6,2;5;12;24;11;2,B01;B02;B03;B04;B05;B06;B07;B08;B09;B10;B11;B13;B14;B15;B16;B17;B18;B19;B20;B21;B22;B23;B24;B25;B26;B27;B28;B29;B31;B32;B33;B34;B35;B36;B37;B38;B39;B40;B42;B43;B44;B45;B46;B47;B48;B49;B50;B51;B52;B53;B54;B55;B56;B57;B58;B59;B60,11.02,3,5,59.86,80.49,26
R03,apprentissage,B16,0.3,1,0.0,0,,B16,24.63,4,1,248.97,17.77,15
R03,apprentissage,B16,0.6,1,0.0,0,,B16,24.63,4,1,248.97,17.77,15
R03,apprentissage,B16,0.9,1,0.0,0,,B16,24.63,4,1,248.97,17.77,15
R03,apprentissage,B17,0.3,1,0.0,0,,B17,53.31,3,3,209.32999999999998,121.41,21
R03,apprentissage,B17,0.6,56,0.9322033898305084,7,1;4;6;14;16;13;1,B01;B02;B03;B04;B05;B06;B07;B08;B09;B10;B11;B13;B14;B15;B16;B17;B18;B19;B20;B21;B22;B23;B24;B25;B26;B27;B28;B29;B31;B32;B33;B34;B35;B36;B37;B38;B39;B40;B42;B43;B44;B45;B46;B47;B48;B49;B50;B51;B52;B53;B54;B55;B56;B57;B58;B60,53.31,3,3,209.32999999999998,121.41,21
R03,apprentissage,B17,0.9,57,0.9491525423728814,6,2;6;15;25;7;1,B01;B02;B03;B04;B05;B06;B07;B08;B09;B10;B11;B13;B14;B15;B16;B17;B18;B19;B20;B21;B22;B23;B24;B25;B26;B27;B28;B29;B31;B32;B33;B34;B35;B36;B37;B38;B39;B40;B42;B43;B44;B45;B46;B47;B48;B49;B50;B51;B52;B53;B54;B55;B56;B57;B58;B59;B60,53.31,3,3,209.32999999999998,121.41,21
R03,apprentissage,B18,0.3,2,0.01694915254237288,1,1,B18;B24,53.41,12,8,659.8199999999999,229.23000000000002,36
R03,apprentissage,B18,0.6,56,0.9322033898305084,6,2;4;9;16;19;5,B01;B02;B03;B04;B05;B06;B07;B08;B09;B10;B11;B13;B14;B15;B16;B17;B18;B19;B20;B21;B22;B23;B24;B25;B26;B27;B28;B29;B31;B32;B33;B34;B35;B36;B37;B38;B39;B40;B42;B43;B44;B45;B46;B47;B48;B49;B50;B51;B52;B53;B54;B55;B56;B57;B58;B60,53.41,12,8,659.8199999999999,229.23000000000002,36
R03,apprentissage,B18,0.9,57,0.9491525423728814,5,3;7;13;26;7,B01;B02;B03;B04;B05;B06;B07;B08;B09;B10;B11;B13;B14;B15;B16;B17;B18;B19;B20;B21;B22;B23;B24;B25;B26;B27;B28;B29;B31;B32;B33;B34;B35;B36;B37;B38;B39;B40;B42;B43;B44;B45;B46;B47;B48;B49;B50;B51;B52;B53;B54;B55;B56;B57;B58;B59;B60,53.41,12,8,659.8199999999999,229.23000000000002,36
R03,apprentissage,B19,0.3,1,0.0,0,,B19,0.73,2,3,5.720000000000001,15.32,15
R03,apprentissage,B19,0.6,1,0.0,0,,B19,0.73,2,3,5.720000000000001,15.32,15
R03,apprentissage,B19,0.9,1,0.0,0,,B19,0.73,2,3,5.720000000000001,15.32,15
R03,apprentissage,B20,0.3,2,0.01694915254237288,1,1,B20;B35,0.75,1,1,5.14,170.43,11
R03,apprentissage,B20,0.6,56,0.9322033898305084,7,1;3;6;12;14;16;3,B01;B02;B03;B04;B05;B06;B07;B08;B09;B10;B11;B13;B14;B15;B16;B17;B18;B19;B20;B21;B22;B23;B24;B25;B26;B27;B28;B29;B31;B32;B33;B34;B35;B36;B37;B38;B39;B40;B42;B43;B44;B45;B46;B47;B48;B49;B50;B51;B52;B53;B54;B55;B56;B57;B58;B60,0.75,1,1,5.14,170.43,11
R03,apprentissage,B20,0.9,57,0.9491525423728814,6,1;3;6;13;21;12,B01;B02;B03;B04;B05;B06;B07;B08;B09;B10;B11;B13;B14;B15;B16;B17;B18;B19;B20;B21;B22;B23;B24;B25;B26;B27;B28;B29;B31;B32;B33;B34;B35;B36;B37;B38;B39;B40;B42;B43;B44;B45;B46;B47;B48;B49;B50;B51;B52;B53;B54;B55;B56;B57;B58;B59;B60,0.75,1,1,5.14,170.43,11
R03,apprentissage,B21,0.3,1,0.0,0,,B21,6.3,1,2,74.25,12.27,5
R03,apprentissage,B21,0.6,1,0.0,0,,B21,6.3,1,2,74.25,12.27,5
R03,apprentissage,B21,0.9,2,0.01694915254237288,1,1,B07;B21,6.3,1,2,74.25,12.27,5
R03,apprentissage,B22,0.3,1,0.0,0,,B22,24.62,3,4,102.95,112.23999999999998,17
R03,apprentissage,B22,0.6,3,0.03389830508474576,1,2,B19;B22;B26,24.62,3,4,102.95,112.23999999999998,17
R03,apprentissage,B22,0.9,57,0.9491525423728814,6,3;3;7;13;18;12,B01;B02;B03;B04;B05;B06;B07;B08;B09;B10;B11;B13;B14;B15;B16;B17;B18;B19;B20;B21;B22;B23;B24;B25;B26;B27;B28;B29;B31;B32;B33;B34;B35;B36;B37;B38;B39;B40;B42;B43;B44;B45;B46;B47;B48;B49;B50;B51;B52;B53;B54;B55;B56;B57;B58;B59;B60,24.62,3,4,102.95,112.23999999999998,17
R03,apprentissage,B23,0.3,42,0.6949152542372882,10,4;5;4;5;4;3;6;6;3;1,B01;B02;B03;B04;B05;B06;B10;B11;B13;B15;B16;B17;B18;B19;B20;B21;B22;B23;B24;B26;B29;B31;B33;B34;B35;B36;B37;B40;B42;B43;B44;B45;B46;B47;B48;B51;B52;B53;B54;B55;B57;B60,24.17,11,11,303.08000000000004,399.59,44
R03,apprentissage,B23,0.6,56,0.9322033898305084,6,4;8;13;20;9;1,B01;B02;B03;B04;B05;B06;B07;B08;B09;B10;B11;B13;B14;B15;B16;B17;B18;B19;B20;B21;B22;B23;B24;B25;B26;B27;B28;B29;B31;B32;B33;B34;B35;B36;B37;B38;B39;B40;B42;B43;B44;B45;B46;B47;B48;B49;B50;B51;B52;B53;B54;B55;B56;B57;B58;B60,24.17,11,11,303.08000000000004,399.59,44
R03,apprentissage,B23,0.9,57,0.9491525423728814,4,5;13;23;15,B01;B02;B03;B04;B05;B06;B07;B08;B09;B10;B11;B13;B14;B15;B16;B17;B18;B19;B20;B21;B22;B23;B24;B25;B26;B27;B28;B29;B31;B32;B33;B34;B35;B36;B37;B38;B39;B40;B42;B43;B44;B45;B46;B47;B48;B49;B50;B51;B52;B53;B54;B55;B56;B57;B58;B59;B60,24.17,11,11,303.08000000000004,399.59,44
R03,apprentissage,B24,0.3,1,0.0,0,,B24,2.86,2,3,29.35,62.44,20
R03,apprentissage,B24,0.6,56,0.9322033898305084,6,2;4;15;18;14;2,B01;B02;B03;B04;B05;B06;B07;B08;B09;B10;B11;B13;B14;B15;B16;B17;B18;B19;B20;B21;B22;B23;B24;B25;B26;B27;B28;B29;B31;B32;B33;B34;B35;B36;B37;B38;B39;B40;B42;B43;B44;B45;B46;B47;B48;B49;B50;B51;B52;B53;B54;B55;B56;B57;B58;B60,2.86,2,3,29.35,62.44,20
R03,apprentissage,B24,0.9,57,0.9491525423728814,5,3;9;19;21;4,B01;B02;B03;B04;B05;B06;B07;B08;B09;B10;B11;B13;B14;B15;B16;B17;B18;B19;B20;B21;B22;B23;B24;B25;B26;B27;B28;B29;B31;B32;B33;B34;B35;B36;B37;B38;B39;B40;B42;B43;B44;B45;B46;B47;B48;B49;B50;B51;B52;B53;B54;B55;B56;B57;B58;B59;B60,2.86,2,3,29.35,62.44,20
R03,apprentissage,B25,0.3,1,0.0,0,,B25,8.41,2,2,23.84,40.93000000000001,19
R03,apprentissage,B25,0.6,1,0.0,0,,B25,8.41,2,2,23.84,40.93000000000001,19
R03,apprentissage,B25,0.9,1,0.0,0,,B25,8.41,2,2,23.84,40.93000000000001,19
R03,apprentissage,B26,0.3,1,0.0,0,,B26,18.41,6,1,112.28,8.19,3
R03,apprentissage,B26,0.6,1,0.0,0,,B26,18.41,6,1,112.28,8.19,3
R03,apprentissage,B26,0.9,1,0.0,0,,B26,18.41,6,1,112.28,8.19,3
R03,apprentissage,B27,0.3,1,0.0,0,,B27,2.05,2,2,5.4,54.980000000000004,16
R03,apprentissage,B27,0.6,1,0.0,0,,B27,2.05,2,2,5.4,54.980000000000004,16
R03,apprentissage,B27,0.9,1,0.0,0,,B27,2.05,2,2,5.4,54.980000000000004,16
R03,apprentissage,B28,0.3,1,0.0,0,,B28,1.76,1,1,12.56,25.61,12
R03,apprentissage,B28,0.6,1,0.0,0,,B28,1.76,1,1,12.56,25.61,12
R03,apprentissage,B28,0.9,1,0.0,0,,B28,1.76,1,1,12.56,25.61,12
R03,apprentissage,B29,0.3,1,0.0,0,,B29,0.71,1,4,3.82,32.43,19
R03,apprentissage,B29,0.6,2,0.01694915254237288,1,1,B29;B38,0.71,1,4,3.82,32.43,19
R03,apprentissage,B29,0.9,2,0.01694915254237288,1,1,B29;B38,0.71,1,4,3.82,32.43,19
R03,apprentissage,B30,0.3,1,0.0,0,,B30,1.63,0,0,0.0,0.0,0
R03,apprentissage,B30,0.6,1,0.0,0,,B30,1.63,0,0,0.0,0.0,0
R03,apprentissage,B30,0.9,1,0.0,0,,B30,1.63,0,0,0.0,0.0,0
R03,apprentissage,B31,0.3,1,0.0,0,,B31,3.33,2,4,13.42,85.16,23
R03,apprentissage,B31,0.6,1,0.0,0,,B31,3.33,2,4,13.42,85.16,23
R03,apprentissage,B31,0.9,1,0.0,0,,B31,3.33,2,4,13.42,85.16,23
R03,apprentissage,B32,0.3,1,0.0,0,,B32,14.06,1,5,34.27,62.88,24
R03,apprentissage,B32,0.6,1,0.0,0,,B32,14.06,1,5,34.27,62.88,24
R03,apprentissage,B32,0.9,57,0.9491525423728814,5,1;5;13;22;15,B01;B02;B03;B04;B05;B06;B07;B08;B09;B10;B11;B13;B14;B15;B16;B17;B18;B19;B20;B21;B22;B23;B24;B25;B26;B27;B28;B29;B31;B32;B33;B34;B35;B36;B37;B38;B39;B40;B42;B43;B44;B45;B46;B47;B48;B49;B50;B51;B52;B53;B54;B55;B56;B57;B58;B59;B60,14.06,1,5,34.27,62.88,24
R03,apprentissage,B33,0.3,3,0.03389830508474576,2,1;1,B18;B24;B33,3.14,2,2,24.32,252.91,14
R03,apprentissage,B33,0.6,56,0.9322033898305084,7,1;2;4;9;16;18;5,B01;B02;B03;B04;B05;B06;B07;B08;B09;B10;B11;B13;B14;B15;B16;B17;B18;B19;B20;B21;B22;B23;B24;B25;B26;B27;B28;B29;B31;B32;B33;B34;B35;B36;B37;B38;B39;B40;B42;B43;B44;B45;B46;B47;B48;B49;B50;B51;B52;B53;B54;B55;B56;B57;B58;B60,3.14,2,2,24.32,252.91,14
R03,apprentissage,B33,0.9,57,0.9491525423728814,6,1;3;8;14;23;7,B01;B02;B03;B04;B05;B06;B07;B08;B09;B10;B11;B13;B14;B15;B16;B17;B18;B19;B20;B21;B22;B23;B24;B25;B26;B27;B28;B29;B31;B32;B33;B34;B35;B36;B37;B38;B39;B40;B42;B43;B44;B45;B46;B47;B48;B49;B50;B51;B52;B53;B54;B55;B56;B57;B58;B59;B60,3.14,2,2,24.32,252.91,14
R03,apprentissage,B34,0.3,1,0.0,0,,B34,22.09,4,3,206.04,16.99,16
R03,apprentissage,B34,0.6,1,0.0,0,,B34,22.09,4,3,206.04,16.99,16
R03,apprentissage,B34,0.9,1,0.0,0,,B34,22.09,4,3,206.04,16.99,16
R03,apprentissage,B35,0.3,1,0.0,0,,B35,45.27,12,10,691.7299999999999,292.41,43
R03,apprentissage,B35,0.6,56,0.9322033898305084,6,3;7;12;14;16;3,B01;B02;B03;B04;B05;B06;B07;B08;B09;B10;B11;B13;B14;B15;B16;B17;B18;B19;B20;B21;B22;B23;B24;B25;B26;B27;B28;B29;B31;B32;B33;B34;B35;B36;B37;B38;B39;B40;B42;B43;B44;B45;B46;B47;B48;B49;B50;B51;B52;B53;B54;B55;B56;B57;B58;B60,45.27,12,10,691.7299999999999,292.41,43
R03,apprentissage,B35,0.9,57,0.9491525423728814,5,3;7;13;21;12,B01;B02;B03;B04;B05;B06;B07;B08;B09;B10;B11;B13;B14;B15;B16;B17;B18;B19;B20;B21;B22;B23;B24;B25;B26;B27;B28;B29;B31;B32;B33;B34;B35;B36;B37;B38;B39;B40;B42;B43;B44;B45;B46;B47;B48;B49;B50;B51;B52;B53;B54;B55;B56;B57;B58;B59;B60,45.27,12,10,691.7299999999999,292.41,43
R03,apprentissage,B36,0.3,1,0.0,0,,B36,19.11,3,2,229.57999999999998,119.7,17
R03,apprentissage,B36,0.6,56,0.9322033898305084,8,1;3;1;4;13;19;11;3,B01;B02;B03;B04;B05;B06;B07;B08;B09;B10;B11;B13;B14;B15;B16;B17;B18;B19;B20;B21;B22;B23;B24;B25;B26;B27;B28;B29;B31;B32;B33;B34;B35;B36;B37;B38;B39;B40;B42;B43;B44;B45;B46;B47;B48;B49;B50;B51;B52;B53;B54;B55;B56;B57;B58;B60,19.11,3,2,229.57999999999998,119.7,17
R03,apprentissage,B36,0.9,57,0.9491525423728814,6,1;4;4;14;25;8,B01;B02;B03;B04;B05;B06;B07;B08;B09;B10;B11;B13;B14;B15;B16;B17;B18;B19;B20;B21;B22;B23;B24;B25;B26;B27;B28;B29;B31;B32;B33;B34;B35;B36;B37;B38;B39;B40;B42;B43;B44;B45;B46;B47;B48;B49;B50;B51;B52;B53;B54;B55;B56;B57;B58;B59;B60,19.11,3,2,229.57999999999998,119.7,17
R03,apprentissage,B37,0.3,4,0.05084745762711865,1,3,B13;B36;B37;B52,55.34,13,16,463.7,474.08,49
R03,apprentissage,B37,0.6,56,0.9322033898305084,7,4;1;4;13;19;11;3,B01;B02;B03;B04;B05;B06;B07;B08;B09;B10;B11;B13;B14;B15;B16;B17;B18;B19;B20;B21;B22;B23;B24;B25;B26;B27;B28;B29;B31;B32;B33;B34;B35;B36;B37;B38;B39;B40;B42;B43;B44;B45;B46;B47;B48;B49;B50;B51;B52;B53;B54;B55;B56;B57;B58;B60,55.34,13,16,463.7,474.08,49
R03,apprentissage,B37,0.9,57,0.9491525423728814,5,5;4;14;25;8,B01;B02;B03;B04;B05;B06;B07;B08;B09;B10;B11;B13;B14;B15;B16;B17;B18;B19;B20;B21;B22;B23;B24;B25;B26;B27;B28;B29;B31;B32;B33;B34;B35;B36;B37;B38;B39;B40;B42;B43;B44;B45;B46;B47;B48;B49;B50;B51;B52;B53;B54;B55;B56;B57;B58;B59;B60,55.34,13,16,463.7,474.08,49
R03,apprentissage,B38,0.3,1,0.0,0,,B38,2.11,3,1,15.370000000000001,26.96,12
R03,apprentissage,B38,0.6,1,0.0,0,,B38,2.11,3,1,15.370000000000001,26.96,12
R03,apprentissage,B38,0.9,1,0.0,0,,B38,2.11,3,1,15.370000000000001,26.96,12
R03,apprentissage,B39,0.3,3,0.03389830508474576,2,1;1,B06;B39;B53,7.51,3,3,28.7,18.759999999999998,18
R03,apprentissage,B39,0.6,56,0.9322033898305084,8,1;3;3;3;8;16;15;6,B01;B02;B03;B04;B05;B06;B07;B08;B09;B10;B11;B13;B14;B15;B16;B17;B18;B19;B20;B21;B22;B23;B24;B25;B26;B27;B28;B29;B31;B32;B33;B34;B35;B36;B37;B38;B39;B40;B42;B43;B44;B45;B46;B47;B48;B49;B50;B51;B52;B53;B54;B55;B56;B57;B58;B60,7.51,3,3,28.7,18.759999999999998,18
R03,apprentissage,B39,0.9,57,0.9491525423728814,7,1;3;6;9;20;14;3,B01;B02;B03;B04;B05;B06;B07;B08;B09;B10;B11;B13;B14;B15;B16;B17;B18;B19;B20;B21;B22;B23;B24;B25;B26;B27;B28;B29;B31;B32;B33;B34;B35;B36;B37;B38;B39;B40;B42;B43;B44;B45;B46;B47;B48;B49;B50;B51;B52;B53;B54;B55;B56;B57;B58;B59;B60,7.51,3,3,28.7,18.759999999999998,18
R03,apprentissage,B40,0.3,3,0.03389830508474576,1,2,B21;B34;B40,83.67,11,11,638.5899999999999,372.45000000000005,44
R03,apprentissage,B40,0.6,56,0.9322033898305084,6,4;6;13;18;11;3,B01;B02;B03;B04;B05;B06;B07;B08;B09;B10;B11;B13;B14;B15;B16;B17;B18;B19;B20;B21;B22;B23;B24;B25;B26;B27;B28;B29;B31;B32;B33;B34;B35;B36;B37;B38;B39;B40;B42;B43;B44;B45;B46;B47;B48;B49;B50;B51;B52;B53;B54;B55;B56;B57;B58;B60,83.67,11,11,638.5899999999999,372.45000000000005,44
R03,apprentissage,B40,0.9,57,0.9491525423728814,5,5;10;13;20;8,B01;B02;B03;B04;B05;B06;B07;B08;B09;B10;B11;B13;B14;B15;B16;B17;B18;B19;B20;B21;B22;B23;B24;B25;B26;B27;B28;B29;B31;B32;B33;B34;B35;B36;B37;B38;B39;B40;B42;B43;B44;B45;B46;B47;B48;B49;B50;B51;B52;B53;B54;B55;B56;B57;B58;B59;B60,83.67,11,11,638.5899999999999,372.45000000000005,44
R03,apprentissage,B41,0.3,45,0.7457627118644068,12,1;2;5;3;3;6;6;6;4;5;2;1,B01;B02;B03;B04;B05;B06;B10;B11;B13;B15;B16;B17;B18;B19;B20;B21;B22;B23;B24;B26;B28;B29;B31;B33;B34;B35;B36;B37;B40;B41;B42;B43;B44;B45;B46;B47;B48;B49;B51;B52;B53;B54;B55;B57;B60,1.23,0,3,0.0,102.07999999999998,15
R03,apprentissage,B41,0.6,57,0.9491525423728814,7,1;3;11;16;17;6;2,B01;B02;B03;B04;B05;B06;B07;B08;B09;B10;B11;B13;B14;B15;B16;B17;B18;B19;B20;B21;B22;B23;B24;B25;B26;B27;B28;B29;B31;B32;B33;B34;B35;B36;B37;B38;B39;B40;B41;B42;B43;B44;B45;B46;B47;B48;B49;B50;B51;B52;B53;B54;B55;B56;B57;B58;B60,1.23,0,3,0.0,102.07999999999998,15
R03,apprentissage,B41,0.9,58,0.9661016949152542,6,1;3;12;19;20;2,B01;B02;B03;B04;B05;B06;B07;B08;B09;B10;B11;B13;B14;B15;B16;B17;B18;B19;B20;B21;B22;B23;B24;B25;B26;B27;B28;B29;B31;B32;B33;B34;B35;B36;B37;B38;B39;B40;B41;B42;B43;B44;B45;B46;B47;B48;B49;B50;B51;B52;B53;B54;B55;B56;B57;B58;B59;B60,1.23,0,3,0.0,102.07999999999998,15
R03,apprentissage,B42,0.3,1,0.0,0,,B42,18.88,1,2,137.54,26.46,20
R03,apprentissage,B42,0.6,1,0.0,0,,B42,18.88,1,2,137.54,26.46,20
R03,apprentissage,B42,0.9,1,0.0,0,,B42,18.88,1,2,137.54,26.46,20
R03,apprentissage,B43,0.3,42,0.6949152542372882,12,3;1;1;4;5;8;5;3;3;5;2;1,B01;B02;B03;B04;B05;B06;B10;B11;B13;B15;B16;B17;B18;B19;B20;B21;B22;B23;B24;B26;B29;B31;B33;B34;B35;B36;B37;B40;B42;B43;B44;B45;B46;B47;B48;B51;B52;B53;B54;B55;B57;B60,22.67,12,10,388.78000000000003,165.34000000000003,38
R03,apprentissage,B43,0.6,56,0.9322033898305084,7,3;3;7;13;12;14;3,B01;B02;B03;B04;B05;B06;B07;B08;B09;B10;B11;B13;B14;B15;B16;B17;B18;B19;B20;B21;B22;B23;B24;B25;B26;B27;B28;B29;B31;B32;B33;B34;B35;B36;B37;B38;B39;B40;B42;B43;B44;B45;B46;B47;B48;B49;B50;B51;B52;B53;B54;B55;B56;B57;B58;B60,22.67,12,10,388.78000000000003,165.34000000000003,38
R03,apprentissage,B43,0.9,57,0.9491525423728814,6,4;5;10;16;18;3,B01;B02;B03;B04;B05;B06;B07;B08;B09;B10;B11;B13;B14;B15;B16;B17;B18;B19;B20;B21;B22;B23;B24;B25;B26;B27;B28;B29;B31;B32;B33;B34;B35;B36;B37;B38;B39;B40;B42;B43;B44;B45;B46;B47;B48;B49;B50;B51;B52;B53;B54;B55;B56;B57;B58;B59;B60,22.67,12,10,388.78000000000003,165.34000000000003,38
R03,apprentissage,B44,0.3,1,0.0,0,,B44,10.23,2,1,43.14,15.48,5
R03,apprentissage,B44,0.6,1,0.0,0,,B44,10.23,2,1,43.14,15.48,5
R03,apprentissage,B44,0.9,1,0.0,0,,B44,10.23,2,1,43.14,15.48,5
R03,apprentissage,B45,0.3,42,0.6949152542372882,11,2;5;3;3;6;5;5;4;5;2;1,B01;B02;B03;B04;B05;B06;B10;B11;B13;B15;B16;B17;B18;B19;B20;B21;B22;B23;B24;B26;B29;B31;B33;B34;B35;B36;B37;B40;B42;B43;B44;B45;B46;B47;B48;B51;B52;B53;B54;B55;B57;B60,10.48,7,5,96.05000000000001,225.56,28
R03,apprentissage,B45,0.6,56,0.9322033898305084,6,3;11;16;17;6;2,B01;B02;B03;B04;B05;B06;B07;B08;B09;B10;B11;B13;B14;B15;B16;B17;B18;B19;B20;B21;B22;B23;B24;B25;B26;B27;B28;B29;B31;B32;B33;B34;B35;B36;B37;B38;B39;B40;B42;B43;B44;B45;B46;B47;B48;B49;B50;B51;B52;B53;B54;B55;B56;B57;B58;B60,10.48,7,5,96.05000000000001,225.56,28
R03,apprentissage,B45,0.9,57,0.9491525423728814,6,3;11;17;19;5;1,B01;B02;B03;B04;B05;B06;B07;B08;B09;B10;B11;B13;B14;B15;B16;B17;B18;B19;B20;B21;B22;B23;B24;B25;B26;B27;B28;B29;B31;B32;B33;B34;B35;B36;B37;B38;B39;B40;B42;B43;B44;B45;B46;B47;B48;B49;B50;B51;B52;B53;B54;B55;B56;B57;B58;B59;B60,10.48,7,5,96.05000000000001,225.56,28
R03,apprentissage,B46,0.3,2,0.01694915254237288,1,1,B35;B46,8.47,1,3,28.35,196.02,16
R03,apprentissage,B46,0.6,56,0.9322033898305084,6,2;4;9;16;13;11,B01;B02;B03;B04;B05;B06;B07;B08;B09;B10;B11;B13;B14;B15;B16;B17;B18;B19;B20;B21;B22;B23;B24;B25;B26;B27;B28;B29;B31;B32;B33;B34;B35;B36;B37;B38;B39;B40;B42;B43;B44;B45;B46;B47;B48;B49;B50;B51;B52;B53;B54;B55;B56;B57;B58;B60,8.47,1,3,28.35,196.02,16
R03,apprentissage,B46,0.9,57,0.9491525423728814,6,2;5;10;17;17;5,B01;B02;B03;B04;B05;B06;B07;B08;B09;B10;B11;B13;B14;B15;B16;B17;B18;B19;B20;B21;B22;B23;B24;B25;B26;B27;B28;B29;B31;B32;B33;B34;B35;B36;B37;B38;B39;B40;B42;B43;B44;B45;B46;B47;B48;B49;B50;B51;B52;B53;B54;B55;B56;B57;B58;B59;B60,8.47,1,3,28.35,196.02,16
R03,apprentissage,B47,0.3,42,0.6949152542372882,13,1;2;1;1;4;5;8;5;3;3;5;2;1,B01;B02;B03;B04;B05;B06;B10;B11;B13;B15;B16;B17;B18;B19;B20;B21;B22;B23;B24;B26;B29;B31;B33;B34;B35;B36;B37;B40;B42;B43;B44;B45;B46;B47;B48;B51;B52;B53;B54;B55;B57;B60,1.9,2,5,17.310000000000002,189.79000000000002,23
R03,apprentissage,B47,0.6,56,0.9322033898305084,6,2;7;12;14;16;4,B01;B02;B03;B04;B05;B06;B07;B08;B09;B10;B11;B13;B14;B15;B16;B17;B18;B19;B20;B21;B22;B23;B24;B25;B26;B27;B28;B29;B31;B32;B33;B34;B35;B36;B37;B38;B39;B40;B42;B43;B44;B45;B46;B47;B48;B49;B50;B51;B52;B53;B54;B55;B56;B57;B58;B60,1.9,2,5,17.310000000000002,189.79000000000002,23
R03,apprentissage,B47,0.9,57,0.9491525423728814,5,2;8;15;19;12,B01;B02;B03;B04;B05;B06;B07;B08;B09;B10;B11;B13;B14;B15;B16;B17;B18;B19;B20;B21;B22;B23;B24;B25;B26;B27;B28;B29;B31;B32;B33;B34;B35;B36;B37;B38;B39;B40;B42;B43;B44;B45;B46;B47;B48;B49;B50;B51;B52;B53;B54;B55;B56;B57;B58;B59;B60,1.9,2,5,17.310000000000002,189.79000000000002,23
R03,apprentissage,B48,0.3,1,0.0,0,,B48,12.81,4,4,85.74,188.04999999999998,21
R03,apprentissage,B48,0.6,1,0.0,0,,B48,12.81,4,4,85.74,188.04999999999998,21
R03,apprentissage,B48,0.9,57,0.9491525423728814,5,2;9;17;20;8,B01;B02;B03;B04;B05;B06;B07;B08;B09;B10;B11;B13;B14;B15;B16;B17;B18;B19;B20;B21;B22;B23;B24;B25;B26;B27;B28;B29;B31;B32;B33;B34;B35;B36;B37;B38;B39;B40;B42;B43;B44;B45;B46;B47;B48;B49;B50;B51;B52;B53;B54;B55;B56;B57;B58;B59;B60,12.81,4,4,85.74,188.04999999999998,21
R03,apprentissage,B49,0.3,2,0.01694915254237288,1,1,B28;B49,7.54,2,3,28.1,35.09,10
R03,apprentissage,B49,0.6,2,0.01694915254237288,1,1,B28;B49,7.54,2,3,28.1,35.09,10
R03,apprentissage,B49,0.9,2,0.01694915254237288,1,1,B28;B49,7.54,2,3,28.1,35.09,10
R03,apprentissage,B50,0.3,2,0.01694915254237288,1,1,B06;B50,8.26,2,2,16.6,22.05,5
R03,apprentissage,B50,0.6,2,0.01694915254237288,1,1,B06;B50,8.26,2,2,16.6,22.05,5
R03,apprentissage,B50,0.9,2,0.01694915254237288,1,1,B06;B50,8.26,2,2,16.6,22.05,5
R03,apprentissage,B51,0.3,5,0.06779661016949153,2,1;3,B02;B10;B44;B51;B54,4.06,2,4,27.28,152.46,25
R03,apprentissage,B51,0.6,56,0.9322033898305084,6,1;5;11;16;16;6,B01;B02;B03;B04;B05;B06;B07;B08;B09;B10;B11;B13;B14;B15;B16;B17;B18;B19;B20;B21;B22;B23;B24;B25;B26;B27;B28;B29;B31;B32;B33;B34;B35;B36;B37;B38;B39;B40;B42;B43;B44;B45;B46;B47;B48;B49;B50;B51;B52;B53;B54;B55;B56;B57;B58;B60,4.06,2,4,27.28,152.46,25
R03,apprentissage,B51,0.9,57,0.9491525423728814,6,1;5;13;22;13;2,B01;B02;B03;B04;B05;B06;B07;B08;B09;B10;B11;B13;B14;B15;B16;B17;B18;B19;B20;B21;B22;B23;B24;B25;B26;B27;B28;B29;B31;B32;B33;B34;B35;B36;B37;B38;B39;B40;B42;B43;B44;B45;B46;B47;B48;B49;B50;B51;B52;B53;B54;B55;B56;B57;B58;B59;B60,4.06,2,4,27.28,152.46,25
R03,apprentissage,B52,0.3,1,0.0,0,,B52,15.47,2,3,69.41,162.21,24
R03,apprentissage,B52,0.6,56,0.9322033898305084,8,1;3;1;4;13;19;11;3,B01;B02;B03;B04;B05;B06;B07;B08;B09;B10;B11;B13;B14;B15;B16;B17;B18;B19;B20;B21;B22;B23;B24;B25;B26;B27;B28;B29;B31;B32;B33;B34;B35;B36;B37;B38;B39;B40;B42;B43;B44;B45;B46;B47;B48;B49;B50;B51;B52;B53;B54;B55;B56;B57;B58;B60,15.47,2,3,69.41,162.21,24
R03,apprentissage,B52,0.9,57,0.9491525423728814,5,2;8;16;25;5,B01;B02;B03;B04;B05;B06;B07;B08;B09;B10;B11;B13;B14;B15;B16;B17;B18;B19;B20;B21;B22;B23;B24;B25;B26;B27;B28;B29;B31;B32;B33;B34;B35;B36;B37;B38;B39;B40;B42;B43;B44;B45;B46;B47;B48;B49;B50;B51;B52;B53;B54;B55;B56;B57;B58;B59;B60,15.47,2,3,69.41,162.21,24
R03,apprentissage,B53,0.3,2,0.01694915254237288,1,1,B06;B53,1.36,2,5,15.69,129.37,22
R03,apprentissage,B53,0.6,56,0.9322033898305084,7,3;3;3;8;16;16;6,B01;B02;B03;B04;B05;B06;B07;B08;B09;B10;B11;B13;B14;B15;B16;B17;B18;B19;B20;B21;B22;B23;B24;B25;B26;B27;B28;B29;B31;B32;B33;B34;B35;B36;B37;B38;B39;B40;B42;B43;B44;B45;B46;B47;B48;B49;B50;B51;B52;B53;B54;B55;B56;B57;B58;B60,1.36,2,5,15.69,129.37,22
R03,apprentissage,B53,0.9,57,0.9491525423728814,6,3;6;9;20;15;3,B01;B02;B03;B04;B05;B06;B07;B08;B09;B10;B11;B13;B14;B15;B16;B17;B18;B19;B20;B21;B22;B23;B24;B25;B26;B27;B28;B29;B31;B32;B33;B34;B35;B36;B37;B38;B39;B40;B42;B43;B44;B45;B46;B47;B48;B49;B50;B51;B52;B53;B54;B55;B56;B57;B58;B59;B60,1.36,2,5,15.69,129.37,22
R03,apprentissage,B54,0.3,5,0.06779661016949153,1,4,B02;B10;B44;B51;B54,18.95,12,10,333.27,342.3,43
R03,apprentissage,B54,0.6,56,0.9322033898305084,5,6;11;16;16;6,B01;B02;B03;B04;B05;B06;B07;B08;B09;B10;B11;B13;B14;B15;B16;B17;B18;B19;B20;B21;B22;B23;B24;B25;B26;B27;B28;B29;B31;B32;B33;B34;B35;B36;B37;B38;B39;B40;B42;B43;B44;B45;B46;B47;B48;B49;B50;B51;B52;B53;B54;B55;B56;B57;B58;B60,18.95,12,10,333.27,342.3,43
R03,apprentissage,B54,0.9,57,0.9491525423728814,5,6;13;22;13;2,B01;B02;B03;B04;B05;B06;B07;B08;B09;B10;B11;B13;B14;B15;B16;B17;B18;B19;B20;B21;B22;B23;B24;B25;B26;B27;B28;B29;B31;B32;B33;B34;B35;B36;B37;B38;B39;B40;B42;B43;B44;B45;B46;B47;B48;B49;B50;B51;B52;B53;B54;B55;B56;B57;B58;B59;B60,18.95,12,10,333.27,342.3,43
R03,apprentissage,B55,0.3,1,0.0,0,,B55,0.87,1,3,4.16,33.370000000000005,17
R03,apprentissage,B55,0.6,1,0.0,0,,B55,0.87,1,3,4.16,33.370000000000005,17
R03,apprentissage,B55,0.9,1,0.0,0,,B55,0.87,1,3,4.16,33.370000000000005,17
R03,apprentissage,B56,0.3,1,0.0,0,,B56,1.13,1,1,7.06,15.06,11
R03,apprentissage,B56,0.6,1,0.0,0,,B56,1.13,1,1,7.06,15.06,11
R03,apprentissage,B56,0.9,1,0.0,0,,B56,1.13,1,1,7.06,15.06,11
R03,apprentissage,B57,0.3,42,0.6949152542372882,11,1;3;1;1;4;5;8;6;7;4;1,B01;B02;B03;B04;B05;B06;B10;B11;B13;B15;B16;B17;B18;B19;B20;B21;B22;B23;B24;B26;B29;B31;B33;B34;B35;B36;B37;B40;B42;B43;B44;B45;B46;B47;B48;B51;B52;B53;B54;B55;B57;B60,1.99,1,3,13.05,155.20999999999998,24
R03,apprentissage,B57,0.6,56,0.9322033898305084,8,1;3;3;7;14;14;12;1,B01;B02;B03;B04;B05;B06;B07;B08;B09;B10;B11;B13;B14;B15;B16;B17;B18;B19;B20;B21;B22;B23;B24;B25;B26;B27;B28;B29;B31;B32;B33;B34;B35;B36;B37;B38;B39;B40;B42;B43;B44;B45;B46;B47;B48;B49;B50;B51;B52;B53;B54;B55;B56;B57;B58;B60,1.99,1,3,13.05,155.20999999999998,24
R03,apprentissage,B57,0.9,57,0.9491525423728814,7,1;4;5;11;19;15;1,B01;B02;B03;B04;B05;B06;B07;B08;B09;B10;B11;B13;B14;B15;B16;B17;B18;B19;B20;B21;B22;B23;B24;B25;B26;B27;B28;B29;B31;B32;B33;B34;B35;B36;B37;B38;B39;B40;B42;B43;B44;B45;B46;B47;B48;B49;B50;B51;B52;B53;B54;B55;B56;B57;B58;B59;B60,1.99,1,3,13.05,155.20999999999998,24
R03,apprentissage,B58,0.3,1,0.0,0,,B58,64.73,5,2,116.09,74.89,24
R03,apprentissage,B58,0.6,1,0.0,0,,B58,64.73,5,2,116.09,74.89,24
R03,apprentissage,B58,0.9,57,0.9491525423728814,6,1;6;9;18;15;7,B01;B02;B03;B04;B05;B06;B07;B08;B09;B10;B11;B13;B14;B15;B16;B17;B18;B19;B20;B21;B22;B23;B24;B25;B26;B27;B28;B29;B31;B32;B33;B34;B35;B36;B37;B38;B39;B40;B42;B43;B44;B45;B46;B47;B48;B49;B50;B51;B52;B53;B54;B55;B56;B57;B58;B59;B60,64.73,5,2,116.09,74.89,24
R03,apprentissage,B59,0.3,1,0.0,0,,B59,25.92,3,4,41.91,25.830000000000002,21
R03,apprentissage,B59,0.6,2,0.01694915254237288,1,1,B38;B59,25.92,3,4,41.91,25.830000000000002,21
R03,apprentissage,B59,0.9,2,0.01694915254237288,1,1,B38;B59,25.92,3,4,41.91,25.830000000000002,21
R03,apprentissage,B60,0.3,1,0.0,0,,B60,6.44,2,2,47.5,25.15,9
R03,apprentissage,B60,0.6,2,0.01694915254237288,1,1,B31;B60,6.44,2,2,47.5,25.15,9
R03,apprentissage,B60,0.9,57,0.9491525423728814,6,2;2;9;16;19;8,B01;B02;B03;B04;B05;B06;B07;B08;B09;B10;B11;B13;B14;B15;B16;B17;B18;B19;B20;B21;B22;B23;B24;B25;B26;B27;B28;B29;B31;B32;B33;B34;B35;B36;B37;B38;B39;B40;B42;B43;B44;B45;B46;B47;B48;B49;B50;B51;B52;B53;B54;B55;B56;B57;B58;B59;B60,6.44,2,2,47.5,25.15,9
R04,validation,B01,0.3,1,0.0,0,,B01,18.81,2,4,103.69999999999999,71.11,28
R04,validation,B01,0.6,1,0.0,0,,B01,18.81,2,4,103.69999999999999,71.11,28
R04,validation,B01,0.9,1,0.0,0,,B01,18.81,2,4,103.69999999999999,71.11,28
R04,validation,B02,0.3,1,0.0,0,,B02,7.73,3,0,76.88999999999999,0.0,0
R04,validation,B02,0.6,1,0.0,0,,B02,7.73,3,0,76.88999999999999,0.0,0
R04,validation,B02,0.9,1,0.0,0,,B02,7.73,3,0,76.88999999999999,0.0,0
R04,validation,B03,0.3,49,0.8135593220338984,6,6;4;7;19;9;3,B01;B02;B03;B04;B05;B06;B08;B11;B12;B13;B14;B15;B16;B19;B20;B21;B24;B26;B27;B28;B29;B30;B31;B32;B33;B34;B35;B36;B37;B38;B39;B41;B42;B43;B44;B45;B47;B48;B49;B50;B52;B53;B54;B55;B56;B57;B58;B59;B60,42.2,14,12,627.55,327.77,48
R04,validation,B03,0.6,54,0.8983050847457628,5,8;10;16;17;2,B01;B02;B03;B04;B05;B06;B08;B09;B11;B12;B13;B14;B15;B16;B17;B18;B19;B20;B21;B23;B24;B26;B27;B28;B29;B30;B31;B32;B33;B34;B35;B36;B37;B38;B39;B41;B42;B43;B44;B45;B46;B47;B48;B49;B50;B52;B53;B54;B55;B56;B57;B58;B59;B60,42.2,14,12,627.55,327.77,48
R04,validation,B03,0.9,54,0.8983050847457628,4,8;14;19;12,B01;B02;B03;B04;B05;B06;B08;B09;B11;B12;B13;B14;B15;B16;B17;B18;B19;B20;B21;B23;B24;B26;B27;B28;B29;B30;B31;B32;B33;B34;B35;B36;B37;B38;B39;B41;B42;B43;B44;B45;B46;B47;B48;B49;B50;B52;B53;B54;B55;B56;B57;B58;B59;B60,42.2,14,12,627.55,327.77,48
R04,validation,B04,0.3,1,0.0,0,,B04,1.56,1,1,15.39,5.48,18
R04,validation,B04,0.6,1,0.0,0,,B04,1.56,1,1,15.39,5.48,18
R04,validation,B04,0.9,1,0.0,0,,B04,1.56,1,1,15.39,5.48,18
R04,validation,B05,0.3,1,0.0,0,,B05,1.17,1,1,11.58,4.33,10
R04,validation,B05,0.6,1,0.0,0,,B05,1.17,1,1,11.58,4.33,10
R04,validation,B05,0.9,1,0.0,0,,B05,1.17,1,1,11.58,4.33,10
R04,validation,B06,0.3,49,0.8135593220338984,6,2;8;9;16;11;2,B01;B02;B03;B04;B05;B06;B08;B11;B12;B13;B14;B15;B16;B19;B20;B21;B24;B26;B27;B28;B29;B30;B31;B32;B33;B34;B35;B36;B37;B38;B39;B41;B42;B43;B44;B45;B47;B48;B49;B50;B52;B53;B54;B55;B56;B57;B58;B59;B60,5.04,1,3,40.36,179.03,27
R04,validation,B06,0.6,54,0.8983050847457628,5,2;14;21;14;2,B01;B02;B03;B04;B05;B06;B08;B09;B11;B12;B13;B14;B15;B16;B17;B18;B19;B20;B21;B23;B24;B26;B27;B28;B29;B30;B31;B32;B33;B34;B35;B36;B37;B38;B39;B41;B42;B43;B44;B45;B46;B47;B48;B49;B50;B52;B53;B54;B55;B56;B57;B58;B59;B60,5.04,1,3,40.36,179.03,27
R04,validation,B06,0.9,54,0.8983050847457628,4,2;17;29;5,B01;B02;B03;B04;B05;B06;B08;B09;B11;B12;B13;B14;B15;B16;B17;B18;B19;B20;B21;B23;B24;B26;B27;B28;B29;B30;B31;B32;B33;B34;B35;B36;B37;B38;B39;B41;B42;B43;B44;B45;B46;B47;B48;B49;B50;B52;B53;B54;B55;B56;B57;B58;B59;B60,5.04,1,3,40.36,179.03,27
R04,validation,B07,0.3,1,0.0,0,,B07,1.24,0,0,0.0,0.0,0
R04,validation,B07,0.6,1,0.0,0,,B07,1.24,0,0,0.0,0.0,0
R04,validation,B07,0.9,1,0.0,0,,B07,1.24,0,0,0.0,0.0,0
R04,validation,B08,0.3,2,0.01694915254237288,1,1,B08;B29,10.6,3,2,55.67,76.3,12
R04,validation,B08,0.6,54,0.8983050847457628,7,1;1;2;2;9;27;11,B01;B02;B03;B04;B05;B06;B08;B09;B11;B12;B13;B14;B15;B16;B17;B18;B19;B20;B21;B23;B24;B26;B27;B28;B29;B30;B31;B32;B33;B34;B35;B36;B37;B38;B39;B41;B42;B43;B44;B45;B46;B47;B48;B49;B50;B52;B53;B54;B55;B56;B57;B58;B59;B60,10.6,3,2,55.67,76.3,12
R04,validation,B08,0.9,54,0.8983050847457628,7,1;1;4;14;29;3;1,B01;B02;B03;B04;B05;B06;B08;B09;B11;B12;B13;B14;B15;B16;B17;B18;B19;B20;B21;B23;B24;B26;B27;B28;B29;B30;B31;B32;B33;B34;B35;B36;B37;B38;B39;B41;B42;B43;B44;B45;B46;B47;B48;B49;B50;B52;B53;B54;B55;B56;B57;B58;B59;B60,10.6,3,2,55.67,76.3,12
R04,validation,B09,0.3,1,0.0,0,,B09,19.06,5,2,75.64,31.72,14
R04,validation,B09,0.6,1,0.0,0,,B09,19.06,5,2,75.64,31.72,14
R04,validation,B09,0.9,54,0.8983050847457628,4,2;10;17;24,B01;B02;B03;B04;B05;B06;B08;B09;B11;B12;B13;B14;B15;B16;B17;B18;B19;B20;B21;B23;B24;B26;B27;B28;B29;B30;B31;B32;B33;B34;B35;B36;B37;B38;B39;B41;B42;B43;B44;B45;B46;B47;B48;B49;B50;B52;B53;B54;B55;B56;B57;B58;B59;B60,19.06,5,2,75.64,31.72,14
R04,validation,B10,0.3,2,0.01694915254237288,1,1,B10;B51,1.3,0,5,0.0,108.31,27
R04,validation,B10,0.6,56,0.9322033898305084,5,2;9;19;19;6,B01;B02;B03;B04;B05;B06;B08;B09;B10;B11;B12;B13;B14;B15;B16;B17;B18;B19;B20;B21;B23;B24;B26;B27;B28;B29;B30;B31;B32;B33;B34;B35;B36;B37;B38;B39;B41;B42;B43;B44;B45;B46;B47;B48;B49;B50;B51;B52;B53;B54;B55;B56;B57;B58;B59;B60,1.3,0,5,0.0,108.31,27
R04,validation,B10,0.9,56,0.9322033898305084,4,3;17;28;7,B01;B02;B03;B04;B05;B06;B08;B09;B10;B11;B12;B13;B14;B15;B16;B17;B18;B19;B20;B21;B23;B24;B26;B27;B28;B29;B30;B31;B32;B33;B34;B35;B36;B37;B38;B39;B41;B42;B43;B44;B45;B46;B47;B48;B49;B50;B51;B52;B53;B54;B55;B56;B57;B58;B59;B60,1.3,0,5,0.0,108.31,27
R04,validation,B11,0.3,49,0.8135593220338984,7,5;6;4;14;14;4;1,B01;B02;B03;B04;B05;B06;B08;B11;B12;B13;B14;B15;B16;B19;B20;B21;B24;B26;B27;B28;B29;B30;B31;B32;B33;B34;B35;B36;B37;B38;B39;B41;B42;B43;B44;B45;B47;B48;B49;B50;B52;B53;B54;B55;B56;B57;B58;B59;B60,23.2,13,12,244.72999999999996,691.6200000000001,46
R04,validation,B11,0.6,54,0.8983050847457628,4,7;25;18;3,B01;B02;B03;B04;B05;B06;B08;B09;B11;B12;B13;B14;B15;B16;B17;B18;B19;B20;B21;B23;B24;B26;B27;B28;B29;B30;B31;B32;B33;B34;B35;B36;B37;B38;B39;B41;B42;B43;B44;B45;B46;B47;B48;B49;B50;B52;B53;B54;B55;B56;B57;B58;B59;B60,23.2,13,12,244.72999999999996,691.6200000000001,46
R04,validation,B11,0.9,54,0.8983050847457628,4,8;30;14;1,B01;B02;B03;B04;B05;B06;B08;B09;B11;B12;B13;B14;B15;B16;B17;B18;B19;B20;B21;B23;B24;B26;B27;B28;B29;B30;B31;B32;B33;B34;B35;B36;B37;B38;B39;B41;B42;B43;B44;B45;B46;B47;B48;B49;B50;B52;B53;B54;B55;B56;B57;B58;B59;B60,23.2,13,12,244.72999999999996,691.6200000000001,46
R04,validation,B12,0.3,1,0.0,0,,B12,5.09,2,2,30.08,20.08,16
R04,validation,B12,0.6,1,0.0,0,,B12,5.09,2,2,30.08,20.08,16
R04,validation,B12,0.9,1,0.0,0,,B12,5.09,2,2,30.08,20.08,16
R04,validation,B13,0.3,1,0.0,0,,B13,22.55,1,1,325.91,27.41,3
R04,validation,B13,0.6,54,0.8983050847457628,8,1;1;1;7;10;14;17;2,B01;B02;B03;B04;B05;B06;B08;B09;B11;B12;B13;B14;B15;B16;B17;B18;B19;B20;B21;B23;B24;B26;B27;B28;B29;B30;B31;B32;B33;B34;B35;B36;B37;B38;B39;B41;B42;B43;B44;B45;B46;B47;B48;B49;B50;B52;B53;B54;B55;B56;B57;B58;B59;B60,22.55,1,1,325.91,27.41,3
R04,validation,B13,0.9,54,0.8983050847457628,6,1;1;2;13;23;13,B01;B02;B03;B04;B05;B06;B08;B09;B11;B12;B13;B14;B15;B16;B17;B18;B19;B20;B21;B23;B24;B26;B27;B28;B29;B30;B31;B32;B33;B34;B35;B36;B37;B38;B39;B41;B42;B43;B44;B45;B46;B47;B48;B49;B50;B52;B53;B54;B55;B56;B57;B58;B59;B60,22.55,1,1,325.91,27.41,3
R04,validation,B14,0.3,1,0.0,0,,B14,4.71,4,2,28.590000000000003,29.990000000000002,15
R04,validation,B14,0.6,1,0.0,0,,B14,4.71,4,2,28.590000000000003,29.990000000000002,15
R04,validation,B14,0.9,1,0.0,0,,B14,4.71,4,2,28.590000000000003,29.990000000000002,15
R04,validation,B15,0.3,49,0.8135593220338984,6,6;3;7;13;15;4,B01;B02;B03;B04;B05;B06;B08;B11;B12;B13;B14;B15;B16;B19;B20;B21;B24;B26;B27;B28;B29;B30;B31;B32;B33;B34;B35;B36;B37;B38;B39;B41;B42;B43;B44;B45;B47;B48;B49;B50;B52;B53;B54;B55;B56;B57;B58;B59;B60,8.91,12,17,273.62999999999994,1349.34,50
R04,validation,B15,0.6,54,0.8983050847457628,4,10;15;23;5,B01;B02;B03;B04;B05;B06;B08;B09;B11;B12;B13;B14;B15;B16;B17;B18;B19;B20;B21;B23;B24;B26;B27;B28;B29;B30;B31;B32;B33;B34;B35;B36;B37;B38;B39;B41;B42;B43;B44;B45;B46;B47;B48;B49;B50;B52;B53;B54;B55;B56;B57;B58;B59;B60,8.91,12,17,273.62999999999994,1349.34,50
R04,validation,B15,0.9,54,0.8983050847457628,4,12;22;18;1,B01;B02;B03;B04;B05;B06;B08;B09;B11;B12;B13;B14;B15;B16;B17;B18;B19;B20;B21;B23;B24;B26;B27;B28;B29;B30;B31;B32;B33;B34;B35;B36;B37;B38;B39;B41;B42;B43;B44;B45;B46;B47;B48;B49;B50;B52;B53;B54;B55;B56;B57;B58;B59;B60,8.91,12,17,273.62999999999994,1349.34,50
R04,validation,B16,0.3,1,0.0,0,,B16,1.12,3,3,12.670000000000002,64.69,22
R04,validation,B16,0.6,1,0.0,0,,B16,1.12,3,3,12.670000000000002,64.69,22
R04,validation,B16,0.9,1,0.0,0,,B16,1.12,3,3,12.670000000000002,64.69,22
R04,validation,B17,0.3,2,0.01694915254237288,1,1,B16;B17,125.56,4,5,291.59,44.06,29
R04,validation,B17,0.6,2,0.01694915254237288,1,1,B16;B17,125.56,4,5,291.59,44.06,29
R04,validation,B17,0.9,2,0.01694915254237288,1,1,B16;B17,125.56,4,5,291.59,44.06,29
R04,validation,B18,0.3,1,0.0,0,,B18,14.51,4,2,42.169999999999995,49.01,18
R04,validation,B18,0.6,1,0.0,0,,B18,14.51,4,2,42.169999999999995,49.01,18
R04,validation,B18,0.9,54,0.8983050847457628,6,1;1;8;30;12;1,B01;B02;B03;B04;B05;B06;B08;B09;B11;B12;B13;B14;B15;B16;B17;B18;B19;B20;B21;B23;B24;B26;B27;B28;B29;B30;B31;B32;B33;B34;B35;B36;B37;B38;B39;B41;B42;B43;B44;B45;B46;B47;B48;B49;B50;B52;B53;B54;B55;B56;B57;B58;B59;B60,14.51,4,2,42.169999999999995,49.01,18
R04,validation,B19,0.3,49,0.8135593220338984,8,1;2;4;7;5;12;13;4,B01;B02;B03;B04;B05;B06;B08;B11;B12;B13;B14;B15;B16;B19;B20;B21;B24;B26;B27;B28;B29;B30;B31;B32;B33;B34;B35;B36;B37;B38;B39;B41;B42;B43;B44;B45;B47;B48;B49;B50;B52;B53;B54;B55;B56;B57;B58;B59;B60,5.71,3,1,58.23,3.11,4
R04,validation,B19,0.6,54,0.8983050847457628,5,1;2;9;27;14,B01;B02;B03;B04;B05;B06;B08;B09;B11;B12;B13;B14;B15;B16;B17;B18;B19;B20;B21;B23;B24;B26;B27;B28;B29;B30;B31;B32;B33;B34;B35;B36;B37;B38;B39;B41;B42;B43;B44;B45;B46;B47;B48;B49;B50;B52;B53;B54;B55;B56;B57;B58;B59;B60,5.71,3,1,58.23,3.11,4
R04,validation,B19,0.9,54,0.8983050847457628,5,1;3;13;31;5,B01;B02;B03;B04;B05;B06;B08;B09;B11;B12;B13;B14;B15;B16;B17;B18;B19;B20;B21;B23;B24;B26;B27;B28;B29;B30;B31;B32;B33;B34;B35;B36;B37;B38;B39;B41;B42;B43;B44;B45;B46;B47;B48;B49;B50;B52;B53;B54;B55;B56;B57;B58;B59;B60,5.71,3,1,58.23,3.11,4
R04,validation,B20,0.3,1,0.0,0,,B20,6.5,6,4,37.91,46.78,22
R04,validation,B20,0.6,1,0.0,0,,B20,6.5,6,4,37.91,46.78,22
R04,validation,B20,0.9,54,0.8983050847457628,5,1;8;30;13;1,B01;B02;B03;B04;B05;B06;B08;B09;B11;B12;B13;B14;B15;B16;B17;B18;B19;B20;B21;B23;B24;B26;B27;B28;B29;B30;B31;B32;B33;B34;B35;B36;B37;B38;B39;B41;B42;B43;B44;B45;B46;B47;B48;B49;B50;B52;B53;B54;B55;B56;B57;B58;B59;B60,6.5,6,4,37.91,46.78,22
R04,validation,B21,0.3,4,0.05084745762711865,1,3,B21;B28;B39;B49,10.43,10,13,387.62,539.4,48
R04,validation,B21,0.6,54,0.8983050847457628,4,5;12;21;15,B01;B02;B03;B04;B05;B06;B08;B09;B11;B12;B13;B14;B15;B16;B17;B18;B19;B20;B21;B23;B24;B26;B27;B28;B29;B30;B31;B32;B33;B34;B35;B36;B37;B38;B39;B41;B42;B43;B44;B45;B46;B47;B48;B49;B50;B52;B53;B54;B55;B56;B57;B58;B59;B60,10.43,10,13,387.62,539.4,48
R04,validation,B21,0.9,54,0.8983050847457628,3,8;28;17,B01;B02;B03;B04;B05;B06;B08;B09;B11;B12;B13;B14;B15;B16;B17;B18;B19;B20;B21;B23;B24;B26;B27;B28;B29;B30;B31;B32;B33;B34;B35;B36;B37;B38;B39;B41;B42;B43;B44;B45;B46;B47;B48;B49;B50;B52;B53;B54;B55;B56;B57;B58;B59;B60,10.43,10,13,387.62,539.4,48
R04,validation,B22,0.3,1,0.0,0,,B22,1.04,0,1,0.0,27.8,14
R04,validation,B22,0.6,1,0.0,0,,B22,1.04,0,1,0.0,27.8,14
R04,validation,B22,0.9,55,0.9152542372881356,4,1;10;17;26,B01;B02;B03;B04;B05;B06;B08;B09;B11;B12;B13;B14;B15;B16;B17;B18;B19;B20;B21;B22;B23;B24;B26;B27;B28;B29;B30;B31;B32;B33;B34;B35;B36;B37;B38;B39;B41;B42;B43;B44;B45;B46;B47;B48;B49;B50;B52;B53;B54;B55;B56;B57;B58;B59;B60,1.04,0,1,0.0,27.8,14
R04,validation,B23,0.3,1,0.0,0,,B23,2.74,1,1,6.83,2.67,3
R04,validation,B23,0.6,1,0.0,0,,B23,2.74,1,1,6.83,2.67,3
R04,validation,B23,0.9,1,0.0,0,,B23,2.74,1,1,6.83,2.67,3
R04,validation,B24,0.3,1,0.0,0,,B24,10.1,6,0,162.18,0.0,0
R04,validation,B24,0.6,1,0.0,0,,B24,10.1,6,0,162.18,0.0,0
R04,validation,B24,0.9,1,0.0,0,,B24,10.1,6,0,162.18,0.0,0
R04,validation,B25,0.3,1,0.0,0,,B25,1.19,0,0,0.0,0.0,0
R04,validation,B25,0.6,1,0.0,0,,B25,1.19,0,0,0.0,0.0,0
R04,validation,B25,0.9,1,0.0,0,,B25,1.19,0,0,0.0,0.0,0
R04,validation,B26,0.3,1,0.0,0,,B26,8.01,2,4,33.23,19.22,21
R04,validation,B26,0.6,1,0.0,0,,B26,8.01,2,4,33.23,19.22,21
R04,validation,B26,0.9,54,0.8983050847457628,6,1;1;8;30;12;1,B01;B02;B03;B04;B05;B06;B08;B09;B11;B12;B13;B14;B15;B16;B17;B18;B19;B20;B21;B23;B24;B26;B27;B28;B29;B30;B31;B32;B33;B34;B35;B36;B37;B38;B39;B41;B42;B43;B44;B45;B46;B47;B48;B49;B50;B52;B53;B54;B55;B56;B57;B58;B59;B60,8.01,2,4,33.23,19.22,21
R04,validation,B27,0.3,49,0.8135593220338984,7,1;2;5;3;16;17;4,B01;B02;B03;B04;B05;B06;B08;B11;B12;B13;B14;B15;B16;B19;B20;B21;B24;B26;B27;B28;B29;B30;B31;B32;B33;B34;B35;B36;B37;B38;B39;B41;B42;B43;B44;B45;B47;B48;B49;B50;B52;B53;B54;B55;B56;B57;B58;B59;B60,1.26,2,3,8.34,53.12,12
R04,validation,B27,0.6,54,0.8983050847457628,5,1;4;14;29;5,B01;B02;B03;B04;B05;B06;B08;B09;B11;B12;B13;B14;B15;B16;B17;B18;B19;B20;B21;B23;B24;B26;B27;B28;B29;B30;B31;B32;B33;B34;B35;B36;B37;B38;B39;B41;B42;B43;B44;B45;B46;B47;B48;B49;B50;B52;B53;B54;B55;B56;B57;B58;B59;B60,1.26,2,3,8.34,53.12,12
R04,validation,B27,0.9,54,0.8983050847457628,5,1;4;14;30;4,B01;B02;B03;B04;B05;B06;B08;B09;B11;B12;B13;B14;B15;B16;B17;B18;B19;B20;B21;B23;B24;B26;B27;B28;B29;B30;B31;B32;B33;B34;B35;B36;B37;B38;B39;B41;B42;B43;B44;B45;B46;B47;B48;B49;B50;B52;B53;B54;B55;B56;B57;B58;B59;B60,1.26,2,3,8.34,53.12,12
R04,validation,B28,0.3,1,0.0,0,,B28,5.79,2,3,39.96,22.299999999999997,21
R04,validation,B28,0.6,1,0.0,0,,B28,5.79,2,3,39.96,22.299999999999997,21
R04,validation,B28,0.9,1,0.0,0,,B28,5.79,2,3,39.96,22.299999999999997,21
R04,validation,B29,0.3,1,0.0,0,,B29,2.77,2,2,26.88,101.41,12
R04,validation,B29,0.6,54,0.8983050847457628,6,1;2;2;9;28;11,B01;B02;B03;B04;B05;B06;B08;B09;B11;B12;B13;B14;B15;B16;B17;B18;B19;B20;B21;B23;B24;B26;B27;B28;B29;B30;B31;B32;B33;B34;B35;B36;B37;B38;B39;B41;B42;B43;B44;B45;B46;B47;B48;B49;B50;B52;B53;B54;B55;B56;B57;B58;B59;B60,2.77,2,2,26.88,101.41,12
R04,validation,B29,0.9,54,0.8983050847457628,6,1;5;14;29;3;1,B01;B02;B03;B04;B05;B06;B08;B09;B11;B12;B13;B14;B15;B16;B17;B18;B19;B20;B21;B23;B24;B26;B27;B28;B29;B30;B31;B32;B33;B34;B35;B36;B37;B38;B39;B41;B42;B43;B44;B45;B46;B47;B48;B49;B50;B52;B53;B54;B55;B56;B57;B58;B59;B60,2.77,2,2,26.88,101.41,12
R04,validation,B30,0.3,49,0.8135593220338984,7,2;4;7;5;12;14;4,B01;B02;B03;B04;B05;B06;B08;B11;B12;B13;B14;B15;B16;B19;B20;B21;B24;B26;B27;B28;B29;B30;B31;B32;B33;B34;B35;B36;B37;B38;B39;B41;B42;B43;B44;B45;B47;B48;B49;B50;B52;B53;B54;B55;B56;B57;B58;B59;B60,0.78,3,3,11.76,1039.17,19
R04,validation,B30,0.6,54,0.8983050847457628,4,2;9;28;14,B01;B02;B03;B04;B05;B06;B08;B09;B11;B12;B13;B14;B15;B16;B17;B18;B19;B20;B21;B23;B24;B26;B27;B28;B29;B30;B31;B32;B33;B34;B35;B36;B37;B38;B39;B41;B42;B43;B44;B45;B46;B47;B48;B49;B50;B52;B53;B54;B55;B56;B57;B58;B59;B60,0.78,3,3,11.76,1039.17,19
R04,validation,B30,0.9,54,0.8983050847457628,4,3;13;32;5,B01;B02;B03;B04;B05;B06;B08;B09;B11;B12;B13;B14;B15;B16;B17;B18;B19;B20;B21;B23;B24;B26;B27;B28;B29;B30;B31;B32;B33;B34;B35;B36;B37;B38;B39;B41;B42;B43;B44;B45;B46;B47;B48;B49;B50;B52;B53;B54;B55;B56;B57;B58;B59;B60,0.78,3,3,11.76,1039.17,19
R04,validation,B31,0.3,49,0.8135593220338984,5,8;10;14;14;2,B01;B02;B03;B04;B05;B06;B08;B11;B12;B13;B14;B15;B16;B19;B20;B21;B24;B26;B27;B28;B29;B30;B31;B32;B33;B34;B35;B36;B37;B38;B39;B41;B42;B43;B44;B45;B47;B48;B49;B50;B52;B53;B54;B55;B56;B57;B58;B59;B60,27.09,10,15,321.47999999999996,994.4200000000001,50
R04,validation,B31,0.6,54,0.8983050847457628,5,8;15;15;14;1,B01;B02;B03;B04;B05;B06;B08;B09;B11;B12;B13;B14;B15;B16;B17;B18;B19;B20;B21;B23;B24;B26;B27;B28;B29;B30;B31;B32;B33;B34;B35;B36;B37;B38;B39;B41;B42;B43;B44;B45;B46;B47;B48;B49;B50;B52;B53;B54;B55;B56;B57;B58;B59;B60,27.09,10,15,321.47999999999996,994.4200000000001,50
R04,validation,B31,0.9,54,0.8983050847457628,4,9;22;21;1,B01;B02;B03;B04;B05;B06;B08;B09;B11;B12;B13;B14;B15;B16;B17;B18;B19;B20;B21;B23;B24;B26;B27;B28;B29;B30;B31;B32;B33;B34;B35;B36;B37;B38;B39;B41;B42;B43;B44;B45;B46;B47;B48;B49;B50;B52;B53;B54;B55;B56;B57;B58;B59;B60,27.09,10,15,321.47999999999996,994.4200000000001,50
R04,validation,B32,0.3,49,0.8135593220338984,6,3;5;3;16;17;4,B01;B02;B03;B04;B05;B06;B08;B11;B12;B13;B14;B15;B16;B19;B20;B21;B24;B26;B27;B28;B29;B30;B31;B32;B33;B34;B35;B36;B37;B38;B39;B41;B42;B43;B44;B45;B47;B48;B49;B50;B52;B53;B54;B55;B56;B57;B58;B59;B60,8.21,9,9,244.26999999999995,539.4899999999999,42
R04,validation,B32,0.6,54,0.8983050847457628,4,5;14;29;5,B01;B02;B03;B04;B05;B06;B08;B09;B11;B12;B13;B14;B15;B16;B17;B18;B19;B20;B21;B23;B24;B26;B27;B28;B29;B30;B31;B32;B33;B34;B35;B36;B37;B38;B39;B41;B42;B43;B44;B45;B46;B47;B48;B49;B50;B52;B53;B54;B55;B56;B57;B58;B59;B60,8.21,9,9,244.26999999999995,539.4899999999999,42
R04,validation,B32,0.9,54,0.8983050847457628,4,5;14;30;4,B01;B02;B03;B04;B05;B06;B08;B09;B11;B12;B13;B14;B15;B16;B17;B18;B19;B20;B21;B23;B24;B26;B27;B28;B29;B30;B31;B32;B33;B34;B35;B36;B37;B38;B39;B41;B42;B43;B44;B45;B46;B47;B48;B49;B50;B52;B53;B54;B55;B56;B57;B58;B59;B60,8.21,9,9,244.26999999999995,539.4899999999999,42
R04,validation,B33,0.3,1,0.0,0,,B33,31.65,4,5,177.61999999999998,29.630000000000003,23
R04,validation,B33,0.6,54,0.8983050847457628,6,1;1;4;18;26;3,B01;B02;B03;B04;B05;B06;B08;B09;B11;B12;B13;B14;B15;B16;B17;B18;B19;B20;B21;B23;B24;B26;B27;B28;B29;B30;B31;B32;B33;B34;B35;B36;B37;B38;B39;B41;B42;B43;B44;B45;B46;B47;B48;B49;B50;B52;B53;B54;B55;B56;B57;B58;B59;B60,31.65,4,5,177.61999999999998,29.630000000000003,23
R04,validation,B33,0.9,54,0.8983050847457628,5,1;3;18;29;2,B01;B02;B03;B04;B05;B06;B08;B09;B11;B12;B13;B14;B15;B16;B17;B18;B19;B20;B21;B23;B24;B26;B27;B28;B29;B30;B31;B32;B33;B34;B35;B36;B37;B38;B39;B41;B42;B43;B44;B45;B46;B47;B48;B49;B50;B52;B53;B54;B55;B56;B57;B58;B59;B60,31.65,4,5,177.61999999999998,29.630000000000003,23
R04,validation,B34,0.3,1,0.0,0,,B34,2.15,1,4,11.0,46.84,19
R04,validation,B34,0.6,54,0.8983050847457628,6,2;1;2;9;26;13,B01;B02;B03;B04;B05;B06;B08;B09;B11;B12;B13;B14;B15;B16;B17;B18;B19;B20;B21;B23;B24;B26;B27;B28;B29;B30;B31;B32;B33;B34;B35;B36;B37;B38;B39;B41;B42;B43;B44;B45;B46;B47;B48;B49;B50;B52;B53;B54;B55;B56;B57;B58;B59;B60,2.15,1,4,11.0,46.84,19
R04,validation,B34,0.9,54,0.8983050847457628,6,2;1;3;13;30;4,B01;B02;B03;B04;B05;B06;B08;B09;B11;B12;B13;B14;B15;B16;B17;B18;B19;B20;B21;B23;B24;B26;B27;B28;B29;B30;B31;B32;B33;B34;B35;B36;B37;B38;B39;B41;B42;B43;B44;B45;B46;B47;B48;B49;B50;B52;B53;B54;B55;B56;B57;B58;B59;B60,2.15,1,4,11.0,46.84,19
R04,validation,B35,0.3,1,0.0,0,,B35,5.89,3,0,24.39,0.0,0
R04,validation,B35,0.6,1,0.0,0,,B35,5.89,3,0,24.39,0.0,0
R04,validation,B35,0.9,1,0.0,0,,B35,5.89,3,0,24.39,0.0,0
R04,validation,B36,0.3,1,0.0,0,,B36,48.8,4,4,282.54,88.5,28
R04,validation,B36,0.6,54,0.8983050847457628,6,1;7;15;15;14;1,B01;B02;B03;B04;B05;B06;B08;B09;B11;B12;B13;B14;B15;B16;B17;B18;B19;B20;B21;B23;B24;B26;B27;B28;B29;B30;B31;B32;B33;B34;B35;B36;B37;B38;B39;B41;B42;B43;B44;B45;B46;B47;B48;B49;B50;B52;B53;B54;B55;B56;B57;B58;B59;B60,48.8,4,4,282.54,88.5,28
R04,validation,B36,0.9,54,0.8983050847457628,5,1;8;22;21;1,B01;B02;B03;B04;B05;B06;B08;B09;B11;B12;B13;B14;B15;B16;B17;B18;B19;B20;B21;B23;B24;B26;B27;B28;B29;B30;B31;B32;B33;B34;B35;B36;B37;B38;B39;B41;B42;B43;B44;B45;B46;B47;B48;B49;B50;B52;B53;B54;B55;B56;B57;B58;B59;B60,48.8,4,4,282.54,88.5,28
R04,validation,B37,0.3,3,0.03389830508474576,1,2,B04;B37;B48,13.03,11,9,295.97,198.49,37
R04,validation,B37,0.6,54,0.8983050847457628,5,3;7;24;18;1,B01;B02;B03;B04;B05;B06;B08;B09;B11;B12;B13;B14;B15;B16;B17;B18;B19;B20;B21;B23;B24;B26;B27;B28;B29;B30;B31;B32;B33;B34;B35;B36;B37;B38;B39;B41;B42;B43;B44;B45;B46;B47;B48;B49;B50;B52;B53;B54;B55;B56;B57;B58;B59;B60,13.03,11,9,295.97,198.49,37
R04,validation,B37,0.9,54,0.8983050847457628,4,5;18;27;3,B01;B02;B03;B04;B05;B06;B08;B09;B11;B12;B13;B14;B15;B16;B17;B18;B19;B20;B21;B23;B24;B26;B27;B28;B29;B30;B31;B32;B33;B34;B35;B36;B37;B38;B39;B41;B42;B43;B44;B45;B46;B47;B48;B49;B50;B52;B53;B54;B55;B56;B57;B58;B59;B60,13.03,11,9,295.97,198.49,37
R04,validation,B38,0.3,4,0.05084745762711865,1,3,B24;B38;B58;B59,18.58,15,13,455.5300000000001,774.52,36
R04,validation,B38,0.6,54,0.8983050847457628,4,8;13;25;7,B01;B02;B03;B04;B05;B06;B08;B09;B11;B12;B13;B14;B15;B16;B17;B18;B19;B20;B21;B23;B24;B26;B27;B28;B29;B30;B31;B32;B33;B34;B35;B36;B37;B38;B39;B41;B42;B43;B44;B45;B46;B47;B48;B49;B50;B52;B53;B54;B55;B56;B57;B58;B59;B60,18.58,15,13,455.5300000000001,774.52,36
R04,validation,B38,0.9,54,0.8983050847457628,3,10;17;26,B01;B02;B03;B04;B05;B06;B08;B09;B11;B12;B13;B14;B15;B16;B17;B18;B19;B20;B21;B23;B24;B26;B27;B28;B29;B30;B31;B32;B33;B34;B35;B36;B37;B38;B39;B41;B42;B43;B44;B45;B46;B47;B48;B49;B50;B52;B53;B54;B55;B56;B57;B58;B59;B60,18.58,15,13,455.5300000000001,774.52,36
R04,validation,B39,0.3,1,0.0,0,,B39,13.15,2,1,192.51000000000002,7.8,3
R04,validation,B39,0.6,1,0.0,0,,B39,13.15,2,1,192.51000000000002,7.8,3
R04,validation,B39,0.9,2,0.01694915254237288,1,1,B14;B39,13.15,2,1,192.51000000000002,7.8,3
R04,validation,B40,0.3,1,0.0,0,,B40,2.54,0,0,0.0,0.0,0
R04,validation,B40,0.6,1,0.0,0,,B40,2.54,0,0,0.0,0.0,0
R04,validation,B40,0.9,1,0.0,0,,B40,2.54,0,0,0.0,0.0,0
R04,validation,B41,0.3,1,0.0,0,,B41,15.99,5,4,71.45,32.129999999999995,17
R04,validation,B41,0.6,1,0.0,0,,B41,15.99,5,4,71.45,32.129999999999995,17
R04,validation,B41,0.9,1,0.0,0,,B41,15.99,5,4,71.45,32.129999999999995,17
R04,validation,B42,0.3,49,0.8135593220338984,8,1;1;4;7;5;12;14;4,B01;B02;B03;B04;B05;B06;B08;B11;B12;B13;B14;B15;B16;B19;B20;B21;B24;B26;B27;B28;B29;B30;B31;B32;B33;B34;B35;B36;B37;B38;B39;B41;B42;B43;B44;B45;B47;B48;B49;B50;B52;B53;B54;B55;B56;B57;B58;B59;B60,53.43,12,10,1232.3600000000001,165.63,45
R04,validation,B42,0.6,54,0.8983050847457628,5,2;2;9;28;12,B01;B02;B03;B04;B05;B06;B08;B09;B11;B12;B13;B14;B15;B16;B17;B18;B19;B20;B21;B23;B24;B26;B27;B28;B29;B30;B31;B32;B33;B34;B35;B36;B37;B38;B39;B41;B42;B43;B44;B45;B46;B47;B48;B49;B50;B52;B53;B54;B55;B56;B57;B58;B59;B60,53.43,12,10,1232.3600000000001,165.63,45
R04,validation,B42,0.9,54,0.8983050847457628,5,5;15;29;3;1,B01;B02;B03;B04;B05;B06;B08;B09;B11;B12;B13;B14;B15;B16;B17;B18;B19;B20;B21;B23;B24;B26;B27;B28;B29;B30;B31;B32;B33;B34;B35;B36;B37;B38;B39;B41;B42;B43;B44;B45;B46;B47;B48;B49;B50;B52;B53;B54;B55;B56;B57;B58;B59;B60,53.43,12,10,1232.3600000000001,165.63,45
R04,validation,B43,0.3,6,0.0847457627118644,2,2;3,B16;B21;B28;B39;B43;B49,9.53,4,4,150.01,107.22,28
R04,validation,B43,0.6,54,0.8983050847457628,4,2;8;26;17,B01;B02;B03;B04;B05;B06;B08;B09;B11;B12;B13;B14;B15;B16;B17;B18;B19;B20;B21;B23;B24;B26;B27;B28;B29;B30;B31;B32;B33;B34;B35;B36;B37;B38;B39;B41;B42;B43;B44;B45;B46;B47;B48;B49;B50;B52;B53;B54;B55;B56;B57;B58;B59;B60,9.53,4,4,150.01,107.22,28
R04,validation,B43,0.9,54,0.8983050847457628,4,3;14;28;8,B01;B02;B03;B04;B05;B06;B08;B09;B11;B12;B13;B14;B15;B16;B17;B18;B19;B20;B21;B23;B24;B26;B27;B28;B29;B30;B31;B32;B33;B34;B35;B36;B37;B38;B39;B41;B42;B43;B44;B45;B46;B47;B48;B49;B50;B52;B53;B54;B55;B56;B57;B58;B59;B60,9.53,4,4,150.01,107.22,28
R04,validation,B44,0.3,1,0.0,0,,B44,14.32,1,1,115.37,10.01,13
R04,validation,B44,0.6,1,0.0,0,,B44,14.32,1,1,115.37,10.01,13
R04,validation,B44,0.9,1,0.0,0,,B44,14.32,1,1,115.37,10.01,13
R04,validation,B45,0.3,1,0.0,0,,B45,8.74,2,2,33.06,16.13,16
R04,validation,B45,0.6,54,0.8983050847457628,5,1;2;10;29;11,B01;B02;B03;B04;B05;B06;B08;B09;B11;B12;B13;B14;B15;B16;B17;B18;B19;B20;B21;B23;B24;B26;B27;B28;B29;B30;B31;B32;B33;B34;B35;B36;B37;B38;B39;B41;B42;B43;B44;B45;B46;B47;B48;B49;B50;B52;B53;B54;B55;B56;B57;B58;B59;B60,8.74,2,2,33.06,16.13,16
R04,validation,B45,0.9,54,0.8983050847457628,5,1;3;13;31;5,B01;B02;B03;B04;B05;B06;B08;B09;B11;B12;B13;B14;B15;B16;B17;B18;B19;B20;B21;B23;B24;B26;B27;B28;B29;B30;B31;B32;B33;B34;B35;B36;B37;B38;B39;B41;B42;B43;B44;B45;B46;B47;B48;B49;B50;B52;B53;B54;B55;B56;B57;B58;B59;B60,8.74,2,2,33.06,16.13,16
R04,validation,B46,0.3,1,0.0,0,,B46,13.03,3,3,40.5,32.65,19
R04,validation,B46,0.6,54,0.8983050847457628,5,1;4;12;21;15,B01;B02;B03;B04;B05;B06;B08;B09;B11;B12;B13;B14;B15;B16;B17;B18;B19;B20;B21;B23;B24;B26;B27;B28;B29;B30;B31;B32;B33;B34;B35;B36;B37;B38;B39;B41;B42;B43;B44;B45;B46;B47;B48;B49;B50;B52;B53;B54;B55;B56;B57;B58;B59;B60,13.03,3,3,40.5,32.65,19
R04,validation,B46,0.9,54,0.8983050847457628,4,1;8;28;16,B01;B02;B03;B04;B05;B06;B08;B09;B11;B12;B13;B14;B15;B16;B17;B18;B19;B20;B21;B23;B24;B26;B27;B28;B29;B30;B31;B32;B33;B34;B35;B36;B37;B38;B39;B41;B42;B43;B44;B45;B46;B47;B48;B49;B50;B52;B53;B54;B55;B56;B57;B58;B59;B60,13.03,3,3,40.5,32.65,19
R04,validation,B47,0.3,1,0.0,0,,B47,68.94,3,1,293.1,4.48,4
R04,validation,B47,0.6,1,0.0,0,,B47,68.94,3,1,293.1,4.48,4
R04,validation,B47,0.9,1,0.0,0,,B47,68.94,3,1,293.1,4.48,4
R04,validation,B48,0.3,3,0.03389830508474576,2,1;1,B04;B37;B48,4.61,3,4,28.659999999999997,154.18,26
R04,validation,B48,0.6,54,0.8983050847457628,5,1;4;18;27;3,B01;B02;B03;B04;B05;B06;B08;B09;B11;B12;B13;B14;B15;B16;B17;B18;B19;B20;B21;B23;B24;B26;B27;B28;B29;B30;B31;B32;B33;B34;B35;B36;B37;B38;B39;B41;B42;B43;B44;B45;B46;B47;B48;B49;B50;B52;B53;B54;B55;B56;B57;B58;B59;B60,4.61,3,4,28.659999999999997,154.18,26
R04,validation,B48,0.9,54,0.8983050847457628,4,3;17;31;2,B01;B02;B03;B04;B05;B06;B08;B09;B11;B12;B13;B14;B15;B16;B17;B18;B19;B20;B21;B23;B24;B26;B27;B28;B29;B30;B31;B32;B33;B34;B35;B36;B37;B38;B39;B41;B42;B43;B44;B45;B46;B47;B48;B49;B50;B52;B53;B54;B55;B56;B57;B58;B59;B60,4.61,3,4,28.659999999999997,154.18,26
R04,validation,B49,0.3,1,0.0,0,,B49,8.98,2,1,38.01,26.06,13
R04,validation,B49,0.6,54,0.8983050847457628,5,1;4;12;21;15,B01;B02;B03;B04;B05;B06;B08;B09;B11;B12;B13;B14;B15;B16;B17;B18;B19;B20;B21;B23;B24;B26;B27;B28;B29;B30;B31;B32;B33;B34;B35;B36;B37;B38;B39;B41;B42;B43;B44;B45;B46;B47;B48;B49;B50;B52;B53;B54;B55;B56;B57;B58;B59;B60,8.98,2,1,38.01,26.06,13
R04,validation,B49,0.9,54,0.8983050847457628,4,1;7;28;17,B01;B02;B03;B04;B05;B06;B08;B09;B11;B12;B13;B14;B15;B16;B17;B18;B19;B20;B21;B23;B24;B26;B27;B28;B29;B30;B31;B32;B33;B34;B35;B36;B37;B38;B39;B41;B42;B43;B44;B45;B46;B47;B48;B49;B50;B52;B53;B54;B55;B56;B57;B58;B59;B60,8.98,2,1,38.01,26.06,13
R04,validation,B50,0.3,1,0.0,0,,B50,108.87,2,2,639.2299999999999,59.79,25
R04,validation,B50,0.6,54,0.8983050847457628,4,2;17;18;16,B01;B02;B03;B04;B05;B06;B08;B09;B11;B12;B13;B14;B15;B16;B17;B18;B19;B20;B21;B23;B24;B26;B27;B28;B29;B30;B31;B32;B33;B34;B35;B36;B37;B38;B39;B41;B42;B43;B44;B45;B46;B47;B48;B49;B50;B52;B53;B54;B55;B56;B57;B58;B59;B60,108.87,2,2,639.2299999999999,59.79,25
R04,validation,B50,0.9,54,0.8983050847457628,4,2;18;19;14,B01;B02;B03;B04;B05;B06;B08;B09;B11;B12;B13;B14;B15;B16;B17;B18;B19;B20;B21;B23;B24;B26;B27;B28;B29;B30;B31;B32;B33;B34;B35;B36;B37;B38;B39;B41;B42;B43;B44;B45;B46;B47;B48;B49;B50;B52;B53;B54;B55;B56;B57;B58;B59;B60,108.87,2,2,639.2299999999999,59.79,25
R04,validation,B51,0.3,1,0.0,0,,B51,1.12,1,4,7.91,31.529999999999998,24
R04,validation,B51,0.6,1,0.0,0,,B51,1.12,1,4,7.91,31.529999999999998,24
R04,validation,B51,0.9,55,0.9152542372881356,5,1;12;22;18;1,B01;B02;B03;B04;B05;B06;B08;B09;B11;B12;B13;B14;B15;B16;B17;B18;B19;B20;B21;B23;B24;B26;B27;B28;B29;B30;B31;B32;B33;B34;B35;B36;B37;B38;B39;B41;B42;B43;B44;B45;B46;B47;B48;B49;B50;B51;B52;B53;B54;B55;B56;B57;B58;B59;B60,1.12,1,4,7.91,31.529999999999998,24
R04,validation,B52,0.3,1,0.0,0,,B52,15.41,3,2,171.75,23.47,17
R04,validation,B52,0.6,1,0.0,0,,B52,15.41,3,2,171.75,23.47,17
R04,validation,B52,0.9,1,0.0,0,,B52,15.41,3,2,171.75,23.47,17
R04,validation,B53,0.3,1,0.0,0,,B53,10.09,2,2,45.44,12.83,6
R04,validation,B53,0.6,54,0.8983050847457628,7,1;1;7;10;15;17;2,B01;B02;B03;B04;B05;B06;B08;B09;B11;B12;B13;B14;B15;B16;B17;B18;B19;B20;B21;B23;B24;B26;B27;B28;B29;B30;B31;B32;B33;B34;B35;B36;B37;B38;B39;B41;B42;B43;B44;B45;B46;B47;B48;B49;B50;B52;B53;B54;B55;B56;B57;B58;B59;B60,10.09,2,2,45.44,12.83,6
R04,validation,B53,0.9,54,0.8983050847457628,5,1;2;13;24;13,B01;B02;B03;B04;B05;B06;B08;B09;B11;B12;B13;B14;B15;B16;B17;B18;B19;B20;B21;B23;B24;B26;B27;B28;B29;B30;B31;B32;B33;B34;B35;B36;B37;B38;B39;B41;B42;B43;B44;B45;B46;B47;B48;B49;B50;B52;B53;B54;B55;B56;B57;B58;B59;B60,10.09,2,2,45.44,12.83,6
R04,validation,B54,0.3,2,0.01694915254237288,1,1,B34;B54,2.96,2,4,36.07,121.13,24
R04,validation,B54,0.6,54,0.8983050847457628,5,2;10;22;17;2,B01;B02;B03;B04;B05;B06;B08;B09;B11;B12;B13;B14;B15;B16;B17;B18;B19;B20;B21;B23;B24;B26;B27;B28;B29;B30;B31;B32;B33;B34;B35;B36;B37;B38;B39;B41;B42;B43;B44;B45;B46;B47;B48;B49;B50;B52;B53;B54;B55;B56;B57;B58;B59;B60,2.96,2,4,36.07,121.13,24
R04,validation,B54,0.9,54,0.8983050847457628,4,3;12;24;14,B01;B02;B03;B04;B05;B06;B08;B09;B11;B12;B13;B14;B15;B16;B17;B18;B19;B20;B21;B23;B24;B26;B27;B28;B29;B30;B31;B32;B33;B34;B35;B36;B37;B38;B39;B41;B42;B43;B44;B45;B46;B47;B48;B49;B50;B52;B53;B54;B55;B56;B57;B58;B59;B60,2.96,2,4,36.07,121.13,24
R04,validation,B55,0.3,1,0.0,0,,B55,1.81,2,4,24.75,133.87,24
R04,validation,B55,0.6,54,0.8983050847457628,5,1;10;24;16;2,B01;B02;B03;B04;B05;B06;B08;B09;B11;B12;B13;B14;B15;B16;B17;B18;B19;B20;B21;B23;B24;B26;B27;B28;B29;B30;B31;B32;B33;B34;B35;B36;B37;B38;B39;B41;B42;B43;B44;B45;B46;B47;B48;B49;B50;B52;B53;B54;B55;B56;B57;B58;B59;B60,1.81,2,4,24.75,133.87,24
R04,validation,B55,0.9,54,0.8983050847457628,4,1;10;24;18,B01;B02;B03;B04;B05;B06;B08;B09;B11;B12;B13;B14;B15;B16;B17;B18;B19;B20;B21;B23;B24;B26;B27;B28;B29;B30;B31;B32;B33;B34;B35;B36;B37;B38;B39;B41;B42;B43;B44;B45;B46;B47;B48;B49;B50;B52;B53;B54;B55;B56;B57;B58;B59;B60,1.81,2,4,24.75,133.87,24
R04,validation,B56,0.3,49,0.8135593220338984,7,1;5;4;7;19;9;3,B01;B02;B03;B04;B05;B06;B08;B11;B12;B13;B14;B15;B16;B19;B20;B21;B24;B26;B27;B28;B29;B30;B31;B32;B33;B34;B35;B36;B37;B38;B39;B41;B42;B43;B44;B45;B47;B48;B49;B50;B52;B53;B54;B55;B56;B57;B58;B59;B60,2.68,2,3,20.09,272.46999999999997,22
R04,validation,B56,0.6,54,0.8983050847457628,6,1;7;10;16;17;2,B01;B02;B03;B04;B05;B06;B08;B09;B11;B12;B13;B14;B15;B16;B17;B18;B19;B20;B21;B23;B24;B26;B27;B28;B29;B30;B31;B32;B33;B34;B35;B36;B37;B38;B39;B41;B42;B43;B44;B45;B46;B47;B48;B49;B50;B52;B53;B54;B55;B56;B57;B58;B59;B60,2.68,2,3,20.09,272.46999999999997,22
R04,validation,B56,0.9,54,0.8983050847457628,4,2;13;25;13,B01;B02;B03;B04;B05;B06;B08;B09;B11;B12;B13;B14;B15;B16;B17;B18;B19;B20;B21;B23;B24;B26;B27;B28;B29;B30;B31;B32;B33;B34;B35;B36;B37;B38;B39;B41;B42;B43;B44;B45;B46;B47;B48;B49;B50;B52;B53;B54;B55;B56;B57;B58;B59;B60,2.68,2,3,20.09,272.46999999999997,22
R04,validation,B57,0.3,4,0.05084745762711865,2,2;1,B01;B34;B54;B57,38.62,15,14,661.72,373.8800000000001,48
R04,validation,B57,0.6,54,0.8983050847457628,4,9;25;17;2,B01;B02;B03;B04;B05;B06;B08;B09;B11;B12;B13;B14;B15;B16;B17;B18;B19;B20;B21;B23;B24;B26;B27;B28;B29;B30;B31;B32;B33;B34;B35;B36;B37;B38;B39;B41;B42;B43;B44;B45;B46;B47;B48;B49;B50;B52;B53;B54;B55;B56;B57;B58;B59;B60,38.62,15,14,661.72,373.8800000000001,48
R04,validation,B57,0.9,54,0.8983050847457628,3,10;25;18,B01;B02;B03;B04;B05;B06;B08;B09;B11;B12;B13;B14;B15;B16;B17;B18;B19;B20;B21;B23;B24;B26;B27;B28;B29;B30;B31;B32;B33;B34;B35;B36;B37;B38;B39;B41;B42;B43;B44;B45;B46;B47;B48;B49;B50;B52;B53;B54;B55;B56;B57;B58;B59;B60,38.62,15,14,661.72,373.8800000000001,48
R04,validation,B58,0.3,1,0.0,0,,B58,18.36,3,3,275.1,14.07,14
R04,validation,B58,0.6,54,0.8983050847457628,6,1;1;3;14;29;5,B01;B02;B03;B04;B05;B06;B08;B09;B11;B12;B13;B14;B15;B16;B17;B18;B19;B20;B21;B23;B24;B26;B27;B28;B29;B30;B31;B32;B33;B34;B35;B36;B37;B38;B39;B41;B42;B43;B44;B45;B46;B47;B48;B49;B50;B52;B53;B54;B55;B56;B57;B58;B59;B60,18.36,3,3,275.1,14.07,14
R04,validation,B58,0.9,54,0.8983050847457628,6,1;1;3;14;30;4,B01;B02;B03;B04;B05;B06;B08;B09;B11;B12;B13;B14;B15;B16;B17;B18;B19;B20;B21;B23;B24;B26;B27;B28;B29;B30;B31;B32;B33;B34;B35;B36;B37;B38;B39;B41;B42;B43;B44;B45;B46;B47;B48;B49;B50;B52;B53;B54;B55;B56;B57;B58;B59;B60,18.36,3,3,275.1,14.07,14
R04,validation,B59,0.3,1,0.0,0,,B59,4.99,2,1,63.01,7.31,12
R04,validation,B59,0.6,1,0.0,0,,B59,4.99,2,1,63.01,7.31,12
R04,validation,B59,0.9,1,0.0,0,,B59,4.99,2,1,63.01,7.31,12
R04,validation,B60,0.3,2,0.01694915254237288,1,1,B55;B60,92.43,3,3,341.32000000000005,109.55,17
R04,validation,B60,0.6,54,0.8983050847457628,5,3;8;16;20;6,B01;B02;B03;B04;B05;B06;B08;B09;B11;B12;B13;B14;B15;B16;B17;B18;B19;B20;B21;B23;B24;B26;B27;B28;B29;B30;B31;B32;B33;B34;B35;B36;B37;B38;B39;B41;B42;B43;B44;B45;B46;B47;B48;B49;B50;B52;B53;B54;B55;B56;B57;B58;B59;B60,92.43,3,3,341.32000000000005,109.55,17
R04,validation,B60,0.9,54,0.8983050847457628,5,3;8;18;20;4,B01;B02;B03;B04;B05;B06;B08;B09;B11;B12;B13;B14;B15;B16;B17;B18;B19;B20;B21;B23;B24;B26;B27;B28;B29;B30;B31;B32;B33;B34;B35;B36;B37;B38;B39;B41;B42;B43;B44;B45;B46;B47;B48;B49;B50;B52;B53;B54;B55;B56;B57;B58;B59;B60,92.43,3,3,341.32000000000005,109.55,17
R05,apprentissage,B01,0.3,5,0.06779661016949153,1,4,B01;B05;B43;B47;B50,281.96,26,16,1248.3600000000001,1309.65,35
R05,apprentissage,B01,0.6,38,0.6271186440677966,6,9;1;5;7;10;5,B01;B02;B03;B05;B06;B08;B09;B10;B11;B12;B14;B15;B16;B17;B19;B21;B22;B23;B25;B27;B28;B30;B31;B32;B35;B37;B38;B39;B40;B42;B43;B46;B47;B49;B50;B51;B59;B60,281.96,26,16,1248.3600000000001,1309.65,35
R05,apprentissage,B01,0.9,38,0.6271186440677966,5,10;2;12;7;6,B01;B02;B03;B05;B06;B08;B09;B10;B11;B12;B14;B15;B16;B17;B19;B21;B22;B23;B25;B27;B28;B30;B31;B32;B35;B37;B38;B39;B40;B42;B43;B46;B47;B49;B50;B51;B59;B60,281.96,26,16,1248.3600000000001,1309.65,35
R05,apprentissage,B02,0.3,1,0.0,0,,B02,92.15,2,0,223.67000000000002,0.0,0
R05,apprentissage,B02,0.6,1,0.0,0,,B02,92.15,2,0,223.67000000000002,0.0,0
R05,apprentissage,B02,0.9,1,0.0,0,,B02,92.15,2,0,223.67000000000002,0.0,0
R05,apprentissage,B03,0.3,3,0.03389830508474576,2,1;1,B03;B30;B35,42.04,2,3,239.51,417.55,26
R05,apprentissage,B03,0.6,29,0.4745762711864407,5,1;4;7;11;5,B02;B03;B06;B08;B09;B10;B11;B12;B14;B15;B16;B21;B22;B23;B25;B27;B28;B30;B31;B32;B35;B37;B38;B39;B40;B42;B46;B51;B60,42.04,2,3,239.51,417.55,26
R05,apprentissage,B03,0.9,30,0.4915254237288136,4,1;5;9;14,B02;B03;B06;B08;B09;B10;B11;B12;B14;B15;B16;B21;B22;B23;B25;B27;B28;B30;B31;B32;B35;B37;B38;B39;B40;B42;B46;B51;B59;B60,42.04,2,3,239.51,417.55,26
R05,apprentissage,B04,0.3,4,0.05084745762711865,2,1;2,B04;B22;B32;B46,1.65,0,1,0.0,749.23,12
R05,apprentissage,B04,0.6,6,0.0847457627118644,2,1;4,B04;B21;B22;B28;B32;B46,1.65,0,1,0.0,749.23,12
R05,apprentissage,B04,0.9,7,0.1016949152542373,2,1;5,B04;B21;B22;B28;B32;B35;B46,1.65,0,1,0.0,749.23,12
R05,apprentissage,B05,0.3,1,0.0,0,,B05,4.38,1,1,16.23,88.84,16
R05,apprentissage,B05,0.6,1,0.0,0,,B05,4.38,1,1,16.23,88.84,16
R05,apprentissage,B05,0.9,1,0.0,0,,B05,4.38,1,1,16.23,88.84,16
R05,apprentissage,B06,0.3,1,0.0,0,,B06,5.8,2,1,31.61,69.83,13
R05,apprentissage,B06,0.6,1,0.0,0,,B06,5.8,2,1,31.61,69.83,13
R05,apprentissage,B06,0.9,1,0.0,0,,B06,5.8,2,1,31.61,69.83,13
R05,apprentissage,B07,0.3,1,0.0,0,,B07,0.64,0,1,0.0,31.75,15
R05,apprentissage,B07,0.6,1,0.0,0,,B07,0.64,0,1,0.0,31.75,15
R05,apprentissage,B07,0.9,1,0.0,0,,B07,0.64,0,1,0.0,31.75,15
R05,apprentissage,B08,0.3,1,0.0,0,,B08,5.7,1,3,10.96,278.98,25
R05,apprentissage,B08,0.6,6,0.0847457627118644,2,1;4,B08;B14;B16;B25;B39;B40,5.7,1,3,10.96,278.98,25
R05,apprentissage,B08,0.9,30,0.4915254237288136,4,1;7;3;18,B02;B03;B06;B08;B09;B10;B11;B12;B14;B15;B16;B21;B22;B23;B25;B27;B28;B30;B31;B32;B35;B37;B38;B39;B40;B42;B46;B51;B59;B60,5.7,1,3,10.96,278.98,25
R05,apprentissage,B09,0.3,1,0.0,0,,B09,19.68,1,1,125.15,5.78,17
R05,apprentissage,B09,0.6,1,0.0,0,,B09,19.68,1,1,125.15,5.78,17
R05,apprentissage,B09,0.9,1,0.0,0,,B09,19.68,1,1,125.15,5.78,17
R05,apprentissage,B10,0.3,1,0.0,0,,B10,248.29,2,2,421.64,38.480000000000004,24
R05,apprentissage,B10,0.6,1,0.0,0,,B10,248.29,2,2,421.64,38.480000000000004,24
R05,apprentissage,B10,0.9,1,0.0,0,,B10,248.29,2,2,421.64,38.480000000000004,24
R05,apprentissage,B11,0.3,1,0.0,0,,B11,14.08,1,1,31.84,159.92,12
R05,apprentissage,B11,0.6,1,0.0,0,,B11,14.08,1,1,31.84,159.92,12
R05,apprentissage,B11,0.9,1,0.0,0,,B11,14.08,1,1,31.84,159.92,12
R05,apprentissage,B12,0.3,1,0.0,0,,B12,27.62,3,2,102.92,39.730000000000004,19
R05,apprentissage,B12,0.6,1,0.0,0,,B12,27.62,3,2,102.92,39.730000000000004,19
R05,apprentissage,B12,0.9,1,0.0,0,,B12,27.62,3,2,102.92,39.730000000000004,19
R05,apprentissage,B13,0.3,1,0.0,0,,B13,1.22,0,1,0.0,55.3,15
R05,apprentissage,B13,0.6,1,0.0,0,,B13,1.22,0,1,0.0,55.3,15
R05,apprentissage,B13,0.9,1,0.0,0,,B13,1.22,0,1,0.0,55.3,15
R05,apprentissage,B14,0.3,1,0.0,0,,B14,18.97,1,2,117.48,33.49,24
R05,apprentissage,B14,0.6,1,0.0,0,,B14,18.97,1,2,117.48,33.49,24
R05,apprentissage,B14,0.9,1,0.0,0,,B14,18.97,1,2,117.48,33.49,24
R05,apprentissage,B15,0.3,1,0.0,0,,B15,15.63,1,3,62.46,208.51,23
R05,apprentissage,B15,0.6,29,0.4745762711864407,6,1;5;2;8;2;10,B02;B03;B06;B08;B09;B10;B11;B12;B14;B15;B16;B21;B22;B23;B25;B27;B28;B30;B31;B32;B35;B37;B38;B39;B40;B42;B46;B51;B60,15.63,1,3,62.46,208.51,23
R05,apprentissage,B15,0.9,30,0.4915254237288136,5,1;7;7;10;4,B02;B03;B06;B08;B09;B10;B11;B12;B14;B15;B16;B21;B22;B23;B25;B27;B28;B30;B31;B32;B35;B37;B38;B39;B40;B42;B46;B51;B59;B60,15.63,1,3,62.46,208.51,23
R05,apprentissage,B16,0.3,1,0.0,0,,B16,10.92,1,3,18.92,152.32,27
R05,apprentissage,B16,0.6,1,0.0,0,,B16,10.92,1,3,18.92,152.32,27
R05,apprentissage,B16,0.9,1,0.0,0,,B16,10.92,1,3,18.92,152.32,27
R05,apprentissage,B17,0.3,1,0.0,0,,B17,59.92,2,1,201.92,3.73,16
R05,apprentissage,B17,0.6,1,0.0,0,,B17,59.92,2,1,201.92,3.73,16
R05,apprentissage,B17,0.9,1,0.0,0,,B17,59.92,2,1,201.92,3.73,16
R05,apprentissage,B18,0.3,1,0.0,0,,B18,4.16,0,1,0.0,30.29,11
R05,apprentissage,B18,0.6,1,0.0,0,,B18,4.16,0,1,0.0,30.29,11
R05,apprentissage,B18,0.9,1,0.0,0,,B18,4.16,0,1,0.0,30.29,11
R05,apprentissage,B19,0.3,1,0.0,0,,B19,10.2,1,2,33.02,54.32,22
R05,apprentissage,B19,0.6,1,0.0,0,,B19,10.2,1,2,33.02,54.32,22
R05,apprentissage,B19,0.9,1,0.0,0,,B19,10.2,1,2,33.02,54.32,22
R05,apprentissage,B20,0.3,1,0.0,0,,B20,1.74,0,1,0.0,16.52,15
R05,apprentissage,B20,0.6,1,0.0,0,,B20,1.74,0,1,0.0,16.52,15
R05,apprentissage,B20,0.9,1,0.0,0,,B20,1.74,0,1,0.0,16.52,15
R05,apprentissage,B21,0.3,1,0.0,0,,B21,60.34,2,0,165.16,0.0,0
R05,apprentissage,B21,0.6,1,0.0,0,,B21,60.34,2,0,165.16,0.0,0
R05,apprentissage,B21,0.9,1,0.0,0,,B21,60.34,2,0,165.16,0.0,0
R05,apprentissage,B22,0.3,1,0.0,0,,B22,28.41,1,0,149.76,0.0,0
R05,apprentissage,B22,0.6,1,0.0,0,,B22,28.41,1,0,149.76,0.0,0
R05,apprentissage,B22,0.9,1,0.0,0,,B22,28.41,1,0,149.76,0.0,0
R05,apprentissage,B23,0.3,4,0.05084745762711865,1,3,B09;B15;B23;B42,25.05,14,10,339.21000000000004,552.2,37
R05,apprentissage,B23,0.6,29,0.4745762711864407,7,5;1;5;1;4;2;10,B02;B03;B06;B08;B09;B10;B11;B12;B14;B15;B16;B21;B22;B23;B25;B27;B28;B30;B31;B32;B35;B37;B38;B39;B40;B42;B46;B51;B60,25.05,14,10,339.21000000000004,552.2,37
R05,apprentissage,B23,0.9,30,0.4915254237288136,5,6;1;8;10;4,B02;B03;B06;B08;B09;B10;B11;B12;B14;B15;B16;B21;B22;B23;B25;B27;B28;B30;B31;B32;B35;B37;B38;B39;B40;B42;B46;B51;B59;B60,25.05,14,10,339.21000000000004,552.2,37
R05,apprentissage,B24,0.3,1,0.0,0,,B24,2.34,0,2,0.0,44.940000000000005,22
R05,apprentissage,B24,0.6,1,0.0,0,,B24,2.34,0,2,0.0,44.940000000000005,22
R05,apprentissage,B24,0.9,31,0.5084745762711864,6,1;6;1;8;10;4,B02;B03;B06;B08;B09;B10;B11;B12;B14;B15;B16;B21;B22;B23;B24;B25;B27;B28;B30;B31;B32;B35;B37;B38;B39;B40;B42;B46;B51;B59;B60,2.34,0,2,0.0,44.940000000000005,22
R05,apprentissage,B25,0.3,1,0.0,0,,B25,2.02,1,1,7.02,53.25,14
R05,apprentissage,B25,0.6,1,0.0,0,,B25,2.02,1,1,7.02,53.25,14
R05,apprentissage,B25,0.9,1,0.0,0,,B25,2.02,1,1,7.02,53.25,14
R05,apprentissage,B26,0.3,1,0.0,0,,B26,3.76,0,3,0.0,217.21,28
R05,apprentissage,B26,0.6,1,0.0,0,,B26,3.76,0,3,0.0,217.21,28
R05,apprentissage,B26,0.9,1,0.0,0,,B26,3.76,0,3,0.0,217.21,28
R05,apprentissage,B27,0.3,1,0.0,0,,B27,1.37,1,3,5.15,59.54,26
R05,apprentissage,B27,0.6,1,0.0,0,,B27,1.37,1,3,5.15,59.54,26
R05,apprentissage,B27,0.9,1,0.0,0,,B27,1.37,1,3,5.15,59.54,26
R05,apprentissage,B28,0.3,1,0.0,0,,B28,22.3,1,1,49.77,21.16,11
R05,apprentissage,B28,0.6,1,0.0,0,,B28,22.3,1,1,49.77,21.16,11
R05,apprentissage,B28,0.9,1,0.0,0,,B28,22.3,1,1,49.77,21.16,11
R05,apprentissage,B29,0.3,1,0.0,0,,B29,2.35,0,1,0.0,30.09,12
R05,apprentissage,B29,0.6,1,0.0,0,,B29,2.35,0,1,0.0,30.09,12
R05,apprentissage,B29,0.9,1,0.0,0,,B29,2.35,0,1,0.0,30.09,12
R05,apprentissage,B30,0.3,2,0.01694915254237288,1,1,B30;B35,74.53,16,10,742.07,382.55999999999995,35
R05,apprentissage,B30,0.6,29,0.4745762711864407,4,4;7;11;6,B02;B03;B06;B08;B09;B10;B11;B12;B14;B15;B16;B21;B22;B23;B25;B27;B28;B30;B31;B32;B35;B37;B38;B39;B40;B42;B46;B51;B60,74.53,16,10,742.07,382.55999999999995,35
R05,apprentissage,B30,0.9,30,0.4915254237288136,4,5;8;11;5,B02;B03;B06;B08;B09;B10;B11;B12;B14;B15;B16;B21;B22;B23;B25;B27;B28;B30;B31;B32;B35;B37;B38;B39;B40;B42;B46;B51;B59;B60,74.53,16,10,742.07,382.55999999999995,35
R05,apprentissage,B31,0.3,6,0.0847457627118644,3,3;1;1,B03;B27;B30;B31;B35;B51,65.58,17,13,777.3699999999999,772.4599999999999,38
R05,apprentissage,B31,0.6,29,0.4745762711864407,5,5;1;5;7;10,B02;B03;B06;B08;B09;B10;B11;B12;B14;B15;B16;B21;B22;B23;B25;B27;B28;B30;B31;B32;B35;B37;B38;B39;B40;B42;B46;B51;B60,65.58,17,13,777.3699999999999,772.4599999999999,38
R05,apprentissage,B31,0.9,30,0.4915254237288136,5,6;2;10;7;4,B02;B03;B06;B08;B09;B10;B11;B12;B14;B15;B16;B21;B22;B23;B25;B27;B28;B30;B31;B32;B35;B37;B38;B39;B40;B42;B46;B51;B59;B60,65.58,17,13,777.3699999999999,772.4599999999999,38
R05,apprentissage,B32,0.3,1,0.0,0,,B32,6.04,1,1,38.59,28.53,14
R05,apprentissage,B32,0.6,1,0.0,0,,B32,6.04,1,1,38.59,28.53,14
R05,apprentissage,B32,0.9,1,0.0,0,,B32,6.04,1,1,38.59,28.53,14
R05,apprentissage,B33,0.3,1,0.0,0,,B33,4.37,0,0,0.0,0.0,0
R05,apprentissage,B33,0.6,1,0.0,0,,B33,4.37,0,0,0.0,0.0,0
R05,apprentissage,B33,0.9,1,0.0,0,,B33,4.37,0,0,0.0,0.0,0
R05,apprentissage,B34,0.3,1,0.0,0,,B34,6.95,0,2,0.0,11.879999999999999,19
R05,apprentissage,B34,0.6,1,0.0,0,,B34,6.95,0,2,0.0,11.879999999999999,19
R05,apprentissage,B34,0.9,1,0.0,0,,B34,6.95,0,2,0.0,11.879999999999999,19
R05,apprentissage,B35,0.3,1,0.0,0,,B35,22.57,2,1,118.25,208.07,11
R05,apprentissage,B35,0.6,1,0.0,0,,B35,22.57,2,1,118.25,208.07,11
R05,apprentissage,B35,0.9,6,0.0847457627118644,2,1;4,B21;B22;B28;B32;B35;B46,22.57,2,1,118.25,208.07,11
R05,apprentissage,B36,0.3,1,0.0,0,,B36,35.34,1,3,38.32,257.15,28
R05,apprentissage,B36,0.6,30,0.4915254237288136,8,1;5;1;5;1;4;2;10,B02;B03;B06;B08;B09;B10;B11;B12;B14;B15;B16;B21;B22;B23;B25;B27;B28;B30;B31;B32;B35;B36;B37;B38;B39;B40;B42;B46;B51;B60,35.34,1,3,38.32,257.15,28
R05,apprentissage,B36,0.9,39,0.6440677966101694,7,1;6;1;8;10;5;7,B01;B02;B03;B05;B06;B08;B09;B10;B11;B12;B14;B15;B16;B17;B19;B21;B22;B23;B25;B27;B28;B30;B31;B32;B35;B36;B37;B38;B39;B40;B42;B43;B46;B47;B49;B50;B51;B59;B60,35.34,1,3,38.32,257.15,28
R05,apprentissage,B37,0.3,1,0.0,0,,B37,119.84,2,2,320.13,68.11,22
R05,apprentissage,B37,0.6,1,0.0,0,,B37,119.84,2,2,320.13,68.11,22
R05,apprentissage,B37,0.9,1,0.0,0,,B37,119.84,2,2,320.13,68.11,22
R05,apprentissage,B38,0.3,1,0.0,0,,B38,64.31,2,2,216.54,288.26,22
R05,apprentissage,B38,0.6,1,0.0,0,,B38,64.31,2,2,216.54,288.26,22
R05,apprentissage,B38,0.9,7,0.1016949152542373,2,1;5,B21;B22;B28;B32;B35;B38;B46,64.31,2,2,216.54,288.26,22
R05,apprentissage,B39,0.3,3,0.03389830508474576,1,2,B14;B25;B39,105.72,20,14,965.7800000000001,854.1100000000001,35
R05,apprentissage,B39,0.6,5,0.06779661016949153,1,4,B14;B16;B25;B39;B40,105.72,20,14,965.7800000000001,854.1100000000001,35
R05,apprentissage,B39,0.9,30,0.4915254237288136,5,7;2;12;7;1,B02;B03;B06;B08;B09;B10;B11;B12;B14;B15;B16;B21;B22;B23;B25;B27;B28;B30;B31;B32;B35;B37;B38;B39;B40;B42;B46;B51;B59;B60,105.72,20,14,965.7800000000001,854.1100000000001,35
R05,apprentissage,B40,0.3,1,0.0,0,,B40,27.17,2,0,113.37,0.0,0
R05,apprentissage,B40,0.6,1,0.0,0,,B40,27.17,2,0,113.37,0.0,0
R05,apprentissage,B40,0.9,1,0.0,0,,B40,27.17,2,0,113.37,0.0,0
R05,apprentissage,B41,0.3,1,0.0,0,,B41,3.62,0,3,0.0,137.54,29
R05,apprentissage,B41,0.6,1,0.0,0,,B41,3.62,0,3,0.0,137.54,29
R05,apprentissage,B41,0.9,1,0.0,0,,B41,3.62,0,3,0.0,137.54,29
R05,apprentissage,B42,0.3,1,0.0,0,,B42,2.85,1,1,11.11,39.48,11
R05,apprentissage,B42,0.6,1,0.0,0,,B42,2.85,1,1,11.11,39.48,11
R05,apprentissage,B42,0.9,1,0.0,0,,B42,2.85,1,1,11.11,39.48,11
R05,apprentissage,B43,0.3,1,0.0,0,,B43,32.17,1,0,130.23,0.0,0
R05,apprentissage,B43,0.6,1,0.0,0,,B43,32.17,1,0,130.23,0.0,0
R05,apprentissage,B43,0.9,1,0.0,0,,B43,32.17,1,0,130.23,0.0,0
R05,apprentissage,B44,0.3,1,0.0,0,,B44,10.52,0,1,0.0,84.7,11
R05,apprentissage,B44,0.6,1,0.0,0,,B44,10.52,0,1,0.0,84.7,11
R05,apprentissage,B44,0.9,31,0.5084745762711864,5,1;5;8;11;5,B02;B03;B06;B08;B09;B10;B11;B12;B14;B15;B16;B21;B22;B23;B25;B27;B28;B30;B31;B32;B35;B37;B38;B39;B40;B42;B44;B46;B51;B59;B60,10.52,0,1,0.0,84.7,11
R05,apprentissage,B45,0.3,1,0.0,0,,B45,5.28,0,2,0.0,192.74,25
R05,apprentissage,B45,0.6,1,0.0,0,,B45,5.28,0,2,0.0,192.74,25
R05,apprentissage,B45,0.9,1,0.0,0,,B45,5.28,0,2,0.0,192.74,25
R05,apprentissage,B46,0.3,3,0.03389830508474576,1,2,B22;B32;B46,179.66,16,11,1731.16,575.53,31
R05,apprentissage,B46,0.6,5,0.06779661016949153,1,4,B21;B22;B28;B32;B46,179.66,16,11,1731.16,575.53,31
R05,apprentissage,B46,0.9,6,0.0847457627118644,1,5,B21;B22;B28;B32;B35;B46,179.66,16,11,1731.16,575.53,31
R05,apprentissage,B47,0.3,1,0.0,0,,B47,59.02,2,3,559.0300000000001,83.42,29
R05,apprentissage,B47,0.6,1,0.0,0,,B47,59.02,2,3,559.0300000000001,83.42,29
R05,apprentissage,B47,0.9,1,0.0,0,,B47,59.02,2,3,559.0300000000001,83.42,29
R05,apprentissage,B48,0.3,1,0.0,0,,B48,2.57,0,3,0.0,32.379999999999995,30
R05,apprentissage,B48,0.6,1,0.0,0,,B48,2.57,0,3,0.0,32.379999999999995,30
R05,apprentissage,B48,0.9,1,0.0,0,,B48,2.57,0,3,0.0,32.379999999999995,30
R05,apprentissage,B49,0.3,1,0.0,0,,B49,19.57,2,2,65.17,80.69,23
R05,apprentissage,B49,0.6,1,0.0,0,,B49,19.57,2,2,65.17,80.69,23
R05,apprentissage,B49,0.9,1,0.0,0,,B49,19.57,2,2,65.17,80.69,23
R05,apprentissage,B50,0.3,1,0.0,0,,B50,14.09,2,3,65.48,54.63999999999999,26
R05,apprentissage,B50,0.6,1,0.0,0,,B50,14.09,2,3,65.48,54.63999999999999,26
R05,apprentissage,B50,0.9,1,0.0,0,,B50,14.09,2,3,65.48,54.63999999999999,26
R05,apprentissage,B51,0.3,1,0.0,0,,B51,3.97,1,1,14.54,3.87,13
R05,apprentissage,B51,0.6,1,0.0,0,,B51,3.97,1,1,14.54,3.87,13
R05,apprentissage,B51,0.9,1,0.0,0,,B51,3.97,1,1,14.54,3.87,13
R05,apprentissage,B52,0.3,1,0.0,0,,B52,2.18,0,2,0.0,49.32,22
R05,apprentissage,B52,0.6,1,0.0,0,,B52,2.18,0,2,0.0,49.32,22
R05,apprentissage,B52,0.9,1,0.0,0,,B52,2.18,0,2,0.0,49.32,22
R05,apprentissage,B53,0.3,1,0.0,0,,B53,4.12,0,2,0.0,109.88,24
R05,apprentissage,B53,0.6,30,0.4915254237288136,8,1;5;1;5;1;4;2;10,B02;B03;B06;B08;B09;B10;B11;B12;B14;B15;B16;B21;B22;B23;B25;B27;B28;B30;B31;B32;B35;B37;B38;B39;B40;B42;B46;B51;B53;B60,4.12,0,2,0.0,109.88,24
R05,apprentissage,B53,0.9,39,0.6440677966101694,7,1;6;1;8;10;5;7,B01;B02;B03;B05;B06;B08;B09;B10;B11;B12;B14;B15;B16;B17;B19;B21;B22;B23;B25;B27;B28;B30;B31;B32;B35;B37;B38;B39;B40;B42;B43;B46;B47;B49;B50;B51;B53;B59;B60,4.12,0,2,0.0,109.88,24
R05,apprentissage,B54,0.3,1,0.0,0,,B54,3.01,0,0,0.0,0.0,0
R05,apprentissage,B54,0.6,1,0.0,0,,B54,3.01,0,0,0.0,0.0,0
R05,apprentissage,B54,0.9,1,0.0,0,,B54,3.01,0,0,0.0,0.0,0
R05,apprentissage,B55,0.3,1,0.0,0,,B55,3.64,0,1,0.0,13.83,17
R05,apprentissage,B55,0.6,1,0.0,0,,B55,3.64,0,1,0.0,13.83,17
R05,apprentissage,B55,0.9,1,0.0,0,,B55,3.64,0,1,0.0,13.83,17
R05,apprentissage,B56,0.3,1,0.0,0,,B56,3.2,0,1,0.0,21.31,14
R05,apprentissage,B56,0.6,1,0.0,0,,B56,3.2,0,1,0.0,21.31,14
R05,apprentissage,B56,0.9,1,0.0,0,,B56,3.2,0,1,0.0,21.31,14
R05,apprentissage,B57,0.3,1,0.0,0,,B57,0.83,0,3,0.0,421.36,28
R05,apprentissage,B57,0.6,30,0.4915254237288136,6,2;12;6;3;1;5,B02;B03;B06;B08;B09;B10;B11;B12;B14;B15;B16;B21;B22;B23;B25;B27;B28;B30;B31;B32;B35;B37;B38;B39;B40;B42;B46;B51;B57;B60,0.83,0,3,0.0,421.36,28
R05,apprentissage,B57,0.9,31,0.5084745762711864,4,2;14;8;6,B02;B03;B06;B08;B09;B10;B11;B12;B14;B15;B16;B21;B22;B23;B25;B27;B28;B30;B31;B32;B35;B37;B38;B39;B40;B42;B46;B51;B57;B59;B60,0.83,0,3,0.0,421.36,28
R05,apprentissage,B58,0.3,1,0.0,0,,B58,3.94,0,2,0.0,60.34,23
R05,apprentissage,B58,0.6,1,0.0,0,,B58,3.94,0,2,0.0,60.34,23
R05,apprentissage,B58,0.9,1,0.0,0,,B58,3.94,0,2,0.0,60.34,23
R05,apprentissage,B59,0.3,1,0.0,0,,B59,27.65,2,2,82.21000000000001,76.33,22
R05,apprentissage,B59,0.6,1,0.0,0,,B59,27.65,2,2,82.21000000000001,76.33,22
R05,apprentissage,B59,0.9,1,0.0,0,,B59,27.65,2,2,82.21000000000001,76.33,22
R05,apprentissage,B60,0.3,1,0.0,0,,B60,23.74,2,1,57.94,17.95,10
R05,apprentissage,B60,0.6,1,0.0,0,,B60,23.74,2,1,57.94,17.95,10
R05,apprentissage,B60,0.9,1,0.0,0,,B60,23.74,2,1,57.94,17.95,10
R06,apprentissage,B01,0.3,1,0.0,0,,B01,37.39,2,1,69.74000000000001,26.69,15
R06,apprentissage,B01,0.6,1,0.0,0,,B01,37.39,2,1,69.74000000000001,26.69,15
R06,apprentissage,B01,0.9,1,0.0,0,,B01,37.39,2,1,69.74000000000001,26.69,15
R06,apprentissage,B02,0.3,2,0.01694915254237288,1,1,B02;B53,34.02,3,1,94.01,47.64,2
R06,apprentissage,B02,0.6,2,0.01694915254237288,1,1,B02;B53,34.02,3,1,94.01,47.64,2
R06,apprentissage,B02,0.9,9,0.13559322033898305,4,1;1;5;1,B02;B09;B14;B19;B21;B35;B37;B45;B53,34.02,3,1,94.01,47.64,2
R06,apprentissage,B03,0.3,1,0.0,0,,B03,0.5,1,3,2.06,60.449999999999996,16
R06,apprentissage,B03,0.6,2,0.01694915254237288,1,1,B03;B27,0.5,1,3,2.06,60.449999999999996,16
R06,apprentissage,B03,0.9,2,0.01694915254237288,1,1,B03;B27,0.5,1,3,2.06,60.449999999999996,16
R06,apprentissage,B04,0.3,1,0.0,0,,B04,3.58,1,5,9.54,78.96,22
R06,apprentissage,B04,0.6,4,0.05084745762711865,2,2;1,B04;B19;B46;B48,3.58,1,5,9.54,78.96,22
R06,apprentissage,B04,0.9,4,0.05084745762711865,2,2;1,B04;B19;B46;B48,3.58,1,5,9.54,78.96,22
R06,apprentissage,B05,0.3,3,0.03389830508474576,1,2,B05;B44;B46,3.81,1,5,8.1,125.8,26
R06,apprentissage,B05,0.6,4,0.05084745762711865,2,2;1,B05;B44;B46;B48,3.81,1,5,8.1,125.8,26
R06,apprentissage,B05,0.9,4,0.05084745762711865,2,2;1,B05;B44;B46;B48,3.81,1,5,8.1,125.8,26
R06,apprentissage,B06,0.3,2,0.01694915254237288,1,1,B06;B13,32.73,11,15,294.72,593.14,42
R06,apprentissage,B06,0.6,53,0.8813559322033898,14,4;1;2;3;2;8;5;9;9;2;3;2;1;1,B01;B02;B03;B04;B05;B06;B07;B08;B09;B10;B11;B12;B13;B14;B15;B16;B18;B19;B21;B23;B24;B25;B26;B27;B28;B29;B30;B31;B32;B33;B34;B35;B37;B38;B40;B41;B43;B44;B45;B46;B47;B48;B49;B50;B51;B52;B53;B55;B56;B57;B58;B59;B60,32.73,11,15,294.72,593.14,42
R06,apprentissage,B06,0.9,55,0.9152542372881356,9,5;7;7;10;10;10;3;1;1,B01;B02;B03;B04;B05;B06;B07;B08;B09;B10;B11;B12;B13;B14;B15;B16;B18;B19;B20;B21;B23;B24;B25;B26;B27;B28;B29;B30;B31;B32;B33;B34;B35;B37;B38;B40;B41;B42;B43;B44;B45;B46;B47;B48;B49;B50;B51;B52;B53;B55;B56;B57;B58;B59;B60,32.73,11,15,294.72,593.14,42
R06,apprentissage,B07,0.3,2,0.01694915254237288,1,1,B07;B24,130.79,13,14,737.96,403.47,46
R06,apprentissage,B07,0.6,53,0.8813559322033898,12,3;2;8;5;5;9;9;4;3;2;1;1,B01;B02;B03;B04;B05;B06;B07;B08;B09;B10;B11;B12;B13;B14;B15;B16;B18;B19;B21;B23;B24;B25;B26;B27;B28;B29;B30;B31;B32;B33;B34;B35;B37;B38;B40;B41;B43;B44;B45;B46;B47;B48;B49;B50;B51;B52;B53;B55;B56;B57;B58;B59;B60,130.79,13,14,737.96,403.47,46
R06,apprentissage,B07,0.9,55,0.9152542372881356,9,5;6;15;13;8;4;1;1;1,B01;B02;B03;B04;B05;B06;B07;B08;B09;B10;B11;B12;B13;B14;B15;B16;B18;B19;B20;B21;B23;B24;B25;B26;B27;B28;B29;B30;B31;B32;B33;B34;B35;B37;B38;B40;B41;B42;B43;B44;B45;B46;B47;B48;B49;B50;B51;B52;B53;B55;B56;B57;B58;B59;B60,130.79,13,14,737.96,403.47,46
R06,apprentissage,B08,0.3,5,0.06779661016949153,3,2;1;1,B08;B23;B47;B56;B59,5.24,2,7,23.64,306.33000000000004,28
R06,apprentissage,B08,0.6,53,0.8813559322033898,10,2;2;2;5;15;10;10;4;1;1,B01;B02;B03;B04;B05;B06;B07;B08;B09;B10;B11;B12;B13;B14;B15;B16;B18;B19;B21;B23;B24;B25;B26;B27;B28;B29;B30;B31;B32;B33;B34;B35;B37;B38;B40;B41;B43;B44;B45;B46;B47;B48;B49;B50;B51;B52;B53;B55;B56;B57;B58;B59;B60,5.24,2,7,23.64,306.33000000000004,28
R06,apprentissage,B08,0.9,55,0.9152542372881356,8,2;4;14;13;12;4;3;2,B01;B02;B03;B04;B05;B06;B07;B08;B09;B10;B11;B12;B13;B14;B15;B16;B18;B19;B20;B21;B23;B24;B25;B26;B27;B28;B29;B30;B31;B32;B33;B34;B35;B37;B38;B40;B41;B42;B43;B44;B45;B46;B47;B48;B49;B50;B51;B52;B53;B55;B56;B57;B58;B59;B60,5.24,2,7,23.64,306.33000000000004,28
R06,apprentissage,B09,0.3,1,0.0,0,,B09,31.64,1,3,137.66,40.8,18
R06,apprentissage,B09,0.6,1,0.0,0,,B09,31.64,1,3,137.66,40.8,18
R06,apprentissage,B09,0.9,1,0.0,0,,B09,31.64,1,3,137.66,40.8,18
R06,apprentissage,B10,0.3,1,0.0,0,,B10,21.1,4,2,72.46000000000001,186.28,21
R06,apprentissage,B10,0.6,4,0.05084745762711865,2,1;2,B10;B16;B33;B40,21.1,4,2,72.46000000000001,186.28,21
R06,apprentissage,B10,0.9,5,0.06779661016949153,2,1;3,B10;B11;B16;B33;B40,21.1,4,2,72.46000000000001,186.28,21
R06,apprentissage,B11,0.3,1,0.0,0,,B11,9.7,2,1,23.89,156.4,14
R06,apprentissage,B11,0.6,5,0.06779661016949153,2,1;3,B10;B11;B16;B33;B40,9.7,2,1,23.89,156.4,14
R06,apprentissage,B11,0.9,5,0.06779661016949153,2,1;3,B10;B11;B16;B33;B40,9.7,2,1,23.89,156.4,14
R06,apprentissage,B12,0.3,1,0.0,0,,B12,9.75,3,4,28.5,35.58,20
R06,apprentissage,B12,0.6,5,0.06779661016949153,3,1;2;1,B05;B12;B44;B46;B48,9.75,3,4,28.5,35.58,20
R06,apprentissage,B12,0.9,5,0.06779661016949153,3,1;2;1,B05;B12;B44;B46;B48,9.75,3,4,28.5,35.58,20
R06,apprentissage,B13,0.3,1,0.0,0,,B13,45.02,9,2,274.79999999999995,50.68,16
R06,apprentissage,B13,0.6,1,0.0,0,,B13,45.02,9,2,274.79999999999995,50.68,16
R06,apprentissage,B13,0.9,1,0.0,0,,B13,45.02,9,2,274.79999999999995,50.68,16
R06,apprentissage,B14,0.3,5,0.06779661016949153,1,4,B09;B14;B21;B35;B45,99.96,14,12,610.3700000000001,464.7700000000001,41
R06,apprentissage,B14,0.6,6,0.0847457627118644,1,5,B09;B14;B21;B35;B37;B45,99.96,14,12,610.3700000000001,464.7700000000001,41
R06,apprentissage,B14,0.9,7,0.1016949152542373,2,5;1,B09;B14;B19;B21;B35;B37;B45,99.96,14,12,610.3700000000001,464.7700000000001,41
R06,apprentissage,B15,0.3,1,0.0,0,,B15,7.84,2,6,46.410000000000004,257.47,30
R06,apprentissage,B15,0.6,8,0.11864406779661017,3,2;4;1,B03;B15;B19;B26;B27;B28;B50;B58,7.84,2,6,46.410000000000004,257.47,30
R06,apprentissage,B15,0.9,8,0.11864406779661017,3,2;4;1,B03;B15;B19;B26;B27;B28;B50;B58,7.84,2,6,46.410000000000004,257.47,30
R06,apprentissage,B16,0.3,1,0.0,0,,B16,12.1,1,2,51.83,9.26,6
R06,apprentissage,B16,0.6,1,0.0,0,,B16,12.1,1,2,51.83,9.26,6
R06,apprentissage,B16,0.9,1,0.0,0,,B16,12.1,1,2,51.83,9.26,6
R06,apprentissage,B17,0.3,1,0.0,0,,B17,1.43,0,0,0.0,0.0,0
R06,apprentissage,B17,0.6,1,0.0,0,,B17,1.43,0,0,0.0,0.0,0
R06,apprentissage,B17,0.9,1,0.0,0,,B17,1.43,0,0,0.0,0.0,0
R06,apprentissage,B18,0.3,1,0.0,0,,B18,27.01,5,1,95.61,2.31,7
R06,apprentissage,B18,0.6,1,0.0,0,,B18,27.01,5,1,95.61,2.31,7
R06,apprentissage,B18,0.9,1,0.0,0,,B18,27.01,5,1,95.61,2.31,7
R06,apprentissage,B19,0.3,1,0.0,0,,B19,5.36,3,4,25.6,27.93,16
R06,apprentissage,B19,0.6,1,0.0,0,,B19,5.36,3,4,25.6,27.93,16
R06,apprentissage,B19,0.9,1,0.0,0,,B19,5.36,3,4,25.6,27.93,16
R06,apprentissage,B20,0.3,1,0.0,0,,B20,41.42,3,3,61.510000000000005,23.42,10
R06,apprentissage,B20,0.6,1,0.0,0,,B20,41.42,3,3,61.510000000000005,23.42,10
R06,apprentissage,B20,0.9,3,0.03389830508474576,2,1;1,B19;B20;B35,41.42,3,3,61.510000000000005,23.42,10
R06,apprentissage,B21,0.3,1,0.0,0,,B21,9.47,1,3,60.49,49.980000000000004,18
R06,apprentissage,B21,0.6,1,0.0,0,,B21,9.47,1,3,60.49,49.980000000000004,18
R06,apprentissage,B21,0.9,1,0.0,0,,B21,9.47,1,3,60.49,49.980000000000004,18
R06,apprentissage,B22,0.3,1,0.0,0,,B22,2.5,0,2,0.0,43.92,18
R06,apprentissage,B22,0.6,1,0.0,0,,B22,2.5,0,2,0.0,43.92,18
R06,apprentissage,B22,0.9,1,0.0,0,,B22,2.5,0,2,0.0,43.92,18
R06,apprentissage,B23,0.3,1,0.0,0,,B23,43.86,14,11,385.09999999999997,556.01,41
R06,apprentissage,B23,0.6,53,0.8813559322033898,11,2;3;1;5;14;10;7;6;2;1;1,B01;B02;B03;B04;B05;B06;B07;B08;B09;B10;B11;B12;B13;B14;B15;B16;B18;B19;B21;B23;B24;B25;B26;B27;B28;B29;B30;B31;B32;B33;B34;B35;B37;B38;B40;B41;B43;B44;B45;B46;B47;B48;B49;B50;B51;B52;B53;B55;B56;B57;B58;B59;B60,43.86,14,11,385.09999999999997,556.01,41
R06,apprentissage,B23,0.9,55,0.9152542372881356,9,3;5;12;18;7;5;2;1;1,B01;B02;B03;B04;B05;B06;B07;B08;B09;B10;B11;B12;B13;B14;B15;B16;B18;B19;B20;B21;B23;B24;B25;B26;B27;B28;B29;B30;B31;B32;B33;B34;B35;B37;B38;B40;B41;B42;B43;B44;B45;B46;B47;B48;B49;B50;B51;B52;B53;B55;B56;B57;B58;B59;B60,43.86,14,11,385.09999999999997,556.01,41
R06,apprentissage,B24,0.3,1,0.0,0,,B24,31.7,4,1,211.51000000000002,148.81,13
R06,apprentissage,B24,0.6,53,0.8813559322033898,17,1;2;1;1;2;1;1;3;4;10;6;10;3;3;2;1;1,B01;B02;B03;B04;B05;B06;B07;B08;B09;B10;B11;B12;B13;B14;B15;B16;B18;B19;B21;B23;B24;B25;B26;B27;B28;B29;B30;B31;B32;B33;B34;B35;B37;B38;B40;B41;B43;B44;B45;B46;B47;B48;B49;B50;B51;B52;B53;B55;B56;B57;B58;B59;B60,31.7,4,1,211.51000000000002,148.81,13
R06,apprentissage,B24,0.9,55,0.9152542372881356,10,1;4;5;5;17;14;5;1;1;1,B01;B02;B03;B04;B05;B06;B07;B08;B09;B10;B11;B12;B13;B14;B15;B16;B18;B19;B20;B21;B23;B24;B25;B26;B27;B28;B29;B30;B31;B32;B33;B34;B35;B37;B38;B40;B41;B42;B43;B44;B45;B46;B47;B48;B49;B50;B51;B52;B53;B55;B56;B57;B58;B59;B60,31.7,4,1,211.51000000000002,148.81,13
R06,apprentissage,B25,0.3,5,0.06779661016949153,1,4,B25;B32;B53;B55;B60,136.1,12,12,802.41,454.21999999999997,37
R06,apprentissage,B25,0.6,53,0.8813559322033898,11,5;1;6;5;3;6;7;11;5;2;1,B01;B02;B03;B04;B05;B06;B07;B08;B09;B10;B11;B12;B13;B14;B15;B16;B18;B19;B21;B23;B24;B25;B26;B27;B28;B29;B30;B31;B32;B33;B34;B35;B37;B38;B40;B41;B43;B44;B45;B46;B47;B48;B49;B50;B51;B52;B53;B55;B56;B57;B58;B59;B60,136.1,12,12,802.41,454.21999999999997,37
R06,apprentissage,B25,0.9,55,0.9152542372881356,7,6;7;15;14;6;4;2,B01;B02;B03;B04;B05;B06;B07;B08;B09;B10;B11;B12;B13;B14;B15;B16;B18;B19;B20;B21;B23;B24;B25;B26;B27;B28;B29;B30;B31;B32;B33;B34;B35;B37;B38;B40;B41;B42;B43;B44;B45;B46;B47;B48;B49;B50;B51;B52;B53;B55;B56;B57;B58;B59;B60,136.1,12,12,802.41,454.21999999999997,37
R06,apprentissage,B26,0.3,1,0.0,0,,B26,13.77,3,1,72.31,43.27,11
R06,apprentissage,B26,0.6,1,0.0,0,,B26,13.77,3,1,72.31,43.27,11
R06,apprentissage,B26,0.9,1,0.0,0,,B26,13.77,3,1,72.31,43.27,11
R06,apprentissage,B27,0.3,1,0.0,0,,B27,5.71,1,1,9.71,15.66,13
R06,apprentissage,B27,0.6,1,0.0,0,,B27,5.71,1,1,9.71,15.66,13
R06,apprentissage,B27,0.9,1,0.0,0,,B27,5.71,1,1,9.71,15.66,13
R06,apprentissage,B28,0.3,2,0.01694915254237288,1,1,B03;B28,0.5,1,3,1.07,21.32,24
R06,apprentissage,B28,0.6,3,0.03389830508474576,2,1;1,B03;B27;B28,0.5,1,3,1.07,21.32,24
R06,apprentissage,B28,0.9,3,0.03389830508474576,2,1;1,B03;B27;B28,0.5,1,3,1.07,21.32,24
R06,apprentissage,B29,0.3,2,0.01694915254237288,1,1,B29;B30,157.52,18,11,1030.4799999999998,350.80999999999995,40
R06,apprentissage,B29,0.6,4,0.05084745762711865,1,3,B29;B30;B34;B38,157.52,18,11,1030.4799999999998,350.80999999999995,40
R06,apprentissage,B29,0.9,55,0.9152542372881356,8,4;4;10;13;15;4;2;2,B01;B02;B03;B04;B05;B06;B07;B08;B09;B10;B11;B12;B13;B14;B15;B16;B18;B19;B20;B21;B23;B24;B25;B26;B27;B28;B29;B30;B31;B32;B33;B34;B35;B37;B38;B40;B41;B42;B43;B44;B45;B46;B47;B48;B49;B50;B51;B52;B53;B55;B56;B57;B58;B59;B60,157.52,18,11,1030.4799999999998,350.80999999999995,40
R06,apprentissage,B30,0.3,1,0.0,0,,B30,22.27,3,4,128.95,305.39000000000004,19
R06,apprentissage,B30,0.6,1,0.0,0,,B30,22.27,3,4,128.95,305.39000000000004,19
R06,apprentissage,B30,0.9,55,0.9152542372881356,9,2;5;6;15;14;7;2;2;1,B01;B02;B03;B04;B05;B06;B07;B08;B09;B10;B11;B12;B13;B14;B15;B16;B18;B19;B20;B21;B23;B24;B25;B26;B27;B28;B29;B30;B31;B32;B33;B34;B35;B37;B38;B40;B41;B42;B43;B44;B45;B46;B47;B48;B49;B50;B51;B52;B53;B55;B56;B57;B58;B59;B60,22.27,3,4,128.95,305.39000000000004,19
R06,apprentissage,B31,0.3,2,0.01694915254237288,1,1,B31;B41,30.99,3,3,71.53999999999999,34.449999999999996,19
R06,apprentissage,B31,0.6,6,0.0847457627118644,4,1;1;2;1,B04;B19;B31;B41;B46;B48,30.99,3,3,71.53999999999999,34.449999999999996,19
R06,apprentissage,B31,0.9,6,0.0847457627118644,4,1;1;2;1,B04;B19;B31;B41;B46;B48,30.99,3,3,71.53999999999999,34.449999999999996,19
R06,apprentissage,B32,0.3,1,0.0,0,,B32,4.28,1,2,18.61,60.63,15
R06,apprentissage,B32,0.6,1,0.0,0,,B32,4.28,1,2,18.61,60.63,15
R06,apprentissage,B32,0.9,1,0.0,0,,B32,4.28,1,2,18.61,60.63,15
R06,apprentissage,B33,0.3,1,0.0,0,,B33,14.28,1,0,42.29,0.0,0
R06,apprentissage,B33,0.6,1,0.0,0,,B33,14.28,1,0,42.29,0.0,0
R06,apprentissage,B33,0.9,1,0.0,0,,B33,14.28,1,0,42.29,0.0,0
R06,apprentissage,B34,0.3,1,0.0,0,,B34,20.17,3,4,59.32,48.99,23
R06,apprentissage,B34,0.6,1,0.0,0,,B34,20.17,3,4,59.32,48.99,23
R06,apprentissage,B34,0.9,1,0.0,0,,B34,20.17,3,4,59.32,48.99,23
R06,apprentissage,B35,0.3,1,0.0,0,,B35,5.17,2,4,31.55,90.25,23
R06,apprentissage,B35,0.6,1,0.0,0,,B35,5.17,2,4,31.55,90.25,23
R06,apprentissage,B35,0.9,2,0.01694915254237288,1,1,B19;B35,5.17,2,4,31.55,90.25,23
R06,apprentissage,B36,0.3,1,0.0,0,,B36,58.7,6,3,67.37,40.61,16
R06,apprentissage,B36,0.6,1,0.0,0,,B36,58.7,6,3,67.37,40.61,16
R06,apprentissage,B36,0.9,1,0.0,0,,B36,58.7,6,3,67.37,40.61,16
R06,apprentissage,B37,0.3,1,0.0,0,,B37,4.82,1,1,12.06,1.67,2
R06,apprentissage,B37,0.6,1,0.0,0,,B37,4.82,1,1,12.06,1.67,2
R06,apprentissage,B37,0.9,1,0.0,0,,B37,4.82,1,1,12.06,1.67,2
R06,apprentissage,B38,0.3,1,0.0,0,,B38,16.34,3,5,78.95,297.39,27
R06,apprentissage,B38,0.6,1,0.0,0,,B38,16.34,3,5,78.95,297.39,27
R06,apprentissage,B38,0.9,55,0.9152542372881356,10,2;6;4;5;12;8;12;2;2;1,B01;B02;B03;B04;B05;B06;B07;B08;B09;B10;B11;B12;B13;B14;B15;B16;B18;B19;B20;B21;B23;B24;B25;B26;B27;B28;B29;B30;B31;B32;B33;B34;B35;B37;B38;B40;B41;B42;B43;B44;B45;B46;B47;B48;B49;B50;B51;B52;B53;B55;B56;B57;B58;B59;B60,16.34,3,5,78.95,297.39,27
R06,apprentissage,B39,0.3,1,0.0,0,,B39,1.42,0,0,0.0,0.0,0
R06,apprentissage,B39,0.6,1,0.0,0,,B39,1.42,0,0,0.0,0.0,0
R06,apprentissage,B39,0.9,1,0.0,0,,B39,1.42,0,0,0.0,0.0,0
R06,apprentissage,B40,0.3,2,0.01694915254237288,1,1,B16;B40,79.34,12,14,670.6199999999999,493.77,39
R06,apprentissage,B40,0.6,4,0.05084745762711865,1,3,B10;B16;B33;B40,79.34,12,14,670.6199999999999,493.77,39
R06,apprentissage,B40,0.9,5,0.06779661016949153,1,4,B10;B11;B16;B33;B40,79.34,12,14,670.6199999999999,493.77,39
R06,apprentissage,B41,0.3,1,0.0,0,,B41,0.91,1,4,4.63,90.86999999999999,21
R06,apprentissage,B41,0.6,5,0.06779661016949153,3,1;2;1,B04;B19;B41;B46;B48,0.91,1,4,4.63,90.86999999999999,21
R06,apprentissage,B41,0.9,5,0.06779661016949153,3,1;2;1,B04;B19;B41;B46;B48,0.91,1,4,4.63,90.86999999999999,21
R06,apprentissage,B42,0.3,2,0.01694915254237288,1,1,B42;B57,118.6,5,1,149.92,305.11,13
R06,apprentissage,B42,0.6,54,0.8983050847457628,17,1;2;1;1;2;1;1;4;4;10;6;10;3;3;2;1;1,B01;B02;B03;B04;B05;B06;B07;B08;B09;B10;B11;B12;B13;B14;B15;B16;B18;B19;B21;B23;B24;B25;B26;B27;B28;B29;B30;B31;B32;B33;B34;B35;B37;B38;B40;B41;B42;B43;B44;B45;B46;B47;B48;B49;B50;B51;B52;B53;B55;B56;B57;B58;B59;B60,118.6,5,1,149.92,305.11,13
R06,apprentissage,B42,0.9,55,0.9152542372881356,10,1;4;6;5;16;14;5;1;1;1,B01;B02;B03;B04;B05;B06;B07;B08;B09;B10;B11;B12;B13;B14;B15;B16;B18;B19;B20;B21;B23;B24;B25;B26;B27;B28;B29;B30;B31;B32;B33;B34;B35;B37;B38;B40;B41;B42;B43;B44;B45;B46;B47;B48;B49;B50;B51;B52;B53;B55;B56;B57;B58;B59;B60,118.6,5,1,149.92,305.11,13
R06,apprentissage,B43,0.3,1,0.0,0,,B43,10.6,3,3,21.96,114.03999999999999,23
R06,apprentissage,B43,0.6,1,0.0,0,,B43,10.6,3,3,21.96,114.03999999999999,23
R06,apprentissage,B43,0.9,1,0.0,0,,B43,10.6,3,3,21.96,114.03999999999999,23
R06,apprentissage,B44,0.3,1,0.0,0,,B44,0.65,1,2,4.45,40.989999999999995,16
R06,apprentissage,B44,0.6,1,0.0,0,,B44,0.65,1,2,4.45,40.989999999999995,16
R06,apprentissage,B44,0.9,1,0.0,0,,B44,0.65,1,2,4.45,40.989999999999995,16
R06,apprentissage,B45,0.3,1,0.0,0,,B45,13.1,3,0,112.00999999999999,0.0,0
R06,apprentissage,B45,0.6,1,0.0,0,,B45,13.1,3,0,112.00999999999999,0.0,0
R06,apprentissage,B45,0.9,1,0.0,0,,B45,13.1,3,0,112.00999999999999,0.0,0
R06,apprentissage,B46,0.3,1,0.0,0,,B46,4.78,2,4,36.78,129.01999999999998,27
R06,apprentissage,B46,0.6,2,0.01694915254237288,1,1,B46;B48,4.78,2,4,36.78,129.01999999999998,27
R06,apprentissage,B46,0.9,2,0.01694915254237288,1,1,B46;B48,4.78,2,4,36.78,129.01999999999998,27
R06,apprentissage,B47,0.3,5,0.06779661016949153,3,2;1;1,B08;B23;B47;B56;B59,25.31,10,10,323.03000000000003,459.03999999999996,42
R06,apprentissage,B47,0.6,53,0.8813559322033898,11,2;1;1;2;5;15;10;10;4;1;1,B01;B02;B03;B04;B05;B06;B07;B08;B09;B10;B11;B12;B13;B14;B15;B16;B18;B19;B21;B23;B24;B25;B26;B27;B28;B29;B30;B31;B32;B33;B34;B35;B37;B38;B40;B41;B43;B44;B45;B46;B47;B48;B49;B50;B51;B52;B53;B55;B56;B57;B58;B59;B60,25.31,10,10,323.03000000000003,459.03999999999996,42
R06,apprentissage,B47,0.9,55,0.9152542372881356,7,4;13;12;14;5;3;3,B01;B02;B03;B04;B05;B06;B07;B08;B09;B10;B11;B12;B13;B14;B15;B16;B18;B19;B20;B21;B23;B24;B25;B26;B27;B28;B29;B30;B31;B32;B33;B34;B35;B37;B38;B40;B41;B42;B43;B44;B45;B46;B47;B48;B49;B50;B51;B52;B53;B55;B56;B57;B58;B59;B60,25.31,10,10,323.03000000000003,459.03999999999996,42
R06,apprentissage,B48,0.3,1,0.0,0,,B48,7.51,2,1,27.83,77.3,15
R06,apprentissage,B48,0.6,1,0.0,0,,B48,7.51,2,1,27.83,77.3,15
R06,apprentissage,B48,0.9,1,0.0,0,,B48,7.51,2,1,27.83,77.3,15
R06,apprentissage,B49,0.3,1,0.0,0,,B49,2.51,1,1,7.88,12.86,14
R06,apprentissage,B49,0.6,1,0.0,0,,B49,2.51,1,1,7.88,12.86,14
R06,apprentissage,B49,0.9,1,0.0,0,,B49,2.51,1,1,7.88,12.86,14
R06,apprentissage,B50,0.3,1,0.0,0,,B50,14.01,1,3,36.1,27.29,17
R06,apprentissage,B50,0.6,1,0.0,0,,B50,14.01,1,3,36.1,27.29,17
R06,apprentissage,B50,0.9,1,0.0,0,,B50,14.01,1,3,36.1,27.29,17
R06,apprentissage,B51,0.3,1,0.0,0,,B51,16.86,2,0,29.06,0.0,0
R06,apprentissage,B51,0.6,1,0.0,0,,B51,16.86,2,0,29.06,0.0,0
R06,apprentissage,B51,0.9,1,0.0,0,,B51,16.86,2,0,29.06,0.0,0
R06,apprentissage,B52,0.3,1,0.0,0,,B52,14.24,2,1,62.24,4.84,2
R06,apprentissage,B52,0.6,1,0.0,0,,B52,14.24,2,1,62.24,4.84,2
R06,apprentissage,B52,0.9,1,0.0,0,,B52,14.24,2,1,62.24,4.84,2
R06,apprentissage,B53,0.3,1,0.0,0,,B53,10.6,3,1,115.04,126.71,13
R06,apprentissage,B53,0.6,1,0.0,0,,B53,10.6,3,1,115.04,126.71,13
R06,apprentissage,B53,0.9,8,0.11864406779661017,3,1;5;1,B09;B14;B19;B21;B35;B37;B45;B53,10.6,3,1,115.04,126.71,13
R06,apprentissage,B54,0.3,1,0.0,0,,B54,0.86,0,0,0.0,0.0,0
R06,apprentissage,B54,0.6,1,0.0,0,,B54,0.86,0,0,0.0,0.0,0
R06,apprentissage,B54,0.9,1,0.0,0,,B54,0.86,0,0,0.0,0.0,0
R06,apprentissage,B55,0.3,1,0.0,0,,B55,5.96,1,3,29.1,273.85,20
R06,apprentissage,B55,0.6,53,0.8813559322033898,12,1;4;1;6;5;3;6;7;11;5;2;1,B01;B02;B03;B04;B05;B06;B07;B08;B09;B10;B11;B12;B13;B14;B15;B16;B18;B19;B21;B23;B24;B25;B26;B27;B28;B29;B30;B31;B32;B33;B34;B35;B37;B38;B40;B41;B43;B44;B45;B46;B47;B48;B49;B50;B51;B52;B53;B55;B56;B57;B58;B59;B60,5.96,1,3,29.1,273.85,20
R06,apprentissage,B55,0.9,55,0.9152542372881356,8,1;5;7;15;14;6;4;2,B01;B02;B03;B04;B05;B06;B07;B08;B09;B10;B11;B12;B13;B14;B15;B16;B18;B19;B20;B21;B23;B24;B25;B26;B27;B28;B29;B30;B31;B32;B33;B34;B35;B37;B38;B40;B41;B42;B43;B44;B45;B46;B47;B48;B49;B50;B51;B52;B53;B55;B56;B57;B58;B59;B60,5.96,1,3,29.1,273.85,20
R06,apprentissage,B56,0.3,1,0.0,0,,B56,25.83,3,3,149.82,96.97,20
R06,apprentissage,B56,0.6,53,0.8813559322033898,12,1;1;1;1;2;5;15;10;10;4;1;1,B01;B02;B03;B04;B05;B06;B07;B08;B09;B10;B11;B12;B13;B14;B15;B16;B18;B19;B21;B23;B24;B25;B26;B27;B28;B29;B30;B31;B32;B33;B34;B35;B37;B38;B40;B41;B43;B44;B45;B46;B47;B48;B49;B50;B51;B52;B53;B55;B56;B57;B58;B59;B60,25.83,3,3,149.82,96.97,20
R06,apprentissage,B56,0.9,55,0.9152542372881356,8,1;3;13;12;14;5;3;3,B01;B02;B03;B04;B05;B06;B07;B08;B09;B10;B11;B12;B13;B14;B15;B16;B18;B19;B20;B21;B23;B24;B25;B26;B27;B28;B29;B30;B31;B32;B33;B34;B35;B37;B38;B40;B41;B42;B43;B44;B45;B46;B47;B48;B49;B50;B51;B52;B53;B55;B56;B57;B58;B59;B60,25.83,3,3,149.82,96.97,20
R06,apprentissage,B57,0.3,1,0.0,0,,B57,85.07,13,13,700.1399999999999,555.3,40
R06,apprentissage,B57,0.6,53,0.8813559322033898,16,2;1;1;2;1;1;4;4;10;6;10;3;3;2;1;1,B01;B02;B03;B04;B05;B06;B07;B08;B09;B10;B11;B12;B13;B14;B15;B16;B18;B19;B21;B23;B24;B25;B26;B27;B28;B29;B30;B31;B32;B33;B34;B35;B37;B38;B40;B41;B43;B44;B45;B46;B47;B48;B49;B50;B51;B52;B53;B55;B56;B57;B58;B59;B60,85.07,13,13,700.1399999999999,555.3,40
R06,apprentissage,B57,0.9,55,0.9152542372881356,9,4;6;5;17;14;5;1;1;1,B01;B02;B03;B04;B05;B06;B07;B08;B09;B10;B11;B12;B13;B14;B15;B16;B18;B19;B20;B21;B23;B24;B25;B26;B27;B28;B29;B30;B31;B32;B33;B34;B35;B37;B38;B40;B41;B42;B43;B44;B45;B46;B47;B48;B49;B50;B51;B52;B53;B55;B56;B57;B58;B59;B60,85.07,13,13,700.1399999999999,555.3,40
R06,apprentissage,B58,0.3,2,0.01694915254237288,1,1,B15;B58,47.68,10,11,282.25000000000006,246.28999999999994,43
R06,apprentissage,B58,0.6,8,0.11864406779661017,4,4;1;1;1,B03;B15;B19;B26;B27;B28;B50;B58,47.68,10,11,282.25000000000006,246.28999999999994,43
R06,apprentissage,B58,0.9,8,0.11864406779661017,4,4;1;1;1,B03;B15;B19;B26;B27;B28;B50;B58,47.68,10,11,282.25000000000006,246.28999999999994,43
R06,apprentissage,B59,0.3,1,0.0,0,,B59,7.04,3,1,50.82,120.7,12
R06,apprentissage,B59,0.6,53,0.8813559322033898,12,1;2;3;1;5;14;9;7;6;2;1;1,B01;B02;B03;B04;B05;B06;B07;B08;B09;B10;B11;B12;B13;B14;B15;B16;B18;B19;B21;B23;B24;B25;B26;B27;B28;B29;B30;B31;B32;B33;B34;B35;B37;B38;B40;B41;B43;B44;B45;B46;B47;B48;B49;B50;B51;B52;B53;B55;B56;B57;B58;B59;B60,7.04,3,1,50.82,120.7,12
R06,apprentissage,B59,0.9,55,0.9152542372881356,10,1;3;5;12;18;6;5;2;1;1,B01;B02;B03;B04;B05;B06;B07;B08;B09;B10;B11;B12;B13;B14;B15;B16;B18;B19;B20;B21;B23;B24;B25;B26;B27;B28;B29;B30;B31;B32;B33;B34;B35;B37;B38;B40;B41;B42;B43;B44;B45;B46;B47;B48;B49;B50;B51;B52;B53;B55;B56;B57;B58;B59;B60,7.04,3,1,50.82,120.7,12
R06,apprentissage,B60,0.3,1,0.0,0,,B60,9.04,3,1,72.05,2.15,2
R06,apprentissage,B60,0.6,1,0.0,0,,B60,9.04,3,1,72.05,2.15,2
R06,apprentissage,B60,0.9,1,0.0,0,,B60,9.04,3,1,72.05,2.15,2
R07,apprentissage,B01,0.3,1,0.0,0,,B01,5.22,1,0,19.72,0.0,0
R07,apprentissage,B01,0.6,1,0.0,0,,B01,5.22,1,0,19.72,0.0,0
R07,apprentissage,B01,0.9,1,0.0,0,,B01,5.22,1,0,19.72,0.0,0
R07,apprentissage,B02,0.3,1,0.0,0,,B02,1.51,1,0,8.0,0.0,0
R07,apprentissage,B02,0.6,1,0.0,0,,B02,1.51,1,0,8.0,0.0,0
R07,apprentissage,B02,0.9,1,0.0,0,,B02,1.51,1,0,8.0,0.0,0
R07,apprentissage,B03,0.3,1,0.0,0,,B03,0.72,1,0,4.11,0.0,0
R07,apprentissage,B03,0.6,1,0.0,0,,B03,0.72,1,0,4.11,0.0,0
R07,apprentissage,B03,0.9,1,0.0,0,,B03,0.72,1,0,4.11,0.0,0
R07,apprentissage,B04,0.3,2,0.01694915254237288,1,1,B04;B53,148.73,21,7,1196.4399999999998,678.9300000000001,29
R07,apprentissage,B04,0.6,33,0.5423728813559322,6,2;5;10;9;3;3,B02;B03;B04;B05;B06;B07;B09;B13;B15;B17;B19;B20;B25;B26;B27;B28;B30;B31;B33;B34;B36;B37;B39;B41;B42;B43;B46;B48;B49;B53;B54;B55;B57,148.73,21,7,1196.4399999999998,678.9300000000001,29
R07,apprentissage,B04,0.9,40,0.6610169491525424,5,2;8;17;8;4,B01;B02;B03;B04;B05;B06;B07;B09;B11;B13;B14;B15;B16;B17;B19;B20;B24;B25;B26;B27;B28;B30;B31;B33;B34;B35;B36;B37;B39;B41;B42;B43;B46;B48;B49;B53;B54;B55;B57;B58,148.73,21,7,1196.4399999999998,678.9300000000001,29
R07,apprentissage,B05,0.3,1,0.0,0,,B05,9.98,1,1,48.55,10.6,11
R07,apprentissage,B05,0.6,1,0.0,0,,B05,9.98,1,1,48.55,10.6,11
R07,apprentissage,B05,0.9,1,0.0,0,,B05,9.98,1,1,48.55,10.6,11
R07,apprentissage,B06,0.3,1,0.0,0,,B06,14.09,7,9,169.04,574.82,32
R07,apprentissage,B06,0.6,33,0.5423728813559322,5,3;7;9;10;3,B02;B03;B04;B05;B06;B07;B09;B13;B15;B17;B19;B20;B25;B26;B27;B28;B30;B31;B33;B34;B36;B37;B39;B41;B42;B43;B46;B48;B49;B53;B54;B55;B57,14.09,7,9,169.04,574.82,32
R07,apprentissage,B06,0.9,40,0.6610169491525424,5,6;14;10;5;4,B01;B02;B03;B04;B05;B06;B07;B09;B11;B13;B14;B15;B16;B17;B19;B20;B24;B25;B26;B27;B28;B30;B31;B33;B34;B35;B36;B37;B39;B41;B42;B43;B46;B48;B49;B53;B54;B55;B57;B58,14.09,7,9,169.04,574.82,32
R07,apprentissage,B07,0.3,8,0.11864406779661017,3,2;2;3,B06;B07;B15;B26;B27;B34;B42;B57,48.13,9,10,391.27000000000004,439.19,31
R07,apprentissage,B07,0.6,33,0.5423728813559322,4,2;6;14;10,B02;B03;B04;B05;B06;B07;B09;B13;B15;B17;B19;B20;B25;B26;B27;B28;B30;B31;B33;B34;B36;B37;B39;B41;B42;B43;B46;B48;B49;B53;B54;B55;B57,48.13,9,10,391.27000000000004,439.19,31
R07,apprentissage,B07,0.9,40,0.6610169491525424,4,4;11;14;10,B01;B02;B03;B04;B05;B06;B07;B09;B11;B13;B14;B15;B16;B17;B19;B20;B24;B25;B26;B27;B28;B30;B31;B33;B34;B35;B36;B37;B39;B41;B42;B43;B46;B48;B49;B53;B54;B55;B57;B58,48.13,9,10,391.27000000000004,439.19,31
R07,apprentissage,B08,0.3,3,0.03389830508474576,2,1;1,B08;B31;B54,5.04,0,1,0.0,43.1,10
R07,apprentissage,B08,0.6,6,0.0847457627118644,3,1;3;1,B08;B27;B28;B31;B36;B54,5.04,0,1,0.0,43.1,10
R07,apprentissage,B08,0.9,41,0.6779661016949152,7,1;3;3;7;10;12;4,B01;B02;B03;B04;B05;B06;B07;B08;B09;B11;B13;B14;B15;B16;B17;B19;B20;B24;B25;B26;B27;B28;B30;B31;B33;B34;B35;B36;B37;B39;B41;B42;B43;B46;B48;B49;B53;B54;B55;B57;B58,5.04,0,1,0.0,43.1,10
R07,apprentissage,B09,0.3,7,0.1016949152542373,3,4;1;1,B03;B09;B28;B30;B33;B36;B37,37.21,14,10,455.73,531.49,28
R07,apprentissage,B09,0.6,33,0.5423728813559322,6,6;4;4;4;7;7,B02;B03;B04;B05;B06;B07;B09;B13;B15;B17;B19;B20;B25;B26;B27;B28;B30;B31;B33;B34;B36;B37;B39;B41;B42;B43;B46;B48;B49;B53;B54;B55;B57,37.21,14,10,455.73,531.49,28
R07,apprentissage,B09,0.9,40,0.6610169491525424,5,8;8;11;8;4,B01;B02;B03;B04;B05;B06;B07;B09;B11;B13;B14;B15;B16;B17;B19;B20;B24;B25;B26;B27;B28;B30;B31;B33;B34;B35;B36;B37;B39;B41;B42;B43;B46;B48;B49;B53;B54;B55;B57;B58,37.21,14,10,455.73,531.49,28
R07,apprentissage,B10,0.3,1,0.0,0,,B10,0.88,0,3,0.0,232.59,23
R07,apprentissage,B10,0.6,34,0.559322033898305,5,2;10;11;9;1,B02;B03;B04;B05;B06;B07;B09;B10;B13;B15;B17;B19;B20;B25;B26;B27;B28;B30;B31;B33;B34;B36;B37;B39;B41;B42;B43;B46;B48;B49;B53;B54;B55;B57,0.88,0,3,0.0,232.59,23
R07,apprentissage,B10,0.9,41,0.6779661016949152,5,2;10;13;11;4,B01;B02;B03;B04;B05;B06;B07;B09;B10;B11;B13;B14;B15;B16;B17;B19;B20;B24;B25;B26;B27;B28;B30;B31;B33;B34;B35;B36;B37;B39;B41;B42;B43;B46;B48;B49;B53;B54;B55;B57;B58,0.88,0,3,0.0,232.59,23
R07,apprentissage,B11,0.3,2,0.01694915254237288,1,1,B01;B11,64.02,8,15,461.96,407.09000000000003,35
R07,apprentissage,B11,0.6,36,0.5932203389830508,5,4;6;10;12;3,B01;B02;B03;B04;B05;B06;B07;B09;B11;B13;B15;B16;B17;B19;B20;B25;B26;B27;B28;B30;B31;B33;B34;B36;B37;B39;B41;B42;B43;B46;B48;B49;B53;B54;B55;B57,64.02,8,15,461.96,407.09000000000003,35
R07,apprentissage,B11,0.9,40,0.6610169491525424,4,7;11;13;8,B01;B02;B03;B04;B05;B06;B07;B09;B11;B13;B14;B15;B16;B17;B19;B20;B24;B25;B26;B27;B28;B30;B31;B33;B34;B35;B36;B37;B39;B41;B42;B43;B46;B48;B49;B53;B54;B55;B57;B58,64.02,8,15,461.96,407.09000000000003,35
R07,apprentissage,B12,0.3,1,0.0,0,,B12,1.71,0,2,0.0,77.2,15
R07,apprentissage,B12,0.6,1,0.0,0,,B12,1.71,0,2,0.0,77.2,15
R07,apprentissage,B12,0.9,1,0.0,0,,B12,1.71,0,2,0.0,77.2,15
R07,apprentissage,B13,0.3,1,0.0,0,,B13,61.43,9,5,384.02,159.45,22
R07,apprentissage,B13,0.6,33,0.5423728813559322,5,2;6;9;13;2,B02;B03;B04;B05;B06;B07;B09;B13;B15;B17;B19;B20;B25;B26;B27;B28;B30;B31;B33;B34;B36;B37;B39;B41;B42;B43;B46;B48;B49;B53;B54;B55;B57,61.43,9,5,384.02,159.45,22
R07,apprentissage,B13,0.9,40,0.6610169491525424,5,2;9;14;13;1,B01;B02;B03;B04;B05;B06;B07;B09;B11;B13;B14;B15;B16;B17;B19;B20;B24;B25;B26;B27;B28;B30;B31;B33;B34;B35;B36;B37;B39;B41;B42;B43;B46;B48;B49;B53;B54;B55;B57;B58,61.43,9,5,384.02,159.45,22
R07,apprentissage,B14,0.3,4,0.05084745762711865,2,1;2,B02;B05;B14;B41,17.01,2,1,27.490000000000002,197.2,8
R07,apprentissage,B14,0.6,4,0.05084745762711865,2,1;2,B02;B05;B14;B41,17.01,2,1,27.490000000000002,197.2,8
R07,apprentissage,B14,0.9,40,0.6610169491525424,6,1;3;8;12;12;3,B01;B02;B03;B04;B05;B06;B07;B09;B11;B13;B14;B15;B16;B17;B19;B20;B24;B25;B26;B27;B28;B30;B31;B33;B34;B35;B36;B37;B39;B41;B42;B43;B46;B48;B49;B53;B54;B55;B57;B58,17.01,2,1,27.490000000000002,197.2,8
R07,apprentissage,B15,0.3,2,0.01694915254237288,1,1,B15;B42,54.16,12,8,592.7,224.73999999999998,26
R07,apprentissage,B15,0.6,33,0.5423728813559322,8,2;1;2;4;8;9;3;3,B02;B03;B04;B05;B06;B07;B09;B13;B15;B17;B19;B20;B25;B26;B27;B28;B30;B31;B33;B34;B36;B37;B39;B41;B42;B43;B46;B48;B49;B53;B54;B55;B57,54.16,12,8,592.7,224.73999999999998,26
R07,apprentissage,B15,0.9,40,0.6610169491525424,6,2;1;4;10;17;5,B01;B02;B03;B04;B05;B06;B07;B09;B11;B13;B14;B15;B16;B17;B19;B20;B24;B25;B26;B27;B28;B30;B31;B33;B34;B35;B36;B37;B39;B41;B42;B43;B46;B48;B49;B53;B54;B55;B57;B58,54.16,12,8,592.7,224.73999999999998,26
R07,apprentissage,B16,0.3,1,0.0,0,,B16,11.67,1,0,38.16,0.0,0
R07,apprentissage,B16,0.6,1,0.0,0,,B16,11.67,1,0,38.16,0.0,0
R07,apprentissage,B16,0.9,1,0.0,0,,B16,11.67,1,0,38.16,0.0,0
R07,apprentissage,B17,0.3,1,0.0,0,,B17,16.92,1,1,184.03,14.01,5
R07,apprentissage,B17,0.6,1,0.0,0,,B17,16.92,1,1,184.03,14.01,5
R07,apprentissage,B17,0.9,1,0.0,0,,B17,16.92,1,1,184.03,14.01,5
R07,apprentissage,B18,0.3,1,0.0,0,,B18,1.4,0,0,0.0,0.0,0
R07,apprentissage,B18,0.6,1,0.0,0,,B18,1.4,0,0,0.0,0.0,0
R07,apprentissage,B18,0.9,1,0.0,0,,B18,1.4,0,0,0.0,0.0,0
R07,apprentissage,B19,0.3,1,0.0,0,,B19,61.34,10,11,481.17999999999995,211.02,33
R07,apprentissage,B19,0.6,2,0.01694915254237288,1,1,B19;B25,61.34,10,11,481.17999999999995,211.02,33
R07,apprentissage,B19,0.9,40,0.6610169491525424,5,2;6;14;13;4,B01;B02;B03;B04;B05;B06;B07;B09;B11;B13;B14;B15;B16;B17;B19;B20;B24;B25;B26;B27;B28;B30;B31;B33;B34;B35;B36;B37;B39;B41;B42;B43;B46;B48;B49;B53;B54;B55;B57;B58,61.34,10,11,481.17999999999995,211.02,33
R07,apprentissage,B20,0.3,1,0.0,0,,B20,84.81,2,1,291.5,28.15,5
R07,apprentissage,B20,0.6,3,0.03389830508474576,2,1;1,B17;B20;B48,84.81,2,1,291.5,28.15,5
R07,apprentissage,B20,0.9,40,0.6610169491525424,7,1;2;4;10;12;6;4,B01;B02;B03;B04;B05;B06;B07;B09;B11;B13;B14;B15;B16;B17;B19;B20;B24;B25;B26;B27;B28;B30;B31;B33;B34;B35;B36;B37;B39;B41;B42;B43;B46;B48;B49;B53;B54;B55;B57;B58,84.81,2,1,291.5,28.15,5
R07,apprentissage,B21,0.3,1,0.0,0,,B21,1.98,0,1,0.0,65.28,11
R07,apprentissage,B21,0.6,34,0.559322033898305,7,1;6;4;4;4;7;7,B02;B03;B04;B05;B06;B07;B09;B13;B15;B17;B19;B20;B21;B25;B26;B27;B28;B30;B31;B33;B34;B36;B37;B39;B41;B42;B43;B46;B48;B49;B53;B54;B55;B57,1.98,0,1,0.0,65.28,11
R07,apprentissage,B21,0.9,41,0.6779661016949152,6,1;8;8;11;8;4,B01;B02;B03;B04;B05;B06;B07;B09;B11;B13;B14;B15;B16;B17;B19;B20;B21;B24;B25;B26;B27;B28;B30;B31;B33;B34;B35;B36;B37;B39;B41;B42;B43;B46;B48;B49;B53;B54;B55;B57;B58,1.98,0,1,0.0,65.28,11
R07,apprentissage,B22,0.3,1,0.0,0,,B22,0.81,0,1,0.0,23.41,16
R07,apprentissage,B22,0.6,1,0.0,0,,B22,0.81,0,1,0.0,23.41,16
R07,apprentissage,B22,0.9,1,0.0,0,,B22,0.81,0,1,0.0,23.41,16
R07,apprentissage,B23,0.3,1,0.0,0,,B23,3.41,0,3,0.0,133.95,22
R07,apprentissage,B23,0.6,1,0.0,0,,B23,3.41,0,3,0.0,133.95,22
R07,apprentissage,B23,0.9,1,0.0,0,,B23,3.41,0,3,0.0,133.95,22
R07,apprentissage,B24,0.3,2,0.01694915254237288,1,1,B24;B57,92.1,2,1,139.42,80.17,8
R07,apprentissage,B24,0.6,2,0.01694915254237288,1,1,B24;B57,92.1,2,1,139.42,80.17,8
R07,apprentissage,B24,0.9,40,0.6610169491525424,5,1;3;11;17;7,B01;B02;B03;B04;B05;B06;B07;B09;B11;B13;B14;B15;B16;B17;B19;B20;B24;B25;B26;B27;B28;B30;B31;B33;B34;B35;B36;B37;B39;B41;B42;B43;B46;B48;B49;B53;B54;B55;B57;B58,92.1,2,1,139.42,80.17,8
R07,apprentissage,B25,0.3,1,0.0,0,,B25,14.08,1,2,27.64,183.31,14
R07,apprentissage,B25,0.6,2,0.01694915254237288,1,1,B19;B25,14.08,1,2,27.64,183.31,14
R07,apprentissage,B25,0.9,40,0.6610169491525424,6,1;1;6;14;13;4,B01;B02;B03;B04;B05;B06;B07;B09;B11;B13;B14;B15;B16;B17;B19;B20;B24;B25;B26;B27;B28;B30;B31;B33;B34;B35;B36;B37;B39;B41;B42;B43;B46;B48;B49;B53;B54;B55;B57;B58,14.08,1,2,27.64,183.31,14
R07,apprentissage,B26,0.3,1,0.0,0,,B26,56.28,1,0,203.87,0.0,0
R07,apprentissage,B26,0.6,1,0.0,0,,B26,56.28,1,0,203.87,0.0,0
R07,apprentissage,B26,0.9,1,0.0,0,,B26,56.28,1,0,203.87,0.0,0
R07,apprentissage,B27,0.3,1,0.0,0,,B27,41.65,2,2,285.73,14.71,14
R07,apprentissage,B27,0.6,1,0.0,0,,B27,41.65,2,2,285.73,14.71,14
R07,apprentissage,B27,0.9,1,0.0,0,,B27,41.65,2,2,285.73,14.71,14
R07,apprentissage,B28,0.3,2,0.01694915254237288,1,1,B28;B36,26.46,7,7,396.21,648.21,26
R07,apprentissage,B28,0.6,5,0.06779661016949153,2,2;2,B27;B28;B31;B36;B54,26.46,7,7,396.21,648.21,26
R07,apprentissage,B28,0.9,40,0.6610169491525424,6,2;3;7;11;12;4,B01;B02;B03;B04;B05;B06;B07;B09;B11;B13;B14;B15;B16;B17;B19;B20;B24;B25;B26;B27;B28;B30;B31;B33;B34;B35;B36;B37;B39;B41;B42;B43;B46;B48;B49;B53;B54;B55;B57;B58,26.46,7,7,396.21,648.21,26
R07,apprentissage,B29,0.3,1,0.0,0,,B29,3.3,0,3,0.0,129.19,17
R07,apprentissage,B29,0.6,1,0.0,0,,B29,3.3,0,3,0.0,129.19,17
R07,apprentissage,B29,0.9,41,0.6779661016949152,5,2;5;11;11;11,B01;B02;B03;B04;B05;B06;B07;B09;B11;B13;B14;B15;B16;B17;B19;B20;B24;B25;B26;B27;B28;B29;B30;B31;B33;B34;B35;B36;B37;B39;B41;B42;B43;B46;B48;B49;B53;B54;B55;B57;B58,3.3,0,3,0.0,129.19,17
R07,apprentissage,B30,0.3,1,0.0,0,,B30,2.38,1,0,9.54,0.0,0
R07,apprentissage,B30,0.6,1,0.0,0,,B30,2.38,1,0,9.54,0.0,0
R07,apprentissage,B30,0.9,1,0.0,0,,B30,2.38,1,0,9.54,0.0,0
R07,apprentissage,B31,0.3,2,0.01694915254237288,1,1,B31;B54,10.98,10,9,166.41,857.3399999999999,24
R07,apprentissage,B31,0.6,5,0.06779661016949153,2,3;1,B27;B28;B31;B36;B54,10.98,10,9,166.41,857.3399999999999,24
R07,apprentissage,B31,0.9,40,0.6610169491525424,6,3;3;7;10;12;4,B01;B02;B03;B04;B05;B06;B07;B09;B11;B13;B14;B15;B16;B17;B19;B20;B24;B25;B26;B27;B28;B30;B31;B33;B34;B35;B36;B37;B39;B41;B42;B43;B46;B48;B49;B53;B54;B55;B57;B58,10.98,10,9,166.41,857.3399999999999,24
R07,apprentissage,B32,0.3,1,0.0,0,,B32,2.44,0,3,0.0,237.17999999999998,20
R07,apprentissage,B32,0.6,37,0.6101694915254238,5,2;4;8;11;11,B01;B02;B03;B04;B05;B06;B07;B09;B11;B13;B15;B16;B17;B19;B20;B25;B26;B27;B28;B30;B31;B32;B33;B34;B36;B37;B39;B41;B42;B43;B46;B48;B49;B53;B54;B55;B57,2.44,0,3,0.0,237.17999999999998,20
R07,apprentissage,B32,0.9,41,0.6779661016949152,6,2;5;11;15;6;1,B01;B02;B03;B04;B05;B06;B07;B09;B11;B13;B14;B15;B16;B17;B19;B20;B24;B25;B26;B27;B28;B30;B31;B32;B33;B34;B35;B36;B37;B39;B41;B42;B43;B46;B48;B49;B53;B54;B55;B57;B58,2.44,0,3,0.0,237.17999999999998,20
R07,apprentissage,B33,0.3,3,0.03389830508474576,2,1;1,B28;B33;B36,5.48,1,2,32.97,284.93,14
R07,apprentissage,B33,0.6,6,0.0847457627118644,3,1;2;2,B27;B28;B31;B33;B36;B54,5.48,1,2,32.97,284.93,14
R07,apprentissage,B33,0.9,40,0.6610169491525424,7,1;2;3;7;11;11;4,B01;B02;B03;B04;B05;B06;B07;B09;B11;B13;B14;B15;B16;B17;B19;B20;B24;B25;B26;B27;B28;B30;B31;B33;B34;B35;B36;B37;B39;B41;B42;B43;B46;B48;B49;B53;B54;B55;B57;B58,5.48,1,2,32.97,284.93,14
R07,apprentissage,B34,0.3,3,0.03389830508474576,1,2,B26;B27;B34,24.08,13,9,272.17,518.01,27
R07,apprentissage,B34,0.6,5,0.06779661016949153,2,3;1,B17;B26;B27;B34;B48,24.08,13,9,272.17,518.01,27
R07,apprentissage,B34,0.9,40,0.6610169491525424,7,3;2;5;12;7;6;4,B01;B02;B03;B04;B05;B06;B07;B09;B11;B13;B14;B15;B16;B17;B19;B20;B24;B25;B26;B27;B28;B30;B31;B33;B34;B35;B36;B37;B39;B41;B42;B43;B46;B48;B49;B53;B54;B55;B57;B58,24.08,13,9,272.17,518.01,27
R07,apprentissage,B35,0.3,1,0.0,0,,B35,42.32,2,1,56.63,27.79,15
R07,apprentissage,B35,0.6,1,0.0,0,,B35,42.32,2,1,56.63,27.79,15
R07,apprentissage,B35,0.9,1,0.0,0,,B35,42.32,2,1,56.63,27.79,15
R07,apprentissage,B36,0.3,1,0.0,0,,B36,124.47,1,0,529.25,0.0,0
R07,apprentissage,B36,0.6,1,0.0,0,,B36,124.47,1,0,529.25,0.0,0
R07,apprentissage,B36,0.9,1,0.0,0,,B36,124.47,1,0,529.25,0.0,0
R07,apprentissage,B37,0.3,1,0.0,0,,B37,3.6,1,0,37.47,0.0,0
R07,apprentissage,B37,0.6,1,0.0,0,,B37,3.6,1,0,37.47,0.0,0
R07,apprentissage,B37,0.9,1,0.0,0,,B37,3.6,1,0,37.47,0.0,0
R07,apprentissage,B38,0.3,1,0.0,0,,B38,4.76,0,2,0.0,16.89,15
R07,apprentissage,B38,0.6,1,0.0,0,,B38,4.76,0,2,0.0,16.89,15
R07,apprentissage,B38,0.9,1,0.0,0,,B38,4.76,0,2,0.0,16.89,15
R07,apprentissage,B39,0.3,1,0.0,0,,B39,3.21,1,0,7.07,0.0,0
R07,apprentissage,B39,0.6,1,0.0,0,,B39,3.21,1,0,7.07,0.0,0
R07,apprentissage,B39,0.9,1,0.0,0,,B39,3.21,1,0,7.07,0.0,0
R07,apprentissage,B40,0.3,1,0.0,0,,B40,1.46,0,1,0.0,63.55,9
R07,apprentissage,B40,0.6,1,0.0,0,,B40,1.46,0,1,0.0,63.55,9
R07,apprentissage,B40,0.9,41,0.6779661016949152,7,1;2;1;4;10;17;5,B01;B02;B03;B04;B05;B06;B07;B09;B11;B13;B14;B15;B16;B17;B19;B20;B24;B25;B26;B27;B28;B30;B31;B33;B34;B35;B36;B37;B39;B40;B41;B42;B43;B46;B48;B49;B53;B54;B55;B57;B58,1.46,0,1,0.0,63.55,9
R07,apprentissage,B41,0.3,3,0.03389830508474576,1,2,B02;B05;B41,26.33,7,8,385.98,246.31,25
R07,apprentissage,B41,0.6,3,0.03389830508474576,1,2,B02;B05;B41,26.33,7,8,385.98,246.31,25
R07,apprentissage,B41,0.9,40,0.6610169491525424,5,4;8;12;12;3,B01;B02;B03;B04;B05;B06;B07;B09;B11;B13;B14;B15;B16;B17;B19;B20;B24;B25;B26;B27;B28;B30;B31;B33;B34;B35;B36;B37;B39;B41;B42;B43;B46;B48;B49;B53;B54;B55;B57;B58,26.33,7,8,385.98,246.31,25
R07,apprentissage,B42,0.3,1,0.0,0,,B42,7.06,1,2,92.22,225.92000000000002,12
R07,apprentissage,B42,0.6,1,0.0,0,,B42,7.06,1,2,92.22,225.92000000000002,12
R07,apprentissage,B42,0.9,40,0.6610169491525424,6,1;2;8;16;8;4,B01;B02;B03;B04;B05;B06;B07;B09;B11;B13;B14;B15;B16;B17;B19;B20;B24;B25;B26;B27;B28;B30;B31;B33;B34;B35;B36;B37;B39;B41;B42;B43;B46;B48;B49;B53;B54;B55;B57;B58,7.06,1,2,92.22,225.92000000000002,12
R07,apprentissage,B43,0.3,1,0.0,0,,B43,18.57,9,10,232.48,234.39,31
R07,apprentissage,B43,0.6,33,0.5423728813559322,5,4;7;9;9;3,B02;B03;B04;B05;B06;B07;B09;B13;B15;B17;B19;B20;B25;B26;B27;B28;B30;B31;B33;B34;B36;B37;B39;B41;B42;B43;B46;B48;B49;B53;B54;B55;B57,18.57,9,10,232.48,234.39,31
R07,apprentissage,B43,0.9,40,0.6610169491525424,5,4;10;14;7;4,B01;B02;B03;B04;B05;B06;B07;B09;B11;B13;B14;B15;B16;B17;B19;B20;B24;B25;B26;B27;B28;B30;B31;B33;B34;B35;B36;B37;B39;B41;B42;B43;B46;B48;B49;B53;B54;B55;B57;B58,18.57,9,10,232.48,234.39,31
R07,apprentissage,B44,0.3,1,0.0,0,,B44,2.21,0,0,0.0,0.0,0
R07,apprentissage,B44,0.6,1,0.0,0,,B44,2.21,0,0,0.0,0.0,0
R07,apprentissage,B44,0.9,1,0.0,0,,B44,2.21,0,0,0.0,0.0,0
R07,apprentissage,B45,0.3,1,0.0,0,,B45,1.6,0,1,0.0,100.82,16
R07,apprentissage,B45,0.6,1,0.0,0,,B45,1.6,0,1,0.0,100.82,16
R07,apprentissage,B45,0.9,41,0.6779661016949152,5,1;7;11;13;8,B01;B02;B03;B04;B05;B06;B07;B09;B11;B13;B14;B15;B16;B17;B19;B20;B24;B25;B26;B27;B28;B30;B31;B33;B34;B35;B36;B37;B39;B41;B42;B43;B45;B46;B48;B49;B53;B54;B55;B57;B58,1.6,0,1,0.0,100.82,16
R07,apprentissage,B46,0.3,1,0.0,0,,B46,17.23,1,0,43.22,0.0,0
R07,apprentissage,B46,0.6,1,0.0,0,,B46,17.23,1,0,43.22,0.0,0
R07,apprentissage,B46,0.9,1,0.0,0,,B46,17.23,1,0,43.22,0.0,0
R07,apprentissage,B47,0.3,1,0.0,0,,B47,4.71,0,2,0.0,154.19,15
R07,apprentissage,B47,0.6,34,0.559322033898305,7,1;6;4;4;4;7;7,B02;B03;B04;B05;B06;B07;B09;B13;B15;B17;B19;B20;B25;B26;B27;B28;B30;B31;B33;B34;B36;B37;B39;B41;B42;B43;B46;B47;B48;B49;B53;B54;B55;B57,4.71,0,2,0.0,154.19,15
R07,apprentissage,B47,0.9,41,0.6779661016949152,6,1;8;8;11;8;4,B01;B02;B03;B04;B05;B06;B07;B09;B11;B13;B14;B15;B16;B17;B19;B20;B24;B25;B26;B27;B28;B30;B31;B33;B34;B35;B36;B37;B39;B41;B42;B43;B46;B47;B48;B49;B53;B54;B55;B57;B58,4.71,0,2,0.0,154.19,15
R07,apprentissage,B48,0.3,2,0.01694915254237288,1,1,B17;B48,15.61,9,5,187.62,261.57,20
R07,apprentissage,B48,0.6,2,0.01694915254237288,1,1,B17;B48,15.61,9,5,187.62,261.57,20
R07,apprentissage,B48,0.9,40,0.6610169491525424,6,2;4;10;13;6;4,B01;B02;B03;B04;B05;B06;B07;B09;B11;B13;B14;B15;B16;B17;B19;B20;B24;B25;B26;B27;B28;B30;B31;B33;B34;B35;B36;B37;B39;B41;B42;B43;B46;B48;B49;B53;B54;B55;B57;B58,15.61,9,5,187.62,261.57,20
R07,apprentissage,B49,0.3,1,0.0,0,,B49,14.35,1,1,42.35,4.84,9
R07,apprentissage,B49,0.6,1,0.0,0,,B49,14.35,1,1,42.35,4.84,9
R07,apprentissage,B49,0.9,1,0.0,0,,B49,14.35,1,1,42.35,4.84,9
R07,apprentissage,B50,0.3,1,0.0,0,,B50,2.76,0,1,0.0,28.86,8
R07,apprentissage,B50,0.6,1,0.0,0,,B50,2.76,0,1,0.0,28.86,8
R07,apprentissage,B50,0.9,1,0.0,0,,B50,2.76,0,1,0.0,28.86,8
R07,apprentissage,B51,0.3,1,0.0,0,,B51,1.93,0,0,0.0,0.0,0
R07,apprentissage,B51,0.6,1,0.0,0,,B51,1.93,0,0,0.0,0.0,0
R07,apprentissage,B51,0.9,1,0.0,0,,B51,1.93,0,0,0.0,0.0,0
R07,apprentissage,B52,0.3,1,0.0,0,,B52,2.03,0,1,0.0,93.63,8
R07,apprentissage,B52,0.6,1,0.0,0,,B52,2.03,0,1,0.0,93.63,8
R07,apprentissage,B52,0.9,1,0.0,0,,B52,2.03,0,1,0.0,93.63,8
R07,apprentissage,B53,0.3,1,0.0,0,,B53,93.49,1,1,484.58,47.84,7
R07,apprentissage,B53,0.6,1,0.0,0,,B53,93.49,1,1,484.58,47.84,7
R07,apprentissage,B53,0.9,1,0.0,0,,B53,93.49,1,1,484.58,47.84,7
R07,apprentissage,B54,0.3,1,0.0,0,,B54,99.49,2,3,575.09,140.51999999999998,18
R07,apprentissage,B54,0.6,1,0.0,0,,B54,99.49,2,3,575.09,140.51999999999998,18
R07,apprentissage,B54,0.9,1,0.0,0,,B54,99.49,2,3,575.09,140.51999999999998,18
R07,apprentissage,B55,0.3,1,0.0,0,,B55,3.7,1,1,10.91,78.83,8
R07,apprentissage,B55,0.6,1,0.0,0,,B55,3.7,1,1,10.91,78.83,8
R07,apprentissage,B55,0.9,40,0.6610169491525424,7,1;1;1;4;10;17;5,B01;B02;B03;B04;B05;B06;B07;B09;B11;B13;B14;B15;B16;B17;B19;B20;B24;B25;B26;B27;B28;B30;B31;B33;B34;B35;B36;B37;B39;B41;B42;B43;B46;B48;B49;B53;B54;B55;B57;B58,3.7,1,1,10.91,78.83,8
R07,apprentissage,B56,0.3,1,0.0,0,,B56,6.1,0,1,0.0,16.16,11
R07,apprentissage,B56,0.6,1,0.0,0,,B56,6.1,0,1,0.0,16.16,11
R07,apprentissage,B56,0.9,1,0.0,0,,B56,6.1,0,1,0.0,16.16,11
R07,apprentissage,B57,0.3,1,0.0,0,,B57,20.88,5,8,223.15000000000003,256.37,26
R07,apprentissage,B57,0.6,1,0.0,0,,B57,20.88,5,8,223.15000000000003,256.37,26
R07,apprentissage,B57,0.9,40,0.6610169491525424,4,3;11;17;8,B01;B02;B03;B04;B05;B06;B07;B09;B11;B13;B14;B15;B16;B17;B19;B20;B24;B25;B26;B27;B28;B30;B31;B33;B34;B35;B36;B37;B39;B41;B42;B43;B46;B48;B49;B53;B54;B55;B57;B58,20.88,5,8,223.15000000000003,256.37,26
R07,apprentissage,B58,0.3,1,0.0,0,,B58,4.11,1,2,5.88,135.12,18
R07,apprentissage,B58,0.6,37,0.6101694915254238,6,1;4;6;10;12;3,B01;B02;B03;B04;B05;B06;B07;B09;B11;B13;B15;B16;B17;B19;B20;B25;B26;B27;B28;B30;B31;B33;B34;B36;B37;B39;B41;B42;B43;B46;B48;B49;B53;B54;B55;B57;B58,4.11,1,2,5.88,135.12,18
R07,apprentissage,B58,0.9,40,0.6610169491525424,5,2;8;11;13;5,B01;B02;B03;B04;B05;B06;B07;B09;B11;B13;B14;B15;B16;B17;B19;B20;B24;B25;B26;B27;B28;B30;B31;B33;B34;B35;B36;B37;B39;B41;B42;B43;B46;B48;B49;B53;B54;B55;B57;B58,4.11,1,2,5.88,135.12,18
R07,apprentissage,B59,0.3,1,0.0,0,,B59,3.81,0,1,0.0,41.55,9
R07,apprentissage,B59,0.6,1,0.0,0,,B59,3.81,0,1,0.0,41.55,9
R07,apprentissage,B59,0.9,1,0.0,0,,B59,3.81,0,1,0.0,41.55,9
R07,apprentissage,B60,0.3,1,0.0,0,,B60,1.46,0,1,0.0,21.34,8
R07,apprentissage,B60,0.6,1,0.0,0,,B60,1.46,0,1,0.0,21.34,8
R07,apprentissage,B60,0.9,1,0.0,0,,B60,1.46,0,1,0.0,21.34,8
R08,apprentissage,B01,0.3,1,0.0,0,,B01,16.03,1,1,66.91,29.65,13
R08,apprentissage,B01,0.6,1,0.0,0,,B01,16.03,1,1,66.91,29.65,13
R08,apprentissage,B01,0.9,1,0.0,0,,B01,16.03,1,1,66.91,29.65,13
R08,apprentissage,B02,0.3,1,0.0,0,,B02,2.22,1,1,7.87,17.98,10
R08,apprentissage,B02,0.6,1,0.0,0,,B02,2.22,1,1,7.87,17.98,10
R08,apprentissage,B02,0.9,1,0.0,0,,B02,2.22,1,1,7.87,17.98,10
R08,apprentissage,B03,0.3,1,0.0,0,,B03,1.46,1,0,16.64,0.0,0
R08,apprentissage,B03,0.6,1,0.0,0,,B03,1.46,1,0,16.64,0.0,0
R08,apprentissage,B03,0.9,1,0.0,0,,B03,1.46,1,0,16.64,0.0,0
R08,apprentissage,B04,0.3,31,0.5084745762711864,9,1;7;1;6;2;9;1;1;2,B01;B03;B04;B05;B07;B08;B11;B14;B15;B16;B17;B19;B22;B23;B24;B26;B27;B29;B33;B35;B36;B39;B41;B43;B45;B48;B50;B51;B52;B57;B60,5.46,1,1,67.73,281.6,14
R08,apprentissage,B04,0.6,48,0.7966101694915254,9,1;9;2;12;10;9;1;1;2,B01;B02;B03;B04;B05;B06;B07;B08;B09;B10;B11;B12;B13;B14;B15;B16;B17;B18;B19;B22;B23;B24;B26;B27;B29;B31;B32;B33;B34;B35;B36;B37;B39;B41;B42;B43;B45;B46;B48;B50;B51;B52;B53;B54;B56;B57;B58;B60,5.46,1,1,67.73,281.6,14
R08,apprentissage,B04,0.9,48,0.7966101694915254,9,1;10;7;14;2;9;1;1;2,B01;B02;B03;B04;B05;B06;B07;B08;B09;B10;B11;B12;B13;B14;B15;B16;B17;B18;B19;B22;B23;B24;B26;B27;B29;B31;B32;B33;B34;B35;B36;B37;B39;B41;B42;B43;B45;B46;B48;B50;B51;B52;B53;B54;B56;B57;B58;B60,5.46,1,1,67.73,281.6,14
R08,apprentissage,B05,0.3,1,0.0,0,,B05,12.92,2,1,80.75,58.21,13
R08,apprentissage,B05,0.6,1,0.0,0,,B05,12.92,2,1,80.75,58.21,13
R08,apprentissage,B05,0.9,22,0.3559322033898305,6,1;7;3;7;1;2,B01;B05;B07;B08;B11;B14;B16;B17;B19;B22;B23;B24;B29;B33;B35;B36;B39;B41;B43;B45;B50;B60,12.92,2,1,80.75,58.21,13
R08,apprentissage,B06,0.3,35,0.576271186440678,9,2;10;1;6;2;9;1;1;2,B01;B03;B04;B05;B06;B07;B08;B11;B14;B15;B16;B17;B19;B22;B23;B24;B26;B27;B29;B32;B33;B35;B36;B39;B41;B43;B45;B46;B48;B50;B51;B52;B56;B57;B60,18.17,2,2,35.67,502.19,18
R08,apprentissage,B06,0.6,48,0.7966101694915254,9,2;13;3;14;2;9;1;1;2,B01;B02;B03;B04;B05;B06;B07;B08;B09;B10;B11;B12;B13;B14;B15;B16;B17;B18;B19;B22;B23;B24;B26;B27;B29;B31;B32;B33;B34;B35;B36;B37;B39;B41;B42;B43;B45;B46;B48;B50;B51;B52;B53;B54;B56;B57;B58;B60,18.17,2,2,35.67,502.19,18
R08,apprentissage,B06,0.9,48,0.7966101694915254,9,2;15;9;6;2;9;1;1;2,B01;B02;B03;B04;B05;B06;B07;B08;B09;B10;B11;B12;B13;B14;B15;B16;B17;B18;B19;B22;B23;B24;B26;B27;B29;B31;B32;B33;B34;B35;B36;B37;B39;B41;B42;B43;B45;B46;B48;B50;B51;B52;B53;B54;B56;B57;B58;B60,18.17,2,2,35.67,502.19,18
R08,apprentissage,B07,0.3,1,0.0,0,,B07,3.18,1,1,47.43,3.68,9
R08,apprentissage,B07,0.6,1,0.0,0,,B07,3.18,1,1,47.43,3.68,9
R08,apprentissage,B07,0.9,1,0.0,0,,B07,3.18,1,1,47.43,3.68,9
R08,apprentissage,B08,0.3,1,0.0,0,,B08,3.74,1,2,32.33,43.09,9
R08,apprentissage,B08,0.6,1,0.0,0,,B08,3.74,1,2,32.33,43.09,9
R08,apprentissage,B08,0.9,22,0.3559322033898305,5,1;4;8;2;6,B01;B05;B07;B08;B11;B14;B16;B17;B19;B22;B23;B24;B29;B33;B35;B36;B39;B41;B43;B45;B50;B60,3.74,1,2,32.33,43.09,9
R08,apprentissage,B09,0.3,1,0.0,0,,B09,47.65,2,0,101.58000000000001,0.0,0
R08,apprentissage,B09,0.6,1,0.0,0,,B09,47.65,2,0,101.58000000000001,0.0,0
R08,apprentissage,B09,0.9,1,0.0,0,,B09,47.65,2,0,101.58000000000001,0.0,0
R08,apprentissage,B10,0.3,1,0.0,0,,B10,2.68,1,2,15.08,166.66,13
R08,apprentissage,B10,0.6,48,0.7966101694915254,9,2;10;10;10;2;9;1;1;2,B01;B02;B03;B04;B05;B06;B07;B08;B09;B10;B11;B12;B13;B14;B15;B16;B17;B18;B19;B22;B23;B24;B26;B27;B29;B31;B32;B33;B34;B35;B36;B37;B39;B41;B42;B43;B45;B46;B48;B50;B51;B52;B53;B54;B56;B57;B58;B60,2.68,1,2,15.08,166.66,13
R08,apprentissage,B10,0.9,48,0.7966101694915254,9,2;11;13;6;2;9;1;1;2,B01;B02;B03;B04;B05;B06;B07;B08;B09;B10;B11;B12;B13;B14;B15;B16;B17;B18;B19;B22;B23;B24;B26;B27;B29;B31;B32;B33;B34;B35;B36;B37;B39;B41;B42;B43;B45;B46;B48;B50;B51;B52;B53;B54;B56;B57;B58;B60,2.68,1,2,15.08,166.66,13
R08,apprentissage,B11,0.3,3,0.03389830508474576,1,2,B11;B16;B41,20.52,6,6,595.14,144.31,24
R08,apprentissage,B11,0.6,22,0.3559322033898305,4,4;8;5;4,B01;B05;B07;B08;B11;B14;B16;B17;B19;B22;B23;B24;B29;B33;B35;B36;B39;B41;B43;B45;B50;B60,20.52,6,6,595.14,144.31,24
R08,apprentissage,B11,0.9,22,0.3559322033898305,4,4;8;5;4,B01;B05;B07;B08;B11;B14;B16;B17;B19;B22;B23;B24;B29;B33;B35;B36;B39;B41;B43;B45;B50;B60,20.52,6,6,595.14,144.31,24
R08,apprentissage,B12,0.3,29,0.4745762711864407,8,6;1;6;2;9;1;1;2,B01;B02;B05;B07;B08;B11;B12;B13;B14;B16;B17;B18;B19;B22;B23;B24;B26;B29;B33;B35;B36;B39;B41;B42;B43;B45;B48;B50;B60,28.2,9,10,670.11,478.32000000000005,28
R08,apprentissage,B12,0.6,48,0.7966101694915254,8,6;2;13;13;9;1;1;2,B01;B02;B03;B04;B05;B06;B07;B08;B09;B10;B11;B12;B13;B14;B15;B16;B17;B18;B19;B22;B23;B24;B26;B27;B29;B31;B32;B33;B34;B35;B36;B37;B39;B41;B42;B43;B45;B46;B48;B50;B51;B52;B53;B54;B56;B57;B58;B60,28.2,9,10,670.11,478.32000000000005,28
R08,apprentissage,B12,0.9,48,0.7966101694915254,8,7;8;17;2;9;1;1;2,B01;B02;B03;B04;B05;B06;B07;B08;B09;B10;B11;B12;B13;B14;B15;B16;B17;B18;B19;B22;B23;B24;B26;B27;B29;B31;B32;B33;B34;B35;B36;B37;B39;B41;B42;B43;B45;B46;B48;B50;B51;B52;B53;B54;B56;B57;B58;B60,28.2,9,10,670.11,478.32000000000005,28
R08,apprentissage,B13,0.3,1,0.0,0,,B13,15.1,1,0,102.1,0.0,0
R08,apprentissage,B13,0.6,1,0.0,0,,B13,15.1,1,0,102.1,0.0,0
R08,apprentissage,B13,0.9,1,0.0,0,,B13,15.1,1,0,102.1,0.0,0
R08,apprentissage,B14,0.3,22,0.3559322033898305,7,1;6;2;8;1;1;2,B01;B05;B07;B08;B11;B14;B16;B17;B19;B22;B23;B24;B29;B33;B35;B36;B39;B41;B43;B45;B50;B60,5.88,1,2,35.82,72.35,14
R08,apprentissage,B14,0.6,22,0.3559322033898305,7,1;6;2;8;1;1;2,B01;B05;B07;B08;B11;B14;B16;B17;B19;B22;B23;B24;B29;B33;B35;B36;B39;B41;B43;B45;B50;B60,5.88,1,2,35.82,72.35,14
R08,apprentissage,B14,0.9,22,0.3559322033898305,7,1;6;2;8;1;1;2,B01;B05;B07;B08;B11;B14;B16;B17;B19;B22;B23;B24;B29;B33;B35;B36;B39;B41;B43;B45;B50;B60,5.88,1,2,35.82,72.35,14
R08,apprentissage,B15,0.3,1,0.0,0,,B15,72.4,1,0,243.7,0.0,0
R08,apprentissage,B15,0.6,1,0.0,0,,B15,72.4,1,0,243.7,0.0,0
R08,apprentissage,B15,0.9,1,0.0,0,,B15,72.4,1,0,243.7,0.0,0
R08,apprentissage,B16,0.3,3,0.03389830508474576,2,1;1,B11;B16;B41,2.15,1,2,16.92,205.84,9
R08,apprentissage,B16,0.6,22,0.3559322033898305,4,2;6;9;4,B01;B05;B07;B08;B11;B14;B16;B17;B19;B22;B23;B24;B29;B33;B35;B36;B39;B41;B43;B45;B50;B60,2.15,1,2,16.92,205.84,9
R08,apprentissage,B16,0.9,22,0.3559322033898305,4,2;6;9;4,B01;B05;B07;B08;B11;B14;B16;B17;B19;B22;B23;B24;B29;B33;B35;B36;B39;B41;B43;B45;B50;B60,2.15,1,2,16.92,205.84,9
R08,apprentissage,B17,0.3,1,0.0,0,,B17,0.5,1,1,3.33,5.75,7
R08,apprentissage,B17,0.6,1,0.0,0,,B17,0.5,1,1,3.33,5.75,7
R08,apprentissage,B17,0.9,1,0.0,0,,B17,0.5,1,1,3.33,5.75,7
R08,apprentissage,B18,0.3,1,0.0,0,,B18,4.38,1,1,17.79,17.89,10
R08,apprentissage,B18,0.6,1,0.0,0,,B18,4.38,1,1,17.79,17.89,10
R08,apprentissage,B18,0.9,1,0.0,0,,B18,4.38,1,1,17.79,17.89,10
R08,apprentissage,B19,0.3,1,0.0,0,,B19,5.73,1,1,66.03,8.44,9
R08,apprentissage,B19,0.6,1,0.0,0,,B19,5.73,1,1,66.03,8.44,9
R08,apprentissage,B19,0.9,1,0.0,0,,B19,5.73,1,1,66.03,8.44,9
R08,apprentissage,B20,0.3,1,0.0,0,,B20,3.54,0,1,0.0,69.48,8
R08,apprentissage,B20,0.6,49,0.8135593220338984,11,1;5;1;9;3;14;2;9;1;1;2,B01;B02;B03;B04;B05;B06;B07;B08;B09;B10;B11;B12;B13;B14;B15;B16;B17;B18;B19;B20;B22;B23;B24;B26;B27;B29;B31;B32;B33;B34;B35;B36;B37;B39;B41;B42;B43;B45;B46;B48;B50;B51;B52;B53;B54;B56;B57;B58;B60,3.54,0,1,0.0,69.48,8
R08,apprentissage,B20,0.9,49,0.8135593220338984,10,1;6;7;13;6;2;9;1;1;2,B01;B02;B03;B04;B05;B06;B07;B08;B09;B10;B11;B12;B13;B14;B15;B16;B17;B18;B19;B20;B22;B23;B24;B26;B27;B29;B31;B32;B33;B34;B35;B36;B37;B39;B41;B42;B43;B45;B46;B48;B50;B51;B52;B53;B54;B56;B57;B58;B60,3.54,0,1,0.0,69.48,8
R08,apprentissage,B21,0.3,1,0.0,0,,B21,0.5,0,1,0.0,27.56,7
R08,apprentissage,B21,0.6,1,0.0,0,,B21,0.5,0,1,0.0,27.56,7
R08,apprentissage,B21,0.9,1,0.0,0,,B21,0.5,0,1,0.0,27.56,7
R08,apprentissage,B22,0.3,22,0.3559322033898305,5,7;3;8;1;2,B01;B05;B07;B08;B11;B14;B16;B17;B19;B22;B23;B24;B29;B33;B35;B36;B39;B41;B43;B45;B50;B60,39.67,12,13,648.8799999999999,395.13999999999993,35
R08,apprentissage,B22,0.6,22,0.3559322033898305,5,7;3;8;1;2,B01;B05;B07;B08;B11;B14;B16;B17;B19;B22;B23;B24;B29;B33;B35;B36;B39;B41;B43;B45;B50;B60,39.67,12,13,648.8799999999999,395.13999999999993,35
R08,apprentissage,B22,0.9,22,0.3559322033898305,5,7;3;8;1;2,B01;B05;B07;B08;B11;B14;B16;B17;B19;B22;B23;B24;B29;B33;B35;B36;B39;B41;B43;B45;B50;B60,39.67,12,13,648.8799999999999,395.13999999999993,35
R08,apprentissage,B23,0.3,22,0.3559322033898305,6,1;1;1;4;7;7,B01;B05;B07;B08;B11;B14;B16;B17;B19;B22;B23;B24;B29;B33;B35;B36;B39;B41;B43;B45;B50;B60,6.57,1,2,44.83,223.37,17
R08,apprentissage,B23,0.6,22,0.3559322033898305,5,2;11;5;1;2,B01;B05;B07;B08;B11;B14;B16;B17;B19;B22;B23;B24;B29;B33;B35;B36;B39;B41;B43;B45;B50;B60,6.57,1,2,44.83,223.37,17
R08,apprentissage,B23,0.9,22,0.3559322033898305,5,2;11;5;1;2,B01;B05;B07;B08;B11;B14;B16;B17;B19;B22;B23;B24;B29;B33;B35;B36;B39;B41;B43;B45;B50;B60,6.57,1,2,44.83,223.37,17
R08,apprentissage,B24,0.3,22,0.3559322033898305,6,6;2;9;1;1;2,B01;B05;B07;B08;B11;B14;B16;B17;B19;B22;B23;B24;B29;B33;B35;B36;B39;B41;B43;B45;B50;B60,12.56,11,9,344.21999999999997,315.90999999999997,27
R08,apprentissage,B24,0.6,22,0.3559322033898305,6,6;2;9;1;1;2,B01;B05;B07;B08;B11;B14;B16;B17;B19;B22;B23;B24;B29;B33;B35;B36;B39;B41;B43;B45;B50;B60,12.56,11,9,344.21999999999997,315.90999999999997,27
R08,apprentissage,B24,0.9,22,0.3559322033898305,6,6;2;9;1;1;2,B01;B05;B07;B08;B11;B14;B16;B17;B19;B22;B23;B24;B29;B33;B35;B36;B39;B41;B43;B45;B50;B60,12.56,11,9,344.21999999999997,315.90999999999997,27
R08,apprentissage,B25,0.3,1,0.0,0,,B25,1.7,0,1,0.0,51.99,11
R08,apprentissage,B25,0.6,49,0.8135593220338984,9,1;6;2;13;13;9;1;1;2,B01;B02;B03;B04;B05;B06;B07;B08;B09;B10;B11;B12;B13;B14;B15;B16;B17;B18;B19;B22;B23;B24;B25;B26;B27;B29;B31;B32;B33;B34;B35;B36;B37;B39;B41;B42;B43;B45;B46;B48;B50;B51;B52;B53;B54;B56;B57;B58;B60,1.7,0,1,0.0,51.99,11
R08,apprentissage,B25,0.9,49,0.8135593220338984,9,1;7;8;17;2;9;1;1;2,B01;B02;B03;B04;B05;B06;B07;B08;B09;B10;B11;B12;B13;B14;B15;B16;B17;B18;B19;B22;B23;B24;B25;B26;B27;B29;B31;B32;B33;B34;B35;B36;B37;B39;B41;B42;B43;B45;B46;B48;B50;B51;B52;B53;B54;B56;B57;B58;B60,1.7,0,1,0.0,51.99,11
R08,apprentissage,B26,0.3,1,0.0,0,,B26,9.32,2,0,77.12,0.0,0
R08,apprentissage,B26,0.6,1,0.0,0,,B26,9.32,2,0,77.12,0.0,0
R08,apprentissage,B26,0.9,1,0.0,0,,B26,9.32,2,0,77.12,0.0,0
R08,apprentissage,B27,0.3,30,0.4915254237288136,8,7;1;6;2;9;1;1;2,B01;B03;B05;B07;B08;B11;B14;B15;B16;B17;B19;B22;B23;B24;B26;B27;B29;B33;B35;B36;B39;B41;B43;B45;B48;B50;B51;B52;B57;B60,18.78,7,13,509.44,806.85,32
R08,apprentissage,B27,0.6,48,0.7966101694915254,8,9;2;13;10;9;1;1;2,B01;B02;B03;B04;B05;B06;B07;B08;B09;B10;B11;B12;B13;B14;B15;B16;B17;B18;B19;B22;B23;B24;B26;B27;B29;B31;B32;B33;B34;B35;B36;B37;B39;B41;B42;B43;B45;B46;B48;B50;B51;B52;B53;B54;B56;B57;B58;B60,18.78,7,13,509.44,806.85,32
R08,apprentissage,B27,0.9,48,0.7966101694915254,8,10;8;14;2;9;1;1;2,B01;B02;B03;B04;B05;B06;B07;B08;B09;B10;B11;B12;B13;B14;B15;B16;B17;B18;B19;B22;B23;B24;B26;B27;B29;B31;B32;B33;B34;B35;B36;B37;B39;B41;B42;B43;B45;B46;B48;B50;B51;B52;B53;B54;B56;B57;B58;B60,18.78,7,13,509.44,806.85,32
R08,apprentissage,B28,0.3,1,0.0,0,,B28,0.8,0,0,0.0,0.0,0
R08,apprentissage,B28,0.6,1,0.0,0,,B28,0.8,0,0,0.0,0.0,0
R08,apprentissage,B28,0.9,1,0.0,0,,B28,0.8,0,0,0.0,0.0,0
R08,apprentissage,B29,0.3,22,0.3559322033898305,6,1;6;3;8;1;2,B01;B05;B07;B08;B11;B14;B16;B17;B19;B22;B23;B24;B29;B33;B35;B36;B39;B41;B43;B45;B50;B60,2.8,1,1,24.35,186.34,13
R08,apprentissage,B29,0.6,22,0.3559322033898305,6,1;6;3;8;1;2,B01;B05;B07;B08;B11;B14;B16;B17;B19;B22;B23;B24;B29;B33;B35;B36;B39;B41;B43;B45;B50;B60,2.8,1,1,24.35,186.34,13
R08,apprentissage,B29,0.9,22,0.3559322033898305,6,1;6;3;8;1;2,B01;B05;B07;B08;B11;B14;B16;B17;B19;B22;B23;B24;B29;B33;B35;B36;B39;B41;B43;B45;B50;B60,2.8,1,1,24.35,186.34,13
R08,apprentissage,B30,0.3,1,0.0,0,,B30,1.04,0,1,0.0,25.2,10
R08,apprentissage,B30,0.6,23,0.3728813559322034,7,1;6;2;9;1;1;2,B01;B05;B07;B08;B11;B14;B16;B17;B19;B22;B23;B24;B29;B30;B33;B35;B36;B39;B41;B43;B45;B50;B60,1.04,0,1,0.0,25.2,10
R08,apprentissage,B30,0.9,23,0.3728813559322034,7,1;6;2;9;1;1;2,B01;B05;B07;B08;B11;B14;B16;B17;B19;B22;B23;B24;B29;B30;B33;B35;B36;B39;B41;B43;B45;B50;B60,1.04,0,1,0.0,25.2,10
R08,apprentissage,B31,0.3,1,0.0,0,,B31,5.19,1,2,20.04,69.84,12
R08,apprentissage,B31,0.6,48,0.7966101694915254,8,2;6;16;10;9;1;1;2,B01;B02;B03;B04;B05;B06;B07;B08;B09;B10;B11;B12;B13;B14;B15;B16;B17;B18;B19;B22;B23;B24;B26;B27;B29;B31;B32;B33;B34;B35;B36;B37;B39;B41;B42;B43;B45;B46;B48;B50;B51;B52;B53;B54;B56;B57;B58;B60,5.19,1,2,20.04,69.84,12
R08,apprentissage,B31,0.9,48,0.7966101694915254,8,2;8;22;2;9;1;1;2,B01;B02;B03;B04;B05;B06;B07;B08;B09;B10;B11;B12;B13;B14;B15;B16;B17;B18;B19;B22;B23;B24;B26;B27;B29;B31;B32;B33;B34;B35;B36;B37;B39;B41;B42;B43;B45;B46;B48;B50;B51;B52;B53;B54;B56;B57;B58;B60,5.19,1,2,20.04,69.84,12
R08,apprentissage,B32,0.3,34,0.559322033898305,10,3;1;7;1;6;2;9;1;1;2,B01;B03;B04;B05;B07;B08;B11;B14;B15;B16;B17;B19;B22;B23;B24;B26;B27;B29;B32;B33;B35;B36;B39;B41;B43;B45;B46;B48;B50;B51;B52;B56;B57;B60,34.24,15,7,800.0499999999998,480.99999999999994,18
R08,apprentissage,B32,0.6,48,0.7966101694915254,10,5;1;9;3;14;2;9;1;1;2,B01;B02;B03;B04;B05;B06;B07;B08;B09;B10;B11;B12;B13;B14;B15;B16;B17;B18;B19;B22;B23;B24;B26;B27;B29;B31;B32;B33;B34;B35;B36;B37;B39;B41;B42;B43;B45;B46;B48;B50;B51;B52;B53;B54;B56;B57;B58;B60,34.24,15,7,800.0499999999998,480.99999999999994,18
R08,apprentissage,B32,0.9,48,0.7966101694915254,9,6;7;13;6;2;9;1;1;2,B01;B02;B03;B04;B05;B06;B07;B08;B09;B10;B11;B12;B13;B14;B15;B16;B17;B18;B19;B22;B23;B24;B26;B27;B29;B31;B32;B33;B34;B35;B36;B37;B39;B41;B42;B43;B45;B46;B48;B50;B51;B52;B53;B54;B56;B57;B58;B60,34.24,15,7,800.0499999999998,480.99999999999994,18
R08,apprentissage,B33,0.3,22,0.3559322033898305,5,3;2;4;7;5,B01;B05;B07;B08;B11;B14;B16;B17;B19;B22;B23;B24;B29;B33;B35;B36;B39;B41;B43;B45;B50;B60,47.84,11,6,997.0,224.57,22
R08,apprentissage,B33,0.6,22,0.3559322033898305,3,4;6;11,B01;B05;B07;B08;B11;B14;B16;B17;B19;B22;B23;B24;B29;B33;B35;B36;B39;B41;B43;B45;B50;B60,47.84,11,6,997.0,224.57,22
R08,apprentissage,B33,0.9,22,0.3559322033898305,3,5;10;6,B01;B05;B07;B08;B11;B14;B16;B17;B19;B22;B23;B24;B29;B33;B35;B36;B39;B41;B43;B45;B50;B60,47.84,11,6,997.0,224.57,22
R08,apprentissage,B34,0.3,1,0.0,0,,B34,2.53,1,1,26.03,12.17,8
R08,apprentissage,B34,0.6,1,0.0,0,,B34,2.53,1,1,26.03,12.17,8
R08,apprentissage,B34,0.9,1,0.0,0,,B34,2.53,1,1,26.03,12.17,8
R08,apprentissage,B35,0.3,4,0.05084745762711865,2,1;2,B11;B16;B35;B41,13.65,2,2,126.9,217.03,10
R08,apprentissage,B35,0.6,22,0.3559322033898305,5,1;4;9;3;4,B01;B05;B07;B08;B11;B14;B16;B17;B19;B22;B23;B24;B29;B33;B35;B36;B39;B41;B43;B45;B50;B60,13.65,2,2,126.9,217.03,10
R08,apprentissage,B35,0.9,22,0.3559322033898305,5,2;7;7;1;4,B01;B05;B07;B08;B11;B14;B16;B17;B19;B22;B23;B24;B29;B33;B35;B36;B39;B41;B43;B45;B50;B60,13.65,2,2,126.9,217.03,10
R08,apprentissage,B36,0.3,1,0.0,0,,B36,1.61,2,2,22.02,170.18,15
R08,apprentissage,B36,0.6,22,0.3559322033898305,4,2;8;4;7,B01;B05;B07;B08;B11;B14;B16;B17;B19;B22;B23;B24;B29;B33;B35;B36;B39;B41;B43;B45;B50;B60,1.61,2,2,22.02,170.18,15
R08,apprentissage,B36,0.9,22,0.3559322033898305,4,2;9;8;2,B01;B05;B07;B08;B11;B14;B16;B17;B19;B22;B23;B24;B29;B33;B35;B36;B39;B41;B43;B45;B50;B60,1.61,2,2,22.02,170.18,15
R08,apprentissage,B37,0.3,1,0.0,0,,B37,5.61,2,3,50.52,48.33,22
R08,apprentissage,B37,0.6,1,0.0,0,,B37,5.61,2,3,50.52,48.33,22
R08,apprentissage,B37,0.9,48,0.7966101694915254,9,1;10;7;14;2;9;1;1;2,B01;B02;B03;B04;B05;B06;B07;B08;B09;B10;B11;B12;B13;B14;B15;B16;B17;B18;B19;B22;B23;B24;B26;B27;B29;B31;B32;B33;B34;B35;B36;B37;B39;B41;B42;B43;B45;B46;B48;B50;B51;B52;B53;B54;B56;B57;B58;B60,5.61,2,3,50.52,48.33,22
R08,apprentissage,B38,0.3,4,0.05084745762711865,2,1;2,B11;B16;B38;B41,0.87,0,1,0.0,270.19,7
R08,apprentissage,B38,0.6,23,0.3728813559322034,5,1;4;8;5;4,B01;B05;B07;B08;B11;B14;B16;B17;B19;B22;B23;B24;B29;B33;B35;B36;B38;B39;B41;B43;B45;B50;B60,0.87,0,1,0.0,270.19,7
R08,apprentissage,B38,0.9,23,0.3728813559322034,5,1;4;8;5;4,B01;B05;B07;B08;B11;B14;B16;B17;B19;B22;B23;B24;B29;B33;B35;B36;B38;B39;B41;B43;B45;B50;B60,0.87,0,1,0.0,270.19,7
R08,apprentissage,B39,0.3,22,0.3559322033898305,7,1;7;2;7;1;1;2,B01;B05;B07;B08;B11;B14;B16;B17;B19;B22;B23;B24;B29;B33;B35;B36;B39;B41;B43;B45;B50;B60,18.14,2,2,219.71,149.93,12
R08,apprentissage,B39,0.6,22,0.3559322033898305,5,2;8;4;5;2,B01;B05;B07;B08;B11;B14;B16;B17;B19;B22;B23;B24;B29;B33;B35;B36;B39;B41;B43;B45;B50;B60,18.14,2,2,219.71,149.93,12
R08,apprentissage,B39,0.9,22,0.3559322033898305,5,2;8;4;5;2,B01;B05;B07;B08;B11;B14;B16;B17;B19;B22;B23;B24;B29;B33;B35;B36;B39;B41;B43;B45;B50;B60,18.14,2,2,219.71,149.93,12
R08,apprentissage,B40,0.3,1,0.0,0,,B40,3.44,0,1,0.0,9.07,6
R08,apprentissage,B40,0.6,1,0.0,0,,B40,3.44,0,1,0.0,9.07,6
R08,apprentissage,B40,0.9,1,0.0,0,,B40,3.44,0,1,0.0,9.07,6
R08,apprentissage,B41,0.3,1,0.0,0,,B41,10.18,1,0,53.02,0.0,0
R08,apprentissage,B41,0.6,1,0.0,0,,B41,10.18,1,0,53.02,0.0,0
R08,apprentissage,B41,0.9,1,0.0,0,,B41,10.18,1,0,53.02,0.0,0
R08,apprentissage,B42,0.3,1,0.0,0,,B42,22.98,1,2,239.24,12.14,14
R08,apprentissage,B42,0.6,1,0.0,0,,B42,22.98,1,2,239.24,12.14,14
R08,apprentissage,B42,0.9,1,0.0,0,,B42,22.98,1,2,239.24,12.14,14
R08,apprentissage,B43,0.3,22,0.3559322033898305,5,1;1;4;8;7,B01;B05;B07;B08;B11;B14;B16;B17;B19;B22;B23;B24;B29;B33;B35;B36;B39;B41;B43;B45;B50;B60,20.04,9,5,346.94,283.78000000000003,15
R08,apprentissage,B43,0.6,22,0.3559322033898305,4,5;8;2;6,B01;B05;B07;B08;B11;B14;B16;B17;B19;B22;B23;B24;B29;B33;B35;B36;B39;B41;B43;B45;B50;B60,20.04,9,5,346.94,283.78000000000003,15
R08,apprentissage,B43,0.9,22,0.3559322033898305,4,5;8;2;6,B01;B05;B07;B08;B11;B14;B16;B17;B19;B22;B23;B24;B29;B33;B35;B36;B39;B41;B43;B45;B50;B60,20.04,9,5,346.94,283.78000000000003,15
R08,apprentissage,B44,0.3,1,0.0,0,,B44,0.82,0,2,0.0,115.11999999999999,21
R08,apprentissage,B44,0.6,23,0.3728813559322034,6,1;7;3;8;1;2,B01;B05;B07;B08;B11;B14;B16;B17;B19;B22;B23;B24;B29;B33;B35;B36;B39;B41;B43;B44;B45;B50;B60,0.82,0,2,0.0,115.11999999999999,21
R08,apprentissage,B44,0.9,23,0.3728813559322034,6,1;7;3;8;1;2,B01;B05;B07;B08;B11;B14;B16;B17;B19;B22;B23;B24;B29;B33;B35;B36;B39;B41;B43;B44;B45;B50;B60,0.82,0,2,0.0,115.11999999999999,21
R08,apprentissage,B45,0.3,1,0.0,0,,B45,6.16,2,0,50.18,0.0,0
R08,apprentissage,B45,0.6,1,0.0,0,,B45,6.16,2,0,50.18,0.0,0
R08,apprentissage,B45,0.9,1,0.0,0,,B45,6.16,2,0,50.18,0.0,0
R08,apprentissage,B46,0.3,1,0.0,0,,B46,43.65,1,1,248.88,7.48,7
R08,apprentissage,B46,0.6,1,0.0,0,,B46,43.65,1,1,248.88,7.48,7
R08,apprentissage,B46,0.9,1,0.0,0,,B46,43.65,1,1,248.88,7.48,7
R08,apprentissage,B47,0.3,1,0.0,0,,B47,4.62,0,2,0.0,40.21,13
R08,apprentissage,B47,0.6,1,0.0,0,,B47,4.62,0,2,0.0,40.21,13
R08,apprentissage,B47,0.9,49,0.8135593220338984,8,1;3;21;10;9;1;1;2,B01;B02;B03;B04;B05;B06;B07;B08;B09;B10;B11;B12;B13;B14;B15;B16;B17;B18;B19;B22;B23;B24;B26;B27;B29;B31;B32;B33;B34;B35;B36;B37;B39;B41;B42;B43;B45;B46;B47;B48;B50;B51;B52;B53;B54;B56;B57;B58;B60,4.62,0,2,0.0,40.21,13
R08,apprentissage,B48,0.3,23,0.3728813559322034,7,1;6;2;9;1;1;2,B01;B05;B07;B08;B11;B14;B16;B17;B19;B22;B23;B24;B29;B33;B35;B36;B39;B41;B43;B45;B48;B50;B60,7.69,6,7,256.83,201.36,43
R08,apprentissage,B48,0.6,23,0.3728813559322034,7,1;6;2;9;1;1;2,B01;B05;B07;B08;B11;B14;B16;B17;B19;B22;B23;B24;B29;B33;B35;B36;B39;B41;B43;B45;B48;B50;B60,7.69,6,7,256.83,201.36,43
R08,apprentissage,B48,0.9,48,0.7966101694915254,7,3;21;10;9;1;1;2,B01;B02;B03;B04;B05;B06;B07;B08;B09;B10;B11;B12;B13;B14;B15;B16;B17;B18;B19;B22;B23;B24;B26;B27;B29;B31;B32;B33;B34;B35;B36;B37;B39;B41;B42;B43;B45;B46;B48;B50;B51;B52;B53;B54;B56;B57;B58;B60,7.69,6,7,256.83,201.36,43
R08,apprentissage,B49,0.3,1,0.0,0,,B49,1.64,0,2,0.0,30.410000000000004,10
R08,apprentissage,B49,0.6,1,0.0,0,,B49,1.64,0,2,0.0,30.410000000000004,10
R08,apprentissage,B49,0.9,1,0.0,0,,B49,1.64,0,2,0.0,30.410000000000004,10
R08,apprentissage,B50,0.3,22,0.3559322033898305,6,1;2;2;4;7;5,B01;B05;B07;B08;B11;B14;B16;B17;B19;B22;B23;B24;B29;B33;B35;B36;B39;B41;B43;B45;B50;B60,4.23,2,2,63.83,554.71,15
R08,apprentissage,B50,0.6,22,0.3559322033898305,4,1;3;6;11,B01;B05;B07;B08;B11;B14;B16;B17;B19;B22;B23;B24;B29;B33;B35;B36;B39;B41;B43;B45;B50;B60,4.23,2,2,63.83,554.71,15
R08,apprentissage,B50,0.9,22,0.3559322033898305,4,1;4;10;6,B01;B05;B07;B08;B11;B14;B16;B17;B19;B22;B23;B24;B29;B33;B35;B36;B39;B41;B43;B45;B50;B60,4.23,2,2,63.83,554.71,15
R08,apprentissage,B51,0.3,1,0.0,0,,B51,48.81,1,0,246.58,0.0,0
R08,apprentissage,B51,0.6,1,0.0,0,,B51,48.81,1,0,246.58,0.0,0
R08,apprentissage,B51,0.9,1,0.0,0,,B51,48.81,1,0,246.58,0.0,0
R08,apprentissage,B52,0.3,1,0.0,0,,B52,2.05,1,0,24.45,0.0,0
R08,apprentissage,B52,0.6,1,0.0,0,,B52,2.05,1,0,24.45,0.0,0
R08,apprentissage,B52,0.9,1,0.0,0,,B52,2.05,1,0,24.45,0.0,0
R08,apprentissage,B53,0.3,45,0.7457627118644068,9,2;10;3;14;2;9;1;1;2,B01;B02;B03;B04;B05;B07;B08;B10;B11;B12;B13;B14;B15;B16;B17;B18;B19;B22;B23;B24;B26;B27;B29;B31;B32;B33;B34;B35;B36;B37;B39;B41;B42;B43;B45;B46;B48;B50;B51;B52;B53;B56;B57;B58;B60,1.38,1,2,22.64,710.98,15
R08,apprentissage,B53,0.6,48,0.7966101694915254,9,2;11;9;10;2;9;1;1;2,B01;B02;B03;B04;B05;B06;B07;B08;B09;B10;B11;B12;B13;B14;B15;B16;B17;B18;B19;B22;B23;B24;B26;B27;B29;B31;B32;B33;B34;B35;B36;B37;B39;B41;B42;B43;B45;B46;B48;B50;B51;B52;B53;B54;B56;B57;B58;B60,1.38,1,2,22.64,710.98,15
R08,apprentissage,B53,0.9,48,0.7966101694915254,9,2;11;9;10;2;9;1;1;2,B01;B02;B03;B04;B05;B06;B07;B08;B09;B10;B11;B12;B13;B14;B15;B16;B17;B18;B19;B22;B23;B24;B26;B27;B29;B31;B32;B33;B34;B35;B36;B37;B39;B41;B42;B43;B45;B46;B48;B50;B51;B52;B53;B54;B56;B57;B58;B60,1.38,1,2,22.64,710.98,15
R08,apprentissage,B54,0.3,24,0.3898305084745763,8,1;1;6;2;9;1;1;2,B01;B05;B07;B08;B11;B14;B16;B17;B19;B22;B23;B24;B29;B33;B35;B36;B39;B41;B43;B45;B48;B50;B54;B60,5.41,1,1,10.78,74.52,8
R08,apprentissage,B54,0.6,24,0.3898305084745763,8,1;1;6;2;9;1;1;2,B01;B05;B07;B08;B11;B14;B16;B17;B19;B22;B23;B24;B29;B33;B35;B36;B39;B41;B43;B45;B48;B50;B54;B60,5.41,1,1,10.78,74.52,8
R08,apprentissage,B54,0.9,48,0.7966101694915254,8,1;3;20;10;9;1;1;2,B01;B02;B03;B04;B05;B06;B07;B08;B09;B10;B11;B12;B13;B14;B15;B16;B17;B18;B19;B22;B23;B24;B26;B27;B29;B31;B32;B33;B34;B35;B36;B37;B39;B41;B42;B43;B45;B46;B48;B50;B51;B52;B53;B54;B56;B57;B58;B60,5.41,1,1,10.78,74.52,8
R08,apprentissage,B55,0.3,1,0.0,0,,B55,3.01,0,2,0.0,43.78,18
R08,apprentissage,B55,0.6,1,0.0,0,,B55,3.01,0,2,0.0,43.78,18
R08,apprentissage,B55,0.9,1,0.0,0,,B55,3.01,0,2,0.0,43.78,18
R08,apprentissage,B56,0.3,1,0.0,0,,B56,1.19,1,1,8.9,26.1,7
R08,apprentissage,B56,0.6,1,0.0,0,,B56,1.19,1,1,8.9,26.1,7
R08,apprentissage,B56,0.9,1,0.0,0,,B56,1.19,1,1,8.9,26.1,7
R08,apprentissage,B57,0.3,1,0.0,0,,B57,2.73,1,0,30.1,0.0,0
R08,apprentissage,B57,0.6,1,0.0,0,,B57,2.73,1,0,30.1,0.0,0
R08,apprentissage,B57,0.9,1,0.0,0,,B57,2.73,1,0,30.1,0.0,0
R08,apprentissage,B58,0.3,45,0.7457627118644068,8,6;4;19;2;9;1;1;2,B01;B02;B03;B04;B05;B07;B08;B10;B11;B12;B13;B14;B15;B16;B17;B18;B19;B22;B23;B24;B26;B27;B29;B31;B32;B33;B34;B35;B36;B37;B39;B41;B42;B43;B45;B46;B48;B50;B51;B52;B53;B56;B57;B58;B60,24.74,9,9,411.63,238.57999999999998,28
R08,apprentissage,B58,0.6,48,0.7966101694915254,8,7;11;14;2;9;1;1;2,B01;B02;B03;B04;B05;B06;B07;B08;B09;B10;B11;B12;B13;B14;B15;B16;B17;B18;B19;B22;B23;B24;B26;B27;B29;B31;B32;B33;B34;B35;B36;B37;B39;B41;B42;B43;B45;B46;B48;B50;B51;B52;B53;B54;B56;B57;B58;B60,24.74,9,9,411.63,238.57999999999998,28
R08,apprentissage,B58,0.9,48,0.7966101694915254,8,7;11;14;2;9;1;1;2,B01;B02;B03;B04;B05;B06;B07;B08;B09;B10;B11;B12;B13;B14;B15;B16;B17;B18;B19;B22;B23;B24;B26;B27;B29;B31;B32;B33;B34;B35;B36;B37;B39;B41;B42;B43;B45;B46;B48;B50;B51;B52;B53;B54;B56;B57;B58;B60,24.74,9,9,411.63,238.57999999999998,28
R08,apprentissage,B59,0.3,1,0.0,0,,B59,0.69,0,1,0.0,18.89,8
R08,apprentissage,B59,0.6,1,0.0,0,,B59,0.69,0,1,0.0,18.89,8
R08,apprentissage,B59,0.9,1,0.0,0,,B59,0.69,0,1,0.0,18.89,8
R08,apprentissage,B60,0.3,1,0.0,0,,B60,2.13,1,1,19.13,19.0,10
R08,apprentissage,B60,0.6,1,0.0,0,,B60,2.13,1,1,19.13,19.0,10
R08,apprentissage,B60,0.9,22,0.3559322033898305,7,1;6;2;8;1;1;2,B01;B05;B07;B08;B11;B14;B16;B17;B19;B22;B23;B24;B29;B33;B35;B36;B39;B41;B43;B45;B50;B60,2.13,1,1,19.13,19.0,10
R09,test,B01,0.3,6,0.0847457627118644,3,1;3;1,B01;B27;B33;B37;B47;B58,1.98,0,2,0.0,188.44,19
R09,test,B01,0.6,47,0.7796610169491526,7,1;5;2;10;16;10;2,B01;B02;B05;B06;B07;B10;B11;B12;B13;B14;B15;B16;B17;B18;B21;B22;B24;B25;B27;B28;B29;B30;B31;B32;B33;B35;B36;B37;B38;B39;B40;B42;B43;B45;B46;B47;B48;B49;B51;B52;B53;B54;B55;B56;B57;B58;B59,1.98,0,2,0.0,188.44,19
R09,test,B01,0.9,47,0.7796610169491526,6,1;5;3;14;21;2,B01;B02;B05;B06;B07;B10;B11;B12;B13;B14;B15;B16;B17;B18;B21;B22;B24;B25;B27;B28;B29;B30;B31;B32;B33;B35;B36;B37;B38;B39;B40;B42;B43;B45;B46;B47;B48;B49;B51;B52;B53;B54;B55;B56;B57;B58;B59,1.98,0,2,0.0,188.44,19
R09,test,B02,0.3,5,0.06779661016949153,2,3;1,B02;B14;B21;B24;B53,22.49,10,9,293.83,637.88,33
R09,test,B02,0.6,46,0.7627118644067796,5,5;8;14;15;3,B02;B05;B06;B07;B10;B11;B12;B13;B14;B15;B16;B17;B18;B21;B22;B24;B25;B27;B28;B29;B30;B31;B32;B33;B35;B36;B37;B38;B39;B40;B42;B43;B45;B46;B47;B48;B49;B51;B52;B53;B54;B55;B56;B57;B58;B59,22.49,10,9,293.83,637.88,33
R09,test,B02,0.9,46,0.7627118644067796,5,5;10;16;12;2,B02;B05;B06;B07;B10;B11;B12;B13;B14;B15;B16;B17;B18;B21;B22;B24;B25;B27;B28;B29;B30;B31;B32;B33;B35;B36;B37;B38;B39;B40;B42;B43;B45;B46;B47;B48;B49;B51;B52;B53;B54;B55;B56;B57;B58;B59,22.49,10,9,293.83,637.88,33
R09,test,B03,0.3,1,0.0,0,,B03,2.84,0,1,0.0,11.22,11
R09,test,B03,0.6,1,0.0,0,,B03,2.84,0,1,0.0,11.22,11
R09,test,B03,0.9,47,0.7796610169491526,6,1;2;10;18;14;1,B02;B03;B05;B06;B07;B10;B11;B12;B13;B14;B15;B16;B17;B18;B21;B22;B24;B25;B27;B28;B29;B30;B31;B32;B33;B35;B36;B37;B38;B39;B40;B42;B43;B45;B46;B47;B48;B49;B51;B52;B53;B54;B55;B56;B57;B58;B59,2.84,0,1,0.0,11.22,11
R09,test,B04,0.3,1,0.0,0,,B04,1.57,0,1,0.0,6.15,15
R09,test,B04,0.6,1,0.0,0,,B04,1.57,0,1,0.0,6.15,15
R09,test,B04,0.9,1,0.0,0,,B04,1.57,0,1,0.0,6.15,15
R09,test,B05,0.3,1,0.0,0,,B05,27.33,1,1,170.03,50.03,11
R09,test,B05,0.6,1,0.0,0,,B05,27.33,1,1,170.03,50.03,11
R09,test,B05,0.9,46,0.7627118644067796,6,1;5;7;16;10;6,B02;B05;B06;B07;B10;B11;B12;B13;B14;B15;B16;B17;B18;B21;B22;B24;B25;B27;B28;B29;B30;B31;B32;B33;B35;B36;B37;B38;B39;B40;B42;B43;B45;B46;B47;B48;B49;B51;B52;B53;B54;B55;B56;B57;B58;B59,27.33,1,1,170.03,50.03,11
R09,test,B06,0.3,1,0.0,0,,B06,9.76,1,1,27.52,29.58,10
R09,test,B06,0.6,1,0.0,0,,B06,9.76,1,1,27.52,29.58,10
R09,test,B06,0.9,1,0.0,0,,B06,9.76,1,1,27.52,29.58,10
R09,test,B07,0.3,2,0.01694915254237288,1,1,B07;B16,23.53,3,2,142.21,173.88,14
R09,test,B07,0.6,46,0.7627118644067796,8,1;2;4;6;12;13;5;2,B02;B05;B06;B07;B10;B11;B12;B13;B14;B15;B16;B17;B18;B21;B22;B24;B25;B27;B28;B29;B30;B31;B32;B33;B35;B36;B37;B38;B39;B40;B42;B43;B45;B46;B47;B48;B49;B51;B52;B53;B54;B55;B56;B57;B58;B59,23.53,3,2,142.21,173.88,14
R09,test,B07,0.9,46,0.7627118644067796,6,2;5;10;14;13;1,B02;B05;B06;B07;B10;B11;B12;B13;B14;B15;B16;B17;B18;B21;B22;B24;B25;B27;B28;B29;B30;B31;B32;B33;B35;B36;B37;B38;B39;B40;B42;B43;B45;B46;B47;B48;B49;B51;B52;B53;B54;B55;B56;B57;B58;B59,23.53,3,2,142.21,173.88,14
R09,test,B08,0.3,1,0.0,0,,B08,1.15,0,1,0.0,12.34,11
R09,test,B08,0.6,1,0.0,0,,B08,1.15,0,1,0.0,12.34,11
R09,test,B08,0.9,1,0.0,0,,B08,1.15,0,1,0.0,12.34,11
R09,test,B09,0.3,1,0.0,0,,B09,1.63,0,2,0.0,98.25999999999999,15
R09,test,B09,0.6,47,0.7796610169491526,7,1;4;9;17;13;1;1,B02;B05;B06;B07;B09;B10;B11;B12;B13;B14;B15;B16;B17;B18;B21;B22;B24;B25;B27;B28;B29;B30;B31;B32;B33;B35;B36;B37;B38;B39;B40;B42;B43;B45;B46;B47;B48;B49;B51;B52;B53;B54;B55;B56;B57;B58;B59,1.63,0,2,0.0,98.25999999999999,15
R09,test,B09,0.9,47,0.7796610169491526,5,2;7;15;20;2,B02;B05;B06;B07;B09;B10;B11;B12;B13;B14;B15;B16;B17;B18;B21;B22;B24;B25;B27;B28;B29;B30;B31;B32;B33;B35;B36;B37;B38;B39;B40;B42;B43;B45;B46;B47;B48;B49;B51;B52;B53;B54;B55;B56;B57;B58;B59,1.63,0,2,0.0,98.25999999999999,15
R09,test,B10,0.3,1,0.0,0,,B10,6.43,1,1,29.32,31.55,10
R09,test,B10,0.6,1,0.0,0,,B10,6.43,1,1,29.32,31.55,10
R09,test,B10,0.9,1,0.0,0,,B10,6.43,1,1,29.32,31.55,10
R09,test,B11,0.3,1,0.0,0,,B11,18.38,1,2,65.67,83.97999999999999,15
R09,test,B11,0.6,46,0.7627118644067796,6,2;6;13;18;5;1,B02;B05;B06;B07;B10;B11;B12;B13;B14;B15;B16;B17;B18;B21;B22;B24;B25;B27;B28;B29;B30;B31;B32;B33;B35;B36;B37;B38;B39;B40;B42;B43;B45;B46;B47;B48;B49;B51;B52;B53;B54;B55;B56;B57;B58;B59,18.38,1,2,65.67,83.97999999999999,15
R09,test,B11,0.9,46,0.7627118644067796,5,2;9;17;15;2,B02;B05;B06;B07;B10;B11;B12;B13;B14;B15;B16;B17;B18;B21;B22;B24;B25;B27;B28;B29;B30;B31;B32;B33;B35;B36;B37;B38;B39;B40;B42;B43;B45;B46;B47;B48;B49;B51;B52;B53;B54;B55;B56;B57;B58;B59,18.38,1,2,65.67,83.97999999999999,15
R09,test,B12,0.3,1,0.0,0,,B12,9.09,2,3,74.13,98.0,23
R09,test,B12,0.6,46,0.7627118644067796,5,1;7;14;15;8,B02;B05;B06;B07;B10;B11;B12;B13;B14;B15;B16;B17;B18;B21;B22;B24;B25;B27;B28;B29;B30;B31;B32;B33;B35;B36;B37;B38;B39;B40;B42;B43;B45;B46;B47;B48;B49;B51;B52;B53;B54;B55;B56;B57;B58;B59,9.09,2,3,74.13,98.0,23
R09,test,B12,0.9,46,0.7627118644067796,5,2;10;21;10;2,B02;B05;B06;B07;B10;B11;B12;B13;B14;B15;B16;B17;B18;B21;B22;B24;B25;B27;B28;B29;B30;B31;B32;B33;B35;B36;B37;B38;B39;B40;B42;B43;B45;B46;B47;B48;B49;B51;B52;B53;B54;B55;B56;B57;B58;B59,9.09,2,3,74.13,98.0,23
R09,test,B13,0.3,1,0.0,0,,B13,3.09,1,0,20.01,0.0,0
R09,test,B13,0.6,1,0.0,0,,B13,3.09,1,0,20.01,0.0,0
R09,test,B13,0.9,1,0.0,0,,B13,3.09,1,0,20.01,0.0,0
R09,test,B14,0.3,2,0.01694915254237288,1,1,B14;B24,14.41,10,10,239.69999999999993,323.75000000000006,36
R09,test,B14,0.6,2,0.01694915254237288,1,1,B14;B24,14.41,10,10,239.69999999999993,323.75000000000006,36
R09,test,B14,0.9,46,0.7627118644067796,4,4;10;18;13,B02;B05;B06;B07;B10;B11;B12;B13;B14;B15;B16;B17;B18;B21;B22;B24;B25;B27;B28;B29;B30;B31;B32;B33;B35;B36;B37;B38;B39;B40;B42;B43;B45;B46;B47;B48;B49;B51;B52;B53;B54;B55;B56;B57;B58;B59,14.41,10,10,239.69999999999993,323.75000000000006,36
R09,test,B15,0.3,1,0.0,0,,B15,9.86,1,0,17.44,0.0,0
R09,test,B15,0.6,1,0.0,0,,B15,9.86,1,0,17.44,0.0,0
R09,test,B15,0.9,1,0.0,0,,B15,9.86,1,0,17.44,0.0,0
R09,test,B16,0.3,1,0.0,0,,B16,33.87,8,6,288.04,143.77,21
R09,test,B16,0.6,46,0.7627118644067796,8,2;1;4;6;12;13;5;2,B02;B05;B06;B07;B10;B11;B12;B13;B14;B15;B16;B17;B18;B21;B22;B24;B25;B27;B28;B29;B30;B31;B32;B33;B35;B36;B37;B38;B39;B40;B42;B43;B45;B46;B47;B48;B49;B51;B52;B53;B54;B55;B56;B57;B58;B59,33.87,8,6,288.04,143.77,21
R09,test,B16,0.9,46,0.7627118644067796,6,2;2;6;13;13;9,B02;B05;B06;B07;B10;B11;B12;B13;B14;B15;B16;B17;B18;B21;B22;B24;B25;B27;B28;B29;B30;B31;B32;B33;B35;B36;B37;B38;B39;B40;B42;B43;B45;B46;B47;B48;B49;B51;B52;B53;B54;B55;B56;B57;B58;B59,33.87,8,6,288.04,143.77,21
R09,test,B17,0.3,1,0.0,0,,B17,16.45,1,0,29.79,0.0,0
R09,test,B17,0.6,1,0.0,0,,B17,16.45,1,0,29.79,0.0,0
R09,test,B17,0.9,1,0.0,0,,B17,16.45,1,0,29.79,0.0,0
R09,test,B18,0.3,1,0.0,0,,B18,142.96,2,1,494.53,12.19,10
R09,test,B18,0.6,1,0.0,0,,B18,142.96,2,1,494.53,12.19,10
R09,test,B18,0.9,1,0.0,0,,B18,142.96,2,1,494.53,12.19,10
R09,test,B19,0.3,1,0.0,0,,B19,1.72,0,1,0.0,21.03,11
R09,test,B19,0.6,1,0.0,0,,B19,1.72,0,1,0.0,21.03,11
R09,test,B19,0.9,1,0.0,0,,B19,1.72,0,1,0.0,21.03,11
R09,test,B20,0.3,1,0.0,0,,B20,3.11,0,3,0.0,99.15,18
R09,test,B20,0.6,47,0.7796610169491526,7,1;3;7;16;17;1;1,B02;B05;B06;B07;B10;B11;B12;B13;B14;B15;B16;B17;B18;B20;B21;B22;B24;B25;B27;B28;B29;B30;B31;B32;B33;B35;B36;B37;B38;B39;B40;B42;B43;B45;B46;B47;B48;B49;B51;B52;B53;B54;B55;B56;B57;B58;B59,3.11,0,3,0.0,99.15,18
R09,test,B20,0.9,47,0.7796610169491526,5,2;10;22;11;1,B02;B05;B06;B07;B10;B11;B12;B13;B14;B15;B16;B17;B18;B20;B21;B22;B24;B25;B27;B28;B29;B30;B31;B32;B33;B35;B36;B37;B38;B39;B40;B42;B43;B45;B46;B47;B48;B49;B51;B52;B53;B54;B55;B56;B57;B58;B59,3.11,0,3,0.0,99.15,18
R09,test,B21,0.3,1,0.0,0,,B21,2.6,1,0,10.85,0.0,0
R09,test,B21,0.6,1,0.0,0,,B21,2.6,1,0,10.85,0.0,0
R09,test,B21,0.9,1,0.0,0,,B21,2.6,1,0,10.85,0.0,0
R09,test,B22,0.3,21,0.3389830508474576,10,1;3;1;3;2;2;3;3;1;1,B02;B10;B11;B12;B14;B21;B22;B24;B27;B29;B30;B31;B38;B40;B42;B43;B47;B48;B49;B53;B56,15.9,3,1,83.85999999999999,68.09,14
R09,test,B22,0.6,46,0.7627118644067796,6,1;7;13;14;9;1,B02;B05;B06;B07;B10;B11;B12;B13;B14;B15;B16;B17;B18;B21;B22;B24;B25;B27;B28;B29;B30;B31;B32;B33;B35;B36;B37;B38;B39;B40;B42;B43;B45;B46;B47;B48;B49;B51;B52;B53;B54;B55;B56;B57;B58;B59,15.9,3,1,83.85999999999999,68.09,14
R09,test,B22,0.9,46,0.7627118644067796,6,1;8;16;11;8;1,B02;B05;B06;B07;B10;B11;B12;B13;B14;B15;B16;B17;B18;B21;B22;B24;B25;B27;B28;B29;B30;B31;B32;B33;B35;B36;B37;B38;B39;B40;B42;B43;B45;B46;B47;B48;B49;B51;B52;B53;B54;B55;B56;B57;B58;B59,15.9,3,1,83.85999999999999,68.09,14
R09,test,B23,0.3,1,0.0,0,,B23,2.82,0,1,0.0,5.98,10
R09,test,B23,0.6,1,0.0,0,,B23,2.82,0,1,0.0,5.98,10
R09,test,B23,0.9,1,0.0,0,,B23,2.82,0,1,0.0,5.98,10
R09,test,B24,0.3,1,0.0,0,,B24,24.67,1,1,89.88,26.17,10
R09,test,B24,0.6,2,0.01694915254237288,1,1,B14;B24,24.67,1,1,89.88,26.17,10
R09,test,B24,0.9,46,0.7627118644067796,5,1;3;10;18;13,B02;B05;B06;B07;B10;B11;B12;B13;B14;B15;B16;B17;B18;B21;B22;B24;B25;B27;B28;B29;B30;B31;B32;B33;B35;B36;B37;B38;B39;B40;B42;B43;B45;B46;B47;B48;B49;B51;B52;B53;B54;B55;B56;B57;B58;B59,24.67,1,1,89.88,26.17,10
R09,test,B25,0.3,36,0.5932203389830508,7,3;7;6;5;6;4;4,B02;B05;B07;B10;B11;B12;B13;B14;B16;B18;B21;B22;B24;B25;B27;B28;B29;B30;B31;B33;B36;B37;B38;B40;B42;B43;B46;B47;B48;B49;B53;B54;B55;B56;B58;B59,26.61,10,9,366.45,1172.42,33
R09,test,B25,0.6,46,0.7627118644067796,6,5;7;13;13;5;2,B02;B05;B06;B07;B10;B11;B12;B13;B14;B15;B16;B17;B18;B21;B22;B24;B25;B27;B28;B29;B30;B31;B32;B33;B35;B36;B37;B38;B39;B40;B42;B43;B45;B46;B47;B48;B49;B51;B52;B53;B54;B55;B56;B57;B58;B59,26.61,10,9,366.45,1172.42,33
R09,test,B25,0.9,46,0.7627118644067796,5,5;8;14;13;5,B02;B05;B06;B07;B10;B11;B12;B13;B14;B15;B16;B17;B18;B21;B22;B24;B25;B27;B28;B29;B30;B31;B32;B33;B35;B36;B37;B38;B39;B40;B42;B43;B45;B46;B47;B48;B49;B51;B52;B53;B54;B55;B56;B57;B58;B59,26.61,10,9,366.45,1172.42,33
R09,test,B26,0.3,39,0.6440677966101694,9,1;1;1;3;7;8;8;8;1,B02;B05;B07;B10;B11;B12;B13;B14;B16;B18;B21;B22;B24;B25;B26;B27;B28;B29;B30;B31;B33;B36;B37;B38;B39;B40;B42;B43;B46;B47;B48;B49;B51;B53;B54;B55;B56;B58;B59,0.99,0,2,0.0,431.57,18
R09,test,B26,0.6,47,0.7796610169491526,7,1;3;6;9;14;9;4,B02;B05;B06;B07;B10;B11;B12;B13;B14;B15;B16;B17;B18;B21;B22;B24;B25;B26;B27;B28;B29;B30;B31;B32;B33;B35;B36;B37;B38;B39;B40;B42;B43;B45;B46;B47;B48;B49;B51;B52;B53;B54;B55;B56;B57;B58;B59,0.99,0,2,0.0,431.57,18
R09,test,B26,0.9,47,0.7796610169491526,7,1;3;7;11;11;9;4,B02;B05;B06;B07;B10;B11;B12;B13;B14;B15;B16;B17;B18;B21;B22;B24;B25;B26;B27;B28;B29;B30;B31;B32;B33;B35;B36;B37;B38;B39;B40;B42;B43;B45;B46;B47;B48;B49;B51;B52;B53;B54;B55;B56;B57;B58;B59,0.99,0,2,0.0,431.57,18
R09,test,B27,0.3,2,0.01694915254237288,1,1,B27;B47,19.18,7,6,221.10999999999999,187.37,28
R09,test,B27,0.6,46,0.7627118644067796,8,1;1;2;6;11;11;9;4,B02;B05;B06;B07;B10;B11;B12;B13;B14;B15;B16;B17;B18;B21;B22;B24;B25;B27;B28;B29;B30;B31;B32;B33;B35;B36;B37;B38;B39;B40;B42;B43;B45;B46;B47;B48;B49;B51;B52;B53;B54;B55;B56;B57;B58;B59,19.18,7,6,221.10999999999999,187.37,28
R09,test,B27,0.9,46,0.7627118644067796,7,1;1;3;10;14;12;4,B02;B05;B06;B07;B10;B11;B12;B13;B14;B15;B16;B17;B18;B21;B22;B24;B25;B27;B28;B29;B30;B31;B32;B33;B35;B36;B37;B38;B39;B40;B42;B43;B45;B46;B47;B48;B49;B51;B52;B53;B54;B55;B56;B57;B58;B59,19.18,7,6,221.10999999999999,187.37,28
R09,test,B28,0.3,2,0.01694915254237288,1,1,B28;B54,51.42,10,6,380.26,242.6,28
R09,test,B28,0.6,46,0.7627118644067796,7,2;4;7;12;14;5;1,B02;B05;B06;B07;B10;B11;B12;B13;B14;B15;B16;B17;B18;B21;B22;B24;B25;B27;B28;B29;B30;B31;B32;B33;B35;B36;B37;B38;B39;B40;B42;B43;B45;B46;B47;B48;B49;B51;B52;B53;B54;B55;B56;B57;B58;B59,51.42,10,6,380.26,242.6,28
R09,test,B28,0.9,46,0.7627118644067796,4,4;11;18;12,B02;B05;B06;B07;B10;B11;B12;B13;B14;B15;B16;B17;B18;B21;B22;B24;B25;B27;B28;B29;B30;B31;B32;B33;B35;B36;B37;B38;B39;B40;B42;B43;B45;B46;B47;B48;B49;B51;B52;B53;B54;B55;B56;B57;B58;B59,51.42,10,6,380.26,242.6,28
R09,test,B29,0.3,8,0.11864406779661017,3,3;3;1,B02;B10;B14;B21;B24;B29;B43;B53,30.48,14,10,419.43,324.18,33
R09,test,B29,0.6,46,0.7627118644067796,6,4;6;11;15;8;1,B02;B05;B06;B07;B10;B11;B12;B13;B14;B15;B16;B17;B18;B21;B22;B24;B25;B27;B28;B29;B30;B31;B32;B33;B35;B36;B37;B38;B39;B40;B42;B43;B45;B46;B47;B48;B49;B51;B52;B53;B54;B55;B56;B57;B58;B59,30.48,14,10,419.43,324.18,33
R09,test,B29,0.9,46,0.7627118644067796,5,5;7;16;10;7,B02;B05;B06;B07;B10;B11;B12;B13;B14;B15;B16;B17;B18;B21;B22;B24;B25;B27;B28;B29;B30;B31;B32;B33;B35;B36;B37;B38;B39;B40;B42;B43;B45;B46;B47;B48;B49;B51;B52;B53;B54;B55;B56;B57;B58;B59,30.48,14,10,419.43,324.18,33
R09,test,B30,0.3,1,0.0,0,,B30,11.53,3,1,65.67,18.35,6
R09,test,B30,0.6,1,0.0,0,,B30,11.53,3,1,65.67,18.35,6
R09,test,B30,0.9,1,0.0,0,,B30,11.53,3,1,65.67,18.35,6
R09,test,B31,0.3,20,0.3220338983050847,9,3;1;3;2;2;3;3;1;1,B02;B10;B11;B12;B14;B21;B24;B27;B29;B30;B31;B38;B40;B42;B43;B47;B48;B49;B53;B56,19.42,9,14,342.89,472.51000000000005,39
R09,test,B31,0.6,46,0.7627118644067796,5,7;13;14;10;1,B02;B05;B06;B07;B10;B11;B12;B13;B14;B15;B16;B17;B18;B21;B22;B24;B25;B27;B28;B29;B30;B31;B32;B33;B35;B36;B37;B38;B39;B40;B42;B43;B45;B46;B47;B48;B49;B51;B52;B53;B54;B55;B56;B57;B58;B59,19.42,9,14,342.89,472.51000000000005,39
R09,test,B31,0.9,46,0.7627118644067796,5,9;16;11;8;1,B02;B05;B06;B07;B10;B11;B12;B13;B14;B15;B16;B17;B18;B21;B22;B24;B25;B27;B28;B29;B30;B31;B32;B33;B35;B36;B37;B38;B39;B40;B42;B43;B45;B46;B47;B48;B49;B51;B52;B53;B54;B55;B56;B57;B58;B59,19.42,9,14,342.89,472.51000000000005,39
R09,test,B32,0.3,1,0.0,0,,B32,10.86,1,1,45.18,6.11,10
R09,test,B32,0.6,1,0.0,0,,B32,10.86,1,1,45.18,6.11,10
R09,test,B32,0.9,1,0.0,0,,B32,10.86,1,1,45.18,6.11,10
R09,test,B33,0.3,5,0.06779661016949153,2,3;1,B27;B33;B37;B47;B58,34.86,12,10,593.6099999999999,494.99,24
R09,test,B33,0.6,46,0.7627118644067796,6,5;2;10;16;10;2,B02;B05;B06;B07;B10;B11;B12;B13;B14;B15;B16;B17;B18;B21;B22;B24;B25;B27;B28;B29;B30;B31;B32;B33;B35;B36;B37;B38;B39;B40;B42;B43;B45;B46;B47;B48;B49;B51;B52;B53;B54;B55;B56;B57;B58;B59,34.86,12,10,593.6099999999999,494.99,24
R09,test,B33,0.9,46,0.7627118644067796,5,5;3;14;21;2,B02;B05;B06;B07;B10;B11;B12;B13;B14;B15;B16;B17;B18;B21;B22;B24;B25;B27;B28;B29;B30;B31;B32;B33;B35;B36;B37;B38;B39;B40;B42;B43;B45;B46;B47;B48;B49;B51;B52;B53;B54;B55;B56;B57;B58;B59,34.86,12,10,593.6099999999999,494.99,24
R09,test,B34,0.3,1,0.0,0,,B34,0.77,0,1,0.0,3.47,11
R09,test,B34,0.6,1,0.0,0,,B34,0.77,0,1,0.0,3.47,11
R09,test,B34,0.9,1,0.0,0,,B34,0.77,0,1,0.0,3.47,11
R09,test,B35,0.3,3,0.03389830508474576,1,2,B32;B35;B57,11.93,8,10,141.71,283.22,39
R09,test,B35,0.6,46,0.7627118644067796,6,3;7;16;17;1;1,B02;B05;B06;B07;B10;B11;B12;B13;B14;B15;B16;B17;B18;B21;B22;B24;B25;B27;B28;B29;B30;B31;B32;B33;B35;B36;B37;B38;B39;B40;B42;B43;B45;B46;B47;B48;B49;B51;B52;B53;B54;B55;B56;B57;B58;B59,11.93,8,10,141.71,283.22,39
R09,test,B35,0.9,46,0.7627118644067796,5,4;10;19;11;1,B02;B05;B06;B07;B10;B11;B12;B13;B14;B15;B16;B17;B18;B21;B22;B24;B25;B27;B28;B29;B30;B31;B32;B33;B35;B36;B37;B38;B39;B40;B42;B43;B45;B46;B47;B48;B49;B51;B52;B53;B54;B55;B56;B57;B58;B59,11.93,8,10,141.71,283.22,39
R09,test,B36,0.3,1,0.0,0,,B36,5.13,1,1,39.86,110.43,10
R09,test,B36,0.6,46,0.7627118644067796,6,1;5;12;15;9;3,B02;B05;B06;B07;B10;B11;B12;B13;B14;B15;B16;B17;B18;B21;B22;B24;B25;B27;B28;B29;B30;B31;B32;B33;B35;B36;B37;B38;B39;B40;B42;B43;B45;B46;B47;B48;B49;B51;B52;B53;B54;B55;B56;B57;B58;B59,5.13,1,1,39.86,110.43,10
R09,test,B36,0.9,46,0.7627118644067796,6,1;5;13;16;8;2,B02;B05;B06;B07;B10;B11;B12;B13;B14;B15;B16;B17;B18;B21;B22;B24;B25;B27;B28;B29;B30;B31;B32;B33;B35;B36;B37;B38;B39;B40;B42;B43;B45;B46;B47;B48;B49;B51;B52;B53;B54;B55;B56;B57;B58;B59,5.13,1,1,39.86,110.43,10
R09,test,B37,0.3,1,0.0,0,,B37,27.98,1,0,206.89,0.0,0
R09,test,B37,0.6,1,0.0,0,,B37,27.98,1,0,206.89,0.0,0
R09,test,B37,0.9,1,0.0,0,,B37,27.98,1,0,206.89,0.0,0
R09,test,B38,0.3,1,0.0,0,,B38,38.19,10,6,414.66,156.32999999999998,30
R09,test,B38,0.6,46,0.7627118644067796,6,3;10;18;12;1;1,B02;B05;B06;B07;B10;B11;B12;B13;B14;B15;B16;B17;B18;B21;B22;B24;B25;B27;B28;B29;B30;B31;B32;B33;B35;B36;B37;B38;B39;B40;B42;B43;B45;B46;B47;B48;B49;B51;B52;B53;B54;B55;B56;B57;B58;B59,38.19,10,6,414.66,156.32999999999998,30
R09,test,B38,0.9,46,0.7627118644067796,5,3;15;23;3;1,B02;B05;B06;B07;B10;B11;B12;B13;B14;B15;B16;B17;B18;B21;B22;B24;B25;B27;B28;B29;B30;B31;B32;B33;B35;B36;B37;B38;B39;B40;B42;B43;B45;B46;B47;B48;B49;B51;B52;B53;B54;B55;B56;B57;B58;B59,38.19,10,6,414.66,156.32999999999998,30
R09,test,B39,0.3,38,0.6271186440677966,8,1;3;7;6;5;6;5;4,B02;B05;B07;B10;B11;B12;B13;B14;B16;B18;B21;B22;B24;B25;B27;B28;B29;B30;B31;B33;B36;B37;B38;B39;B40;B42;B43;B46;B47;B48;B49;B51;B53;B54;B55;B56;B58;B59,17.86,1,2,149.09,137.67,14
R09,test,B39,0.6,46,0.7627118644067796,7,1;5;7;13;13;4;2,B02;B05;B06;B07;B10;B11;B12;B13;B14;B15;B16;B17;B18;B21;B22;B24;B25;B27;B28;B29;B30;B31;B32;B33;B35;B36;B37;B38;B39;B40;B42;B43;B45;B46;B47;B48;B49;B51;B52;B53;B54;B55;B56;B57;B58;B59,17.86,1,2,149.09,137.67,14
R09,test,B39,0.9,46,0.7627118644067796,6,1;5;8;14;13;4,B02;B05;B06;B07;B10;B11;B12;B13;B14;B15;B16;B17;B18;B21;B22;B24;B25;B27;B28;B29;B30;B31;B32;B33;B35;B36;B37;B38;B39;B40;B42;B43;B45;B46;B47;B48;B49;B51;B52;B53;B54;B55;B56;B57;B58;B59,17.86,1,2,149.09,137.67,14
R09,test,B40,0.3,2,0.01694915254237288,1,1,B38;B40,25.82,1,1,232.92,173.33,7
R09,test,B40,0.6,46,0.7627118644067796,7,1;3;10;17;12;1;1,B02;B05;B06;B07;B10;B11;B12;B13;B14;B15;B16;B17;B18;B21;B22;B24;B25;B27;B28;B29;B30;B31;B32;B33;B35;B36;B37;B38;B39;B40;B42;B43;B45;B46;B47;B48;B49;B51;B52;B53;B54;B55;B56;B57;B58;B59,25.82,1,1,232.92,173.33,7
R09,test,B40,0.9,46,0.7627118644067796,6,1;3;15;22;3;1,B02;B05;B06;B07;B10;B11;B12;B13;B14;B15;B16;B17;B18;B21;B22;B24;B25;B27;B28;B29;B30;B31;B32;B33;B35;B36;B37;B38;B39;B40;B42;B43;B45;B46;B47;B48;B49;B51;B52;B53;B54;B55;B56;B57;B58;B59,25.82,1,1,232.92,173.33,7
R09,test,B41,0.3,1,0.0,0,,B41,1.07,0,1,0.0,39.88,7
R09,test,B41,0.6,1,0.0,0,,B41,1.07,0,1,0.0,39.88,7
R09,test,B41,0.9,1,0.0,0,,B41,1.07,0,1,0.0,39.88,7
R09,test,B42,0.3,1,0.0,0,,B42,1.88,1,1,16.6,84.68,8
R09,test,B42,0.6,46,0.7627118644067796,7,1;3;2;8;17;11;3,B02;B05;B06;B07;B10;B11;B12;B13;B14;B15;B16;B17;B18;B21;B22;B24;B25;B27;B28;B29;B30;B31;B32;B33;B35;B36;B37;B38;B39;B40;B42;B43;B45;B46;B47;B48;B49;B51;B52;B53;B54;B55;B56;B57;B58;B59,1.88,1,1,16.6,84.68,8
R09,test,B42,0.9,46,0.7627118644067796,6,1;5;11;20;7;1,B02;B05;B06;B07;B10;B11;B12;B13;B14;B15;B16;B17;B18;B21;B22;B24;B25;B27;B28;B29;B30;B31;B32;B33;B35;B36;B37;B38;B39;B40;B42;B43;B45;B46;B47;B48;B49;B51;B52;B53;B54;B55;B56;B57;B58;B59,1.88,1,1,16.6,84.68,8
R09,test,B43,0.3,1,0.0,0,,B43,1.22,1,2,4.97,61.08,18
R09,test,B43,0.6,46,0.7627118644067796,7,1;2;7;12;14;8;1,B02;B05;B06;B07;B10;B11;B12;B13;B14;B15;B16;B17;B18;B21;B22;B24;B25;B27;B28;B29;B30;B31;B32;B33;B35;B36;B37;B38;B39;B40;B42;B43;B45;B46;B47;B48;B49;B51;B52;B53;B54;B55;B56;B57;B58;B59,1.22,1,2,4.97,61.08,18
R09,test,B43,0.9,46,0.7627118644067796,6,2;7;15;12;8;1,B02;B05;B06;B07;B10;B11;B12;B13;B14;B15;B16;B17;B18;B21;B22;B24;B25;B27;B28;B29;B30;B31;B32;B33;B35;B36;B37;B38;B39;B40;B42;B43;B45;B46;B47;B48;B49;B51;B52;B53;B54;B55;B56;B57;B58;B59,1.22,1,2,4.97,61.08,18
R09,test,B44,0.3,1,0.0,0,,B44,3.14,0,2,0.0,18.5,18
R09,test,B44,0.6,47,0.7796610169491526,7,1;2;7;13;14;8;1,B02;B05;B06;B07;B10;B11;B12;B13;B14;B15;B16;B17;B18;B21;B22;B24;B25;B27;B28;B29;B30;B31;B32;B33;B35;B36;B37;B38;B39;B40;B42;B43;B44;B45;B46;B47;B48;B49;B51;B52;B53;B54;B55;B56;B57;B58;B59,3.14,0,2,0.0,18.5,18
R09,test,B44,0.9,47,0.7796610169491526,6,1;2;10;18;14;1,B02;B05;B06;B07;B10;B11;B12;B13;B14;B15;B16;B17;B18;B21;B22;B24;B25;B27;B28;B29;B30;B31;B32;B33;B35;B36;B37;B38;B39;B40;B42;B43;B44;B45;B46;B47;B48;B49;B51;B52;B53;B54;B55;B56;B57;B58;B59,3.14,0,2,0.0,18.5,18
R09,test,B45,0.3,1,0.0,0,,B45,6.12,2,2,17.05,26.6,19
R09,test,B45,0.6,1,0.0,0,,B45,6.12,2,2,17.05,26.6,19
R09,test,B45,0.9,1,0.0,0,,B45,6.12,2,2,17.05,26.6,19
R09,test,B46,0.3,6,0.0847457627118644,3,1;3;1,B27;B33;B37;B46;B47;B58,42.65,3,2,250.95999999999998,214.38000000000002,16
R09,test,B46,0.6,46,0.7627118644067796,7,1;5;2;10;15;10;2,B02;B05;B06;B07;B10;B11;B12;B13;B14;B15;B16;B17;B18;B21;B22;B24;B25;B27;B28;B29;B30;B31;B32;B33;B35;B36;B37;B38;B39;B40;B42;B43;B45;B46;B47;B48;B49;B51;B52;B53;B54;B55;B56;B57;B58;B59,42.65,3,2,250.95999999999998,214.38000000000002,16
R09,test,B46,0.9,46,0.7627118644067796,6,1;5;3;14;20;2,B02;B05;B06;B07;B10;B11;B12;B13;B14;B15;B16;B17;B18;B21;B22;B24;B25;B27;B28;B29;B30;B31;B32;B33;B35;B36;B37;B38;B39;B40;B42;B43;B45;B46;B47;B48;B49;B51;B52;B53;B54;B55;B56;B57;B58;B59,42.65,3,2,250.95999999999998,214.38000000000002,16
R09,test,B47,0.3,2,0.01694915254237288,1,1,B27;B47,20.48,3,2,219.41000000000003,187.22,11
R09,test,B47,0.6,46,0.7627118644067796,7,2;2;6;11;11;9;4,B02;B05;B06;B07;B10;B11;B12;B13;B14;B15;B16;B17;B18;B21;B22;B24;B25;B27;B28;B29;B30;B31;B32;B33;B35;B36;B37;B38;B39;B40;B42;B43;B45;B46;B47;B48;B49;B51;B52;B53;B54;B55;B56;B57;B58;B59,20.48,3,2,219.41000000000003,187.22,11
R09,test,B47,0.9,46,0.7627118644067796,6,2;3;10;14;12;4,B02;B05;B06;B07;B10;B11;B12;B13;B14;B15;B16;B17;B18;B21;B22;B24;B25;B27;B28;B29;B30;B31;B32;B33;B35;B36;B37;B38;B39;B40;B42;B43;B45;B46;B47;B48;B49;B51;B52;B53;B54;B55;B56;B57;B58;B59,20.48,3,2,219.41000000000003,187.22,11
R09,test,B48,0.3,20,0.3220338983050847,10,1;1;1;3;1;3;2;2;3;2,B02;B10;B11;B12;B14;B21;B24;B27;B29;B30;B31;B38;B40;B42;B43;B47;B48;B49;B53;B56,8.83,8,10,88.28,356.84999999999997,32
R09,test,B48,0.6,46,0.7627118644067796,6,2;7;13;14;8;1,B02;B05;B06;B07;B10;B11;B12;B13;B14;B15;B16;B17;B18;B21;B22;B24;B25;B27;B28;B29;B30;B31;B32;B33;B35;B36;B37;B38;B39;B40;B42;B43;B45;B46;B47;B48;B49;B51;B52;B53;B54;B55;B56;B57;B58;B59,8.83,8,10,88.28,356.84999999999997,32
R09,test,B48,0.9,46,0.7627118644067796,5,2;10;18;14;1,B02;B05;B06;B07;B10;B11;B12;B13;B14;B15;B16;B17;B18;B21;B22;B24;B25;B27;B28;B29;B30;B31;B32;B33;B35;B36;B37;B38;B39;B40;B42;B43;B45;B46;B47;B48;B49;B51;B52;B53;B54;B55;B56;B57;B58;B59,8.83,8,10,88.28,356.84999999999997,32
R09,test,B49,0.3,6,0.0847457627118644,3,3;1;1,B11;B12;B14;B24;B42;B49,28.29,9,8,365.53000000000003,224.14000000000001,25
R09,test,B49,0.6,46,0.7627118644067796,6,4;2;8;17;11;3,B02;B05;B06;B07;B10;B11;B12;B13;B14;B15;B16;B17;B18;B21;B22;B24;B25;B27;B28;B29;B30;B31;B32;B33;B35;B36;B37;B38;B39;B40;B42;B43;B45;B46;B47;B48;B49;B51;B52;B53;B54;B55;B56;B57;B58;B59,28.29,9,8,365.53000000000003,224.14000000000001,25
R09,test,B49,0.9,46,0.7627118644067796,5,6;11;20;7;1,B02;B05;B06;B07;B10;B11;B12;B13;B14;B15;B16;B17;B18;B21;B22;B24;B25;B27;B28;B29;B30;B31;B32;B33;B35;B36;B37;B38;B39;B40;B42;B43;B45;B46;B47;B48;B49;B51;B52;B53;B54;B55;B56;B57;B58;B59,28.29,9,8,365.53000000000003,224.14000000000001,25
R09,test,B50,0.3,1,0.0,0,,B50,1.51,0,0,0.0,0.0,0
R09,test,B50,0.6,1,0.0,0,,B50,1.51,0,0,0.0,0.0,0
R09,test,B50,0.9,1,0.0,0,,B50,1.51,0,0,0.0,0.0,0
R09,test,B51,0.3,38,0.6271186440677966,8,1;1;3;7;8;8;8;1,B02;B05;B07;B10;B11;B12;B13;B14;B16;B18;B21;B22;B24;B25;B27;B28;B29;B30;B31;B33;B36;B37;B38;B39;B40;B42;B43;B46;B47;B48;B49;B51;B53;B54;B55;B56;B58;B59,48.13,6,8,600.76,315.83000000000004,30
R09,test,B51,0.6,46,0.7627118644067796,6,3;6;9;14;9;4,B02;B05;B06;B07;B10;B11;B12;B13;B14;B15;B16;B17;B18;B21;B22;B24;B25;B27;B28;B29;B30;B31;B32;B33;B35;B36;B37;B38;B39;B40;B42;B43;B45;B46;B47;B48;B49;B51;B52;B53;B54;B55;B56;B57;B58;B59,48.13,6,8,600.76,315.83000000000004,30
R09,test,B51,0.9,46,0.7627118644067796,6,3;7;11;11;9;4,B02;B05;B06;B07;B10;B11;B12;B13;B14;B15;B16;B17;B18;B21;B22;B24;B25;B27;B28;B29;B30;B31;B32;B33;B35;B36;B37;B38;B39;B40;B42;B43;B45;B46;B47;B48;B49;B51;B52;B53;B54;B55;B56;B57;B58;B59,48.13,6,8,600.76,315.83000000000004,30
R09,test,B52,0.3,1,0.0,0,,B52,19.08,2,1,57.730000000000004,9.84,14
R09,test,B52,0.6,1,0.0,0,,B52,19.08,2,1,57.730000000000004,9.84,14
R09,test,B52,0.9,1,0.0,0,,B52,19.08,2,1,57.730000000000004,9.84,14
R09,test,B53,0.3,1,0.0,0,,B53,39.76,1,0,413.68,0.0,0
R09,test,B53,0.6,1,0.0,0,,B53,39.76,1,0,413.68,0.0,0
R09,test,B53,0.9,1,0.0,0,,B53,39.76,1,0,413.68,0.0,0
R09,test,B54,0.3,1,0.0,0,,B54,15.5,1,0,72.62,0.0,0
R09,test,B54,0.6,1,0.0,0,,B54,15.5,1,0,72.62,0.0,0
R09,test,B54,0.9,1,0.0,0,,B54,15.5,1,0,72.62,0.0,0
R09,test,B55,0.3,36,0.5932203389830508,12,5;3;3;7;1;2;1;2;5;1;4;1,B02;B05;B07;B10;B11;B12;B13;B14;B16;B18;B21;B22;B24;B25;B27;B28;B29;B30;B31;B33;B36;B37;B38;B40;B42;B43;B46;B47;B48;B49;B53;B54;B55;B56;B58;B59,53.01,8,10,587.36,504.99,35
R09,test,B55,0.6,46,0.7627118644067796,5,6;12;15;9;3,B02;B05;B06;B07;B10;B11;B12;B13;B14;B15;B16;B17;B18;B21;B22;B24;B25;B27;B28;B29;B30;B31;B32;B33;B35;B36;B37;B38;B39;B40;B42;B43;B45;B46;B47;B48;B49;B51;B52;B53;B54;B55;B56;B57;B58;B59,53.01,8,10,587.36,504.99,35
R09,test,B55,0.9,46,0.7627118644067796,5,6;13;16;8;2,B02;B05;B06;B07;B10;B11;B12;B13;B14;B15;B16;B17;B18;B21;B22;B24;B25;B27;B28;B29;B30;B31;B32;B33;B35;B36;B37;B38;B39;B40;B42;B43;B45;B46;B47;B48;B49;B51;B52;B53;B54;B55;B56;B57;B58;B59,53.01,8,10,587.36,504.99,35
R09,test,B56,0.3,1,0.0,0,,B56,5.36,1,1,50.98,4.17,11
R09,test,B56,0.6,1,0.0,0,,B56,5.36,1,1,50.98,4.17,11
R09,test,B56,0.9,1,0.0,0,,B56,5.36,1,1,50.98,4.17,11
R09,test,B57,0.3,1,0.0,0,,B57,0.76,1,1,8.01,22.11,10
R09,test,B57,0.6,46,0.7627118644067796,7,1;2;7;16;17;1;1,B02;B05;B06;B07;B10;B11;B12;B13;B14;B15;B16;B17;B18;B21;B22;B24;B25;B27;B28;B29;B30;B31;B32;B33;B35;B36;B37;B38;B39;B40;B42;B43;B45;B46;B47;B48;B49;B51;B52;B53;B54;B55;B56;B57;B58;B59,0.76,1,1,8.01,22.11,10
R09,test,B57,0.9,46,0.7627118644067796,6,1;3;10;19;11;1,B02;B05;B06;B07;B10;B11;B12;B13;B14;B15;B16;B17;B18;B21;B22;B24;B25;B27;B28;B29;B30;B31;B32;B33;B35;B36;B37;B38;B39;B40;B42;B43;B45;B46;B47;B48;B49;B51;B52;B53;B54;B55;B56;B57;B58;B59,0.76,1,1,8.01,22.11,10
R09,test,B58,0.3,1,0.0,0,,B58,6.87,2,3,48.04,86.33000000000001,17
R09,test,B58,0.6,1,0.0,0,,B58,6.87,2,3,48.04,86.33000000000001,17
R09,test,B58,0.9,46,0.7627118644067796,7,2;2;2;7;13;11;8,B02;B05;B06;B07;B10;B11;B12;B13;B14;B15;B16;B17;B18;B21;B22;B24;B25;B27;B28;B29;B30;B31;B32;B33;B35;B36;B37;B38;B39;B40;B42;B43;B45;B46;B47;B48;B49;B51;B52;B53;B54;B55;B56;B57;B58;B59,6.87,2,3,48.04,86.33000000000001,17
R09,test,B59,0.3,1,0.0,0,,B59,7.29,2,0,51.879999999999995,0.0,0
R09,test,B59,0.6,1,0.0,0,,B59,7.29,2,0,51.879999999999995,0.0,0
R09,test,B59,0.9,1,0.0,0,,B59,7.29,2,0,51.879999999999995,0.0,0
R09,test,B60,0.3,1,0.0,0,,B60,1.6,0,2,0.0,57.81,21
R09,test,B60,0.6,47,0.7796610169491526,6,1;7;13;14;10;1,B02;B05;B06;B07;B10;B11;B12;B13;B14;B15;B16;B17;B18;B21;B22;B24;B25;B27;B28;B29;B30;B31;B32;B33;B35;B36;B37;B38;B39;B40;B42;B43;B45;B46;B47;B48;B49;B51;B52;B53;B54;B55;B56;B57;B58;B59;B60,1.6,0,2,0.0,57.81,21
R09,test,B60,0.9,47,0.7796610169491526,6,1;9;16;11;8;1,B02;B05;B06;B07;B10;B11;B12;B13;B14;B15;B16;B17;B18;B21;B22;B24;B25;B27;B28;B29;B30;B31;B32;B33;B35;B36;B37;B38;B39;B40;B42;B43;B45;B46;B47;B48;B49;B51;B52;B53;B54;B55;B56;B57;B58;B59;B60,1.6,0,2,0.0,57.81,21
R10,validation,B01,0.3,1,0.0,0,,B01,4.1,3,1,25.53,15.89,14
R10,validation,B01,0.6,1,0.0,0,,B01,4.1,3,1,25.53,15.89,14
R10,validation,B01,0.9,1,0.0,0,,B01,4.1,3,1,25.53,15.89,14
R10,validation,B02,0.3,1,0.0,0,,B02,2.07,0,2,0.0,96.78999999999999,23
R10,validation,B02,0.6,44,0.7288135593220338,7,1;4;1;6;10;17;4,B01;B02;B03;B05;B06;B08;B09;B10;B12;B13;B14;B15;B17;B18;B19;B20;B22;B23;B25;B26;B27;B28;B29;B30;B31;B33;B37;B39;B40;B41;B42;B43;B45;B47;B48;B49;B50;B52;B54;B55;B56;B57;B59;B60,2.07,0,2,0.0,96.78999999999999,23
R10,validation,B02,0.9,46,0.7627118644067796,5,1;8;15;13;8,B01;B02;B03;B05;B06;B08;B09;B10;B12;B13;B14;B15;B16;B17;B18;B19;B20;B21;B22;B23;B25;B26;B27;B28;B29;B30;B31;B33;B37;B39;B40;B41;B42;B43;B45;B47;B48;B49;B50;B52;B54;B55;B56;B57;B59;B60,2.07,0,2,0.0,96.78999999999999,23
R10,validation,B03,0.3,1,0.0,0,,B03,2.92,1,3,34.38,182.95,27
R10,validation,B03,0.6,43,0.711864406779661,7,1;7;9;12;1;5;7,B01;B03;B05;B06;B08;B09;B10;B12;B13;B14;B15;B17;B18;B19;B20;B22;B23;B25;B26;B27;B28;B29;B30;B31;B33;B37;B39;B40;B41;B42;B43;B45;B47;B48;B49;B50;B52;B54;B55;B56;B57;B59;B60,2.92,1,3,34.38,182.95,27
R10,validation,B03,0.9,45,0.7457627118644068,5,1;8;15;15;5,B01;B03;B05;B06;B08;B09;B10;B12;B13;B14;B15;B16;B17;B18;B19;B20;B21;B22;B23;B25;B26;B27;B28;B29;B30;B31;B33;B37;B39;B40;B41;B42;B43;B45;B47;B48;B49;B50;B52;B54;B55;B56;B57;B59;B60,2.92,1,3,34.38,182.95,27
R10,validation,B04,0.3,1,0.0,0,,B04,1.54,0,1,0.0,31.77,12
R10,validation,B04,0.6,1,0.0,0,,B04,1.54,0,1,0.0,31.77,12
R10,validation,B04,0.9,1,0.0,0,,B04,1.54,0,1,0.0,31.77,12
R10,validation,B05,0.3,5,0.06779661016949153,1,4,B05;B17;B19;B52;B60,48.24,16,11,742.99,429.48,44
R10,validation,B05,0.6,43,0.711864406779661,7,6;1;8;5;2;13;7,B01;B03;B05;B06;B08;B09;B10;B12;B13;B14;B15;B17;B18;B19;B20;B22;B23;B25;B26;B27;B28;B29;B30;B31;B33;B37;B39;B40;B41;B42;B43;B45;B47;B48;B49;B50;B52;B54;B55;B56;B57;B59;B60,48.24,16,11,742.99,429.48,44
R10,validation,B05,0.9,45,0.7457627118644068,5,6;2;14;10;12,B01;B03;B05;B06;B08;B09;B10;B12;B13;B14;B15;B16;B17;B18;B19;B20;B21;B22;B23;B25;B26;B27;B28;B29;B30;B31;B33;B37;B39;B40;B41;B42;B43;B45;B47;B48;B49;B50;B52;B54;B55;B56;B57;B59;B60,48.24,16,11,742.99,429.48,44
R10,validation,B06,0.3,1,0.0,0,,B06,6.7,1,1,39.3,111.98,12
R10,validation,B06,0.6,43,0.711864406779661,8,1;6;1;8;5;2;13;6,B01;B03;B05;B06;B08;B09;B10;B12;B13;B14;B15;B17;B18;B19;B20;B22;B23;B25;B26;B27;B28;B29;B30;B31;B33;B37;B39;B40;B41;B42;B43;B45;B47;B48;B49;B50;B52;B54;B55;B56;B57;B59;B60,6.7,1,1,39.3,111.98,12
R10,validation,B06,0.9,45,0.7457627118644068,6,1;6;2;14;10;11,B01;B03;B05;B06;B08;B09;B10;B12;B13;B14;B15;B16;B17;B18;B19;B20;B21;B22;B23;B25;B26;B27;B28;B29;B30;B31;B33;B37;B39;B40;B41;B42;B43;B45;B47;B48;B49;B50;B52;B54;B55;B56;B57;B59;B60,6.7,1,1,39.3,111.98,12
R10,validation,B07,0.3,1,0.0,0,,B07,1.39,0,3,0.0,40.09,26
R10,validation,B07,0.6,1,0.0,0,,B07,1.39,0,3,0.0,40.09,26
R10,validation,B07,0.9,1,0.0,0,,B07,1.39,0,3,0.0,40.09,26
R10,validation,B08,0.3,1,0.0,0,,B08,30.55,1,1,157.94,234.98,10
R10,validation,B08,0.6,1,0.0,0,,B08,30.55,1,1,157.94,234.98,10
R10,validation,B08,0.9,45,0.7457627118644068,5,1;5;9;22;7,B01;B03;B05;B06;B08;B09;B10;B12;B13;B14;B15;B16;B17;B18;B19;B20;B21;B22;B23;B25;B26;B27;B28;B29;B30;B31;B33;B37;B39;B40;B41;B42;B43;B45;B47;B48;B49;B50;B52;B54;B55;B56;B57;B59;B60,30.55,1,1,157.94,234.98,10
R10,validation,B09,0.3,1,0.0,0,,B09,6.78,2,1,57.43,19.33,16
R10,validation,B09,0.6,1,0.0,0,,B09,6.78,2,1,57.43,19.33,16
R10,validation,B09,0.9,1,0.0,0,,B09,6.78,2,1,57.43,19.33,16
R10,validation,B10,0.3,1,0.0,0,,B10,5.84,1,0,22.56,0.0,0
R10,validation,B10,0.6,1,0.0,0,,B10,5.84,1,0,22.56,0.0,0
R10,validation,B10,0.9,1,0.0,0,,B10,5.84,1,0,22.56,0.0,0
R10,validation,B11,0.3,1,0.0,0,,B11,0.9,0,1,0.0,42.56,12
R10,validation,B11,0.6,1,0.0,0,,B11,0.9,0,1,0.0,42.56,12
R10,validation,B11,0.9,1,0.0,0,,B11,0.9,0,1,0.0,42.56,12
R10,validation,B12,0.3,1,0.0,0,,B12,5.8,2,1,36.13,3.74,14
R10,validation,B12,0.6,1,0.0,0,,B12,5.8,2,1,36.13,3.74,14
R10,validation,B12,0.9,1,0.0,0,,B12,5.8,2,1,36.13,3.74,14
R10,validation,B13,0.3,1,0.0,0,,B13,3.24,1,1,15.66,13.0,11
R10,validation,B13,0.6,1,0.0,0,,B13,3.24,1,1,15.66,13.0,11
R10,validation,B13,0.9,1,0.0,0,,B13,3.24,1,1,15.66,13.0,11
R10,validation,B14,0.3,1,0.0,0,,B14,9.75,1,2,48.22,113.45,20
R10,validation,B14,0.6,1,0.0,0,,B14,9.75,1,2,48.22,113.45,20
R10,validation,B14,0.9,45,0.7457627118644068,6,1;10;6;7;12;8,B01;B03;B05;B06;B08;B09;B10;B12;B13;B14;B15;B16;B17;B18;B19;B20;B21;B22;B23;B25;B26;B27;B28;B29;B30;B31;B33;B37;B39;B40;B41;B42;B43;B45;B47;B48;B49;B50;B52;B54;B55;B56;B57;B59;B60,9.75,1,2,48.22,113.45,20
R10,validation,B15,0.3,1,0.0,0,,B15,20.0,1,0,78.65,0.0,0
R10,validation,B15,0.6,1,0.0,0,,B15,20.0,1,0,78.65,0.0,0
R10,validation,B15,0.9,1,0.0,0,,B15,20.0,1,0,78.65,0.0,0
R10,validation,B16,0.3,1,0.0,0,,B16,39.04,2,3,59.9,58.18,25
R10,validation,B16,0.6,1,0.0,0,,B16,39.04,2,3,59.9,58.18,25
R10,validation,B16,0.9,1,0.0,0,,B16,39.04,2,3,59.9,58.18,25
R10,validation,B17,0.3,1,0.0,0,,B17,1.68,1,1,13.31,9.66,11
R10,validation,B17,0.6,1,0.0,0,,B17,1.68,1,1,13.31,9.66,11
R10,validation,B17,0.9,1,0.0,0,,B17,1.68,1,1,13.31,9.66,11
R10,validation,B18,0.3,1,0.0,0,,B18,1.1,1,0,3.68,0.0,0
R10,validation,B18,0.6,1,0.0,0,,B18,1.1,1,0,3.68,0.0,0
R10,validation,B18,0.9,1,0.0,0,,B18,1.1,1,0,3.68,0.0,0
R10,validation,B19,0.3,1,0.0,0,,B19,1.55,1,1,14.03,11.13,15
R10,validation,B19,0.6,1,0.0,0,,B19,1.55,1,1,14.03,11.13,15
R10,validation,B19,0.9,1,0.0,0,,B19,1.55,1,1,14.03,11.13,15
R10,validation,B20,0.3,1,0.0,0,,B20,5.42,1,2,43.0,35.97,20
R10,validation,B20,0.6,1,0.0,0,,B20,5.42,1,2,43.0,35.97,20
R10,validation,B20,0.9,1,0.0,0,,B20,5.42,1,2,43.0,35.97,20
R10,validation,B21,0.3,1,0.0,0,,B21,57.36,1,2,66.76,49.059999999999995,20
R10,validation,B21,0.6,1,0.0,0,,B21,57.36,1,2,66.76,49.059999999999995,20
R10,validation,B21,0.9,1,0.0,0,,B21,57.36,1,2,66.76,49.059999999999995,20
R10,validation,B22,0.3,7,0.1016949152542373,2,1;5,B12;B22;B23;B25;B40;B45;B59,33.83,1,1,82.85,160.95,14
R10,validation,B22,0.6,43,0.711864406779661,8,1;7;1;5;1;5;10;12,B01;B03;B05;B06;B08;B09;B10;B12;B13;B14;B15;B17;B18;B19;B20;B22;B23;B25;B26;B27;B28;B29;B30;B31;B33;B37;B39;B40;B41;B42;B43;B45;B47;B48;B49;B50;B52;B54;B55;B56;B57;B59;B60,33.83,1,1,82.85,160.95,14
R10,validation,B22,0.9,45,0.7457627118644068,6,1;9;6;7;13;8,B01;B03;B05;B06;B08;B09;B10;B12;B13;B14;B15;B16;B17;B18;B19;B20;B21;B22;B23;B25;B26;B27;B28;B29;B30;B31;B33;B37;B39;B40;B41;B42;B43;B45;B47;B48;B49;B50;B52;B54;B55;B56;B57;B59;B60,33.83,1,1,82.85,160.95,14
R10,validation,B23,0.3,1,0.0,0,,B23,16.56,1,0,69.34,0.0,0
R10,validation,B23,0.6,1,0.0,0,,B23,16.56,1,0,69.34,0.0,0
R10,validation,B23,0.9,1,0.0,0,,B23,16.56,1,0,69.34,0.0,0
R10,validation,B24,0.3,1,0.0,0,,B24,1.89,0,1,0.0,12.14,11
R10,validation,B24,0.6,1,0.0,0,,B24,1.89,0,1,0.0,12.14,11
R10,validation,B24,0.9,1,0.0,0,,B24,1.89,0,1,0.0,12.14,11
R10,validation,B25,0.3,6,0.0847457627118644,1,5,B12;B23;B25;B40;B45;B59,31.75,17,14,752.7299999999999,472.2000000000001,38
R10,validation,B25,0.6,43,0.711864406779661,7,8;1;5;1;5;10;12,B01;B03;B05;B06;B08;B09;B10;B12;B13;B14;B15;B17;B18;B19;B20;B22;B23;B25;B26;B27;B28;B29;B30;B31;B33;B37;B39;B40;B41;B42;B43;B45;B47;B48;B49;B50;B52;B54;B55;B56;B57;B59;B60,31.75,17,14,752.7299999999999,472.2000000000001,38
R10,validation,B25,0.9,45,0.7457627118644068,5,10;6;7;13;8,B01;B03;B05;B06;B08;B09;B10;B12;B13;B14;B15;B16;B17;B18;B19;B20;B21;B22;B23;B25;B26;B27;B28;B29;B30;B31;B33;B37;B39;B40;B41;B42;B43;B45;B47;B48;B49;B50;B52;B54;B55;B56;B57;B59;B60,31.75,17,14,752.7299999999999,472.2000000000001,38
R10,validation,B26,0.3,30,0.4915254237288136,6,1;4;1;9;5;9,B01;B05;B06;B08;B09;B12;B13;B14;B15;B17;B19;B23;B25;B26;B28;B30;B31;B37;B39;B40;B41;B43;B45;B47;B48;B52;B55;B57;B59;B60,5.13,1,2,19.6,829.35,20
R10,validation,B26,0.6,43,0.711864406779661,5,1;6;5;18;12,B01;B03;B05;B06;B08;B09;B10;B12;B13;B14;B15;B17;B18;B19;B20;B22;B23;B25;B26;B27;B28;B29;B30;B31;B33;B37;B39;B40;B41;B42;B43;B45;B47;B48;B49;B50;B52;B54;B55;B56;B57;B59;B60,5.13,1,2,19.6,829.35,20
R10,validation,B26,0.9,45,0.7457627118644068,4,1;7;16;20,B01;B03;B05;B06;B08;B09;B10;B12;B13;B14;B15;B16;B17;B18;B19;B20;B21;B22;B23;B25;B26;B27;B28;B29;B30;B31;B33;B37;B39;B40;B41;B42;B43;B45;B47;B48;B49;B50;B52;B54;B55;B56;B57;B59;B60,5.13,1,2,19.6,829.35,20
R10,validation,B27,0.3,1,0.0,0,,B27,35.62,2,0,84.61,0.0,0
R10,validation,B27,0.6,1,0.0,0,,B27,35.62,2,0,84.61,0.0,0
R10,validation,B27,0.9,1,0.0,0,,B27,35.62,2,0,84.61,0.0,0
R10,validation,B28,0.3,1,0.0,0,,B28,5.39,1,1,19.47,7.82,15
R10,validation,B28,0.6,1,0.0,0,,B28,5.39,1,1,19.47,7.82,15
R10,validation,B28,0.9,1,0.0,0,,B28,5.39,1,1,19.47,7.82,15
R10,validation,B29,0.3,1,0.0,0,,B29,4.09,1,2,29.26,145.82999999999998,20
R10,validation,B29,0.6,43,0.711864406779661,8,1;6;1;8;5;2;12;7,B01;B03;B05;B06;B08;B09;B10;B12;B13;B14;B15;B17;B18;B19;B20;B22;B23;B25;B26;B27;B28;B29;B30;B31;B33;B37;B39;B40;B41;B42;B43;B45;B47;B48;B49;B50;B52;B54;B55;B56;B57;B59;B60,4.09,1,2,29.26,145.82999999999998,20
R10,validation,B29,0.9,45,0.7457627118644068,6,1;6;2;14;9;12,B01;B03;B05;B06;B08;B09;B10;B12;B13;B14;B15;B16;B17;B18;B19;B20;B21;B22;B23;B25;B26;B27;B28;B29;B30;B31;B33;B37;B39;B40;B41;B42;B43;B45;B47;B48;B49;B50;B52;B54;B55;B56;B57;B59;B60,4.09,1,2,29.26,145.82999999999998,20
R10,validation,B30,0.3,1,0.0,0,,B30,0.8,1,0,7.41,0.0,0
R10,validation,B30,0.6,1,0.0,0,,B30,0.8,1,0,7.41,0.0,0
R10,validation,B30,0.9,1,0.0,0,,B30,0.8,1,0,7.41,0.0,0
R10,validation,B31,0.3,1,0.0,0,,B31,0.85,1,0,5.6,0.0,0
R10,validation,B31,0.6,1,0.0,0,,B31,0.85,1,0,5.6,0.0,0
R10,validation,B31,0.9,1,0.0,0,,B31,0.85,1,0,5.6,0.0,0
R10,validation,B32,0.3,1,0.0,0,,B32,2.39,0,1,0.0,103.7,11
R10,validation,B32,0.6,1,0.0,0,,B32,2.39,0,1,0.0,103.7,11
R10,validation,B32,0.9,1,0.0,0,,B32,2.39,0,1,0.0,103.7,11
R10,validation,B33,0.3,1,0.0,0,,B33,6.48,2,0,37.6,0.0,0
R10,validation,B33,0.6,1,0.0,0,,B33,6.48,2,0,37.6,0.0,0
R10,validation,B33,0.9,1,0.0,0,,B33,6.48,2,0,37.6,0.0,0
R10,validation,B34,0.3,1,0.0,0,,B34,3.49,0,2,0.0,67.4,27
R10,validation,B34,0.6,44,0.7288135593220338,8,1;8;1;5;1;5;10;12,B01;B03;B05;B06;B08;B09;B10;B12;B13;B14;B15;B17;B18;B19;B20;B22;B23;B25;B26;B27;B28;B29;B30;B31;B33;B34;B37;B39;B40;B41;B42;B43;B45;B47;B48;B49;B50;B52;B54;B55;B56;B57;B59;B60,3.49,0,2,0.0,67.4,27
R10,validation,B34,0.9,46,0.7627118644067796,6,1;10;6;7;13;8,B01;B03;B05;B06;B08;B09;B10;B12;B13;B14;B15;B16;B17;B18;B19;B20;B21;B22;B23;B25;B26;B27;B28;B29;B30;B31;B33;B34;B37;B39;B40;B41;B42;B43;B45;B47;B48;B49;B50;B52;B54;B55;B56;B57;B59;B60,3.49,0,2,0.0,67.4,27
R10,validation,B35,0.3,1,0.0,0,,B35,2.35,0,1,0.0,7.52,12
R10,validation,B35,0.6,1,0.0,0,,B35,2.35,0,1,0.0,7.52,12
R10,validation,B35,0.9,1,0.0,0,,B35,2.35,0,1,0.0,7.52,12
R10,validation,B36,0.3,1,0.0,0,,B36,1.6,0,3,0.0,151.69,28
R10,validation,B36,0.6,44,0.7288135593220338,6,1;7;5;10;13;7,B01;B03;B05;B06;B08;B09;B10;B12;B13;B14;B15;B17;B18;B19;B20;B22;B23;B25;B26;B27;B28;B29;B30;B31;B33;B36;B37;B39;B40;B41;B42;B43;B45;B47;B48;B49;B50;B52;B54;B55;B56;B57;B59;B60,1.6,0,3,0.0,151.69,28
R10,validation,B36,0.9,46,0.7627118644067796,5,1;8;16;15;5,B01;B03;B05;B06;B08;B09;B10;B12;B13;B14;B15;B16;B17;B18;B19;B20;B21;B22;B23;B25;B26;B27;B28;B29;B30;B31;B33;B36;B37;B39;B40;B41;B42;B43;B45;B47;B48;B49;B50;B52;B54;B55;B56;B57;B59;B60,1.6,0,3,0.0,151.69,28
R10,validation,B37,0.3,1,0.0,0,,B37,10.39,1,1,54.83,50.97,16
R10,validation,B37,0.6,1,0.0,0,,B37,10.39,1,1,54.83,50.97,16
R10,validation,B37,0.9,1,0.0,0,,B37,10.39,1,1,54.83,50.97,16
R10,validation,B38,0.3,1,0.0,0,,B38,3.35,0,1,0.0,14.48,11
R10,validation,B38,0.6,1,0.0,0,,B38,3.35,0,1,0.0,14.48,11
R10,validation,B38,0.9,1,0.0,0,,B38,3.35,0,1,0.0,14.48,11
R10,validation,B39,0.3,10,0.15254237288135594,2,1;8,B06;B09;B28;B31;B37;B39;B43;B48;B57;B60,4.31,1,2,19.78,633.5500000000001,20
R10,validation,B39,0.6,43,0.711864406779661,6,1;8;2;10;10;11,B01;B03;B05;B06;B08;B09;B10;B12;B13;B14;B15;B17;B18;B19;B20;B22;B23;B25;B26;B27;B28;B29;B30;B31;B33;B37;B39;B40;B41;B42;B43;B45;B47;B48;B49;B50;B52;B54;B55;B56;B57;B59;B60,4.31,1,2,19.78,633.5500000000001,20
R10,validation,B39,0.9,45,0.7457627118644068,5,1;10;8;14;11,B01;B03;B05;B06;B08;B09;B10;B12;B13;B14;B15;B16;B17;B18;B19;B20;B21;B22;B23;B25;B26;B27;B28;B29;B30;B31;B33;B37;B39;B40;B41;B42;B43;B45;B47;B48;B49;B50;B52;B54;B55;B56;B57;B59;B60,4.31,1,2,19.78,633.5500000000001,20
R10,validation,B40,0.3,1,0.0,0,,B40,1.62,1,0,9.1,0.0,0
R10,validation,B40,0.6,1,0.0,0,,B40,1.62,1,0,9.1,0.0,0
R10,validation,B40,0.9,1,0.0,0,,B40,1.62,1,0,9.1,0.0,0
R10,validation,B41,0.3,30,0.4915254237288136,5,4;1;9;6;9,B01;B05;B06;B08;B09;B12;B13;B14;B15;B17;B19;B23;B25;B26;B28;B30;B31;B37;B39;B40;B41;B43;B45;B47;B48;B52;B55;B57;B59;B60,160.83,14,10,1407.42,620.0500000000001,40
R10,validation,B41,0.6,43,0.711864406779661,4,6;6;18;12,B01;B03;B05;B06;B08;B09;B10;B12;B13;B14;B15;B17;B18;B19;B20;B22;B23;B25;B26;B27;B28;B29;B30;B31;B33;B37;B39;B40;B41;B42;B43;B45;B47;B48;B49;B50;B52;B54;B55;B56;B57;B59;B60,160.83,14,10,1407.42,620.0500000000001,40
R10,validation,B41,0.9,45,0.7457627118644068,4,6;9;22;7,B01;B03;B05;B06;B08;B09;B10;B12;B13;B14;B15;B16;B17;B18;B19;B20;B21;B22;B23;B25;B26;B27;B28;B29;B30;B31;B33;B37;B39;B40;B41;B42;B43;B45;B47;B48;B49;B50;B52;B54;B55;B56;B57;B59;B60,160.83,14,10,1407.42,620.0500000000001,40
R10,validation,B42,0.3,13,0.2033898305084746,3,7;1;4,B03;B05;B10;B17;B18;B19;B20;B29;B33;B42;B52;B54;B60,63.4,14,14,417.0400000000001,391.31999999999994,44
R10,validation,B42,0.6,43,0.711864406779661,6,8;3;18;1;5;7,B01;B03;B05;B06;B08;B09;B10;B12;B13;B14;B15;B17;B18;B19;B20;B22;B23;B25;B26;B27;B28;B29;B30;B31;B33;B37;B39;B40;B41;B42;B43;B45;B47;B48;B49;B50;B52;B54;B55;B56;B57;B59;B60,63.4,14,14,417.0400000000001,391.31999999999994,44
R10,validation,B42,0.9,45,0.7457627118644068,5,8;3;19;2;12,B01;B03;B05;B06;B08;B09;B10;B12;B13;B14;B15;B16;B17;B18;B19;B20;B21;B22;B23;B25;B26;B27;B28;B29;B30;B31;B33;B37;B39;B40;B41;B42;B43;B45;B47;B48;B49;B50;B52;B54;B55;B56;B57;B59;B60,63.4,14,14,417.0400000000001,391.31999999999994,44
R10,validation,B43,0.3,1,0.0,0,,B43,22.25,1,0,88.79,0.0,0
R10,validation,B43,0.6,1,0.0,0,,B43,22.25,1,0,88.79,0.0,0
R10,validation,B43,0.9,1,0.0,0,,B43,22.25,1,0,88.79,0.0,0
R10,validation,B44,0.3,1,0.0,0,,B44,3.16,0,1,0.0,8.87,15
R10,validation,B44,0.6,1,0.0,0,,B44,3.16,0,1,0.0,8.87,15
R10,validation,B44,0.9,1,0.0,0,,B44,3.16,0,1,0.0,8.87,15
R10,validation,B45,0.3,6,0.0847457627118644,2,1;4,B12;B23;B25;B40;B45;B59,5.14,1,1,26.69,194.53,14
R10,validation,B45,0.6,43,0.711864406779661,8,1;7;1;5;1;5;10;12,B01;B03;B05;B06;B08;B09;B10;B12;B13;B14;B15;B17;B18;B19;B20;B22;B23;B25;B26;B27;B28;B29;B30;B31;B33;B37;B39;B40;B41;B42;B43;B45;B47;B48;B49;B50;B52;B54;B55;B56;B57;B59;B60,5.14,1,1,26.69,194.53,14
R10,validation,B45,0.9,45,0.7457627118644068,6,1;9;6;7;13;8,B01;B03;B05;B06;B08;B09;B10;B12;B13;B14;B15;B16;B17;B18;B19;B20;B21;B22;B23;B25;B26;B27;B28;B29;B30;B31;B33;B37;B39;B40;B41;B42;B43;B45;B47;B48;B49;B50;B52;B54;B55;B56;B57;B59;B60,5.14,1,1,26.69,194.53,14
R10,validation,B46,0.3,1,0.0,0,,B46,2.09,0,0,0.0,0.0,0
R10,validation,B46,0.6,1,0.0,0,,B46,2.09,0,0,0.0,0.0,0
R10,validation,B46,0.9,1,0.0,0,,B46,2.09,0,0,0.0,0.0,0
R10,validation,B47,0.3,1,0.0,0,,B47,15.24,2,0,83.36,0.0,0
R10,validation,B47,0.6,1,0.0,0,,B47,15.24,2,0,83.36,0.0,0
R10,validation,B47,0.9,1,0.0,0,,B47,15.24,2,0,83.36,0.0,0
R10,validation,B48,0.3,9,0.13559322033898305,1,8,B06;B09;B28;B31;B37;B43;B48;B57;B60,114.76,11,16,953.11,518.32,44
R10,validation,B48,0.6,43,0.711864406779661,5,8;2;10;10;12,B01;B03;B05;B06;B08;B09;B10;B12;B13;B14;B15;B17;B18;B19;B20;B22;B23;B25;B26;B27;B28;B29;B30;B31;B33;B37;B39;B40;B41;B42;B43;B45;B47;B48;B49;B50;B52;B54;B55;B56;B57;B59;B60,114.76,11,16,953.11,518.32,44
R10,validation,B48,0.9,45,0.7457627118644068,4,10;8;14;12,B01;B03;B05;B06;B08;B09;B10;B12;B13;B14;B15;B16;B17;B18;B19;B20;B21;B22;B23;B25;B26;B27;B28;B29;B30;B31;B33;B37;B39;B40;B41;B42;B43;B45;B47;B48;B49;B50;B52;B54;B55;B56;B57;B59;B60,114.76,11,16,953.11,518.32,44
R10,validation,B49,0.3,1,0.0,0,,B49,71.35,1,2,185.02,58.75,20
R10,validation,B49,0.6,43,0.711864406779661,8,1;8;1;6;5;5;9;7,B01;B03;B05;B06;B08;B09;B10;B12;B13;B14;B15;B17;B18;B19;B20;B22;B23;B25;B26;B27;B28;B29;B30;B31;B33;B37;B39;B40;B41;B42;B43;B45;B47;B48;B49;B50;B52;B54;B55;B56;B57;B59;B60,71.35,1,2,185.02,58.75,20
R10,validation,B49,0.9,45,0.7457627118644068,6,1;10;6;6;13;8,B01;B03;B05;B06;B08;B09;B10;B12;B13;B14;B15;B16;B17;B18;B19;B20;B21;B22;B23;B25;B26;B27;B28;B29;B30;B31;B33;B37;B39;B40;B41;B42;B43;B45;B47;B48;B49;B50;B52;B54;B55;B56;B57;B59;B60,71.35,1,2,185.02,58.75,20
R10,validation,B50,0.3,1,0.0,0,,B50,4.26,1,2,14.14,69.75,23
R10,validation,B50,0.6,43,0.711864406779661,8,1;8;1;5;1;5;9;12,B01;B03;B05;B06;B08;B09;B10;B12;B13;B14;B15;B17;B18;B19;B20;B22;B23;B25;B26;B27;B28;B29;B30;B31;B33;B37;B39;B40;B41;B42;B43;B45;B47;B48;B49;B50;B52;B54;B55;B56;B57;B59;B60,4.26,1,2,14.14,69.75,23
R10,validation,B50,0.9,45,0.7457627118644068,6,1;10;6;7;12;8,B01;B03;B05;B06;B08;B09;B10;B12;B13;B14;B15;B16;B17;B18;B19;B20;B21;B22;B23;B25;B26;B27;B28;B29;B30;B31;B33;B37;B39;B40;B41;B42;B43;B45;B47;B48;B49;B50;B52;B54;B55;B56;B57;B59;B60,4.26,1,2,14.14,69.75,23
R10,validation,B51,0.3,1,0.0,0,,B51,3.58,0,0,0.0,0.0,0
R10,validation,B51,0.6,1,0.0,0,,B51,3.58,0,0,0.0,0.0,0
R10,validation,B51,0.9,1,0.0,0,,B51,3.58,0,0,0.0,0.0,0
R10,validation,B52,0.3,1,0.0,0,,B52,5.2,1,0,24.24,0.0,0
R10,validation,B52,0.6,1,0.0,0,,B52,5.2,1,0,24.24,0.0,0
R10,validation,B52,0.9,1,0.0,0,,B52,5.2,1,0,24.24,0.0,0
R10,validation,B53,0.3,1,0.0,0,,B53,1.45,0,1,0.0,3.67,15
R10,validation,B53,0.6,1,0.0,0,,B53,1.45,0,1,0.0,3.67,15
R10,validation,B53,0.9,1,0.0,0,,B53,1.45,0,1,0.0,3.67,15
R10,validation,B54,0.3,1,0.0,0,,B54,3.24,1,1,24.65,73.15,14
R10,validation,B54,0.6,1,0.0,0,,B54,3.24,1,1,24.65,73.15,14
R10,validation,B54,0.9,45,0.7457627118644068,6,1;7;3;19;2;12,B01;B03;B05;B06;B08;B09;B10;B12;B13;B14;B15;B16;B17;B18;B19;B20;B21;B22;B23;B25;B26;B27;B28;B29;B30;B31;B33;B37;B39;B40;B41;B42;B43;B45;B47;B48;B49;B50;B52;B54;B55;B56;B57;B59;B60,3.24,1,1,24.65,73.15,14
R10,validation,B55,0.3,30,0.4915254237288136,7,4;1;4;2;13;1;4,B01;B05;B06;B08;B09;B12;B13;B14;B15;B17;B19;B23;B25;B26;B28;B30;B31;B37;B39;B40;B41;B43;B45;B47;B48;B52;B55;B57;B59;B60,23.83,13,11,442.01,319.7900000000001,37
R10,validation,B55,0.6,43,0.711864406779661,6,4;1;6;10;17;4,B01;B03;B05;B06;B08;B09;B10;B12;B13;B14;B15;B17;B18;B19;B20;B22;B23;B25;B26;B27;B28;B29;B30;B31;B33;B37;B39;B40;B41;B42;B43;B45;B47;B48;B49;B50;B52;B54;B55;B56;B57;B59;B60,23.83,13,11,442.01,319.7900000000001,37
R10,validation,B55,0.9,45,0.7457627118644068,4,8;15;13;8,B01;B03;B05;B06;B08;B09;B10;B12;B13;B14;B15;B16;B17;B18;B19;B20;B21;B22;B23;B25;B26;B27;B28;B29;B30;B31;B33;B37;B39;B40;B41;B42;B43;B45;B47;B48;B49;B50;B52;B54;B55;B56;B57;B59;B60,23.83,13,11,442.01,319.7900000000001,37
R10,validation,B56,0.3,1,0.0,0,,B56,65.43,2,0,151.7,0.0,0
R10,validation,B56,0.6,1,0.0,0,,B56,65.43,2,0,151.7,0.0,0
R10,validation,B56,0.9,1,0.0,0,,B56,65.43,2,0,151.7,0.0,0
R10,validation,B57,0.3,1,0.0,0,,B57,2.06,1,1,9.55,6.27,15
R10,validation,B57,0.6,1,0.0,0,,B57,2.06,1,1,9.55,6.27,15
R10,validation,B57,0.9,1,0.0,0,,B57,2.06,1,1,9.55,6.27,15
R10,validation,B58,0.3,31,0.5084745762711864,8,1;4;1;4;2;13;1;4,B01;B05;B06;B08;B09;B12;B13;B14;B15;B17;B19;B23;B25;B26;B28;B30;B31;B37;B39;B40;B41;B43;B45;B47;B48;B52;B55;B57;B58;B59;B60,1.45,0,1,0.0,91.35,12
R10,validation,B58,0.6,44,0.7288135593220338,7,1;4;1;6;10;17;4,B01;B03;B05;B06;B08;B09;B10;B12;B13;B14;B15;B17;B18;B19;B20;B22;B23;B25;B26;B27;B28;B29;B30;B31;B33;B37;B39;B40;B41;B42;B43;B45;B47;B48;B49;B50;B52;B54;B55;B56;B57;B58;B59;B60,1.45,0,1,0.0,91.35,12
R10,validation,B58,0.9,46,0.7627118644067796,5,1;8;15;13;8,B01;B03;B05;B06;B08;B09;B10;B12;B13;B14;B15;B16;B17;B18;B19;B20;B21;B22;B23;B25;B26;B27;B28;B29;B30;B31;B33;B37;B39;B40;B41;B42;B43;B45;B47;B48;B49;B50;B52;B54;B55;B56;B57;B58;B59;B60,1.45,0,1,0.0,91.35,12
R10,validation,B59,0.3,1,0.0,0,,B59,3.08,1,1,18.43,24.47,12
R10,validation,B59,0.6,1,0.0,0,,B59,3.08,1,1,18.43,24.47,12
R10,validation,B59,0.9,1,0.0,0,,B59,3.08,1,1,18.43,24.47,12
R10,validation,B60,0.3,1,0.0,0,,B60,6.29,2,2,59.870000000000005,19.77,22
R10,validation,B60,0.6,1,0.0,0,,B60,6.29,2,2,59.870000000000005,19.77,22
R10,validation,B60,0.9,1,0.0,0,,B60,6.29,2,2,59.870000000000005,19.77,22
R11,apprentissage,B01,0.3,48,0.7966101694915254,6,1;3;10;8;14;11,B01;B02;B04;B05;B08;B11;B13;B14;B16;B17;B18;B19;B20;B21;B22;B23;B24;B25;B26;B27;B28;B29;B30;B31;B32;B33;B34;B35;B37;B38;B39;B40;B41;B42;B43;B44;B45;B46;B47;B50;B51;B53;B54;B55;B56;B57;B58;B59,2.88,1,1,11.78,81.91,9
R11,apprentissage,B01,0.6,51,0.847457627118644,5,1;4;15;16;14,B01;B02;B03;B04;B05;B08;B10;B11;B13;B14;B16;B17;B18;B19;B20;B21;B22;B23;B24;B25;B26;B27;B28;B29;B30;B31;B32;B33;B34;B35;B37;B38;B39;B40;B41;B42;B43;B44;B45;B46;B47;B48;B50;B51;B53;B54;B55;B56;B57;B58;B59,2.88,1,1,11.78,81.91,9
R11,apprentissage,B01,0.9,51,0.847457627118644,5,1;5;21;19;4,B01;B02;B03;B04;B05;B08;B10;B11;B13;B14;B16;B17;B18;B19;B20;B21;B22;B23;B24;B25;B26;B27;B28;B29;B30;B31;B32;B33;B34;B35;B37;B38;B39;B40;B41;B42;B43;B44;B45;B46;B47;B48;B50;B51;B53;B54;B55;B56;B57;B58;B59,2.88,1,1,11.78,81.91,9
R11,apprentissage,B02,0.3,5,0.06779661016949153,1,4,B02;B04;B32;B44;B58,7.71,8,11,146.14999999999998,278.76,35
R11,apprentissage,B02,0.6,51,0.847457627118644,5,6;7;12;15;10,B01;B02;B03;B04;B05;B08;B10;B11;B13;B14;B16;B17;B18;B19;B20;B21;B22;B23;B24;B25;B26;B27;B28;B29;B30;B31;B32;B33;B34;B35;B37;B38;B39;B40;B41;B42;B43;B44;B45;B46;B47;B48;B50;B51;B53;B54;B55;B56;B57;B58;B59,7.71,8,11,146.14999999999998,278.76,35
R11,apprentissage,B02,0.9,51,0.847457627118644,4,7;14;13;16,B01;B02;B03;B04;B05;B08;B10;B11;B13;B14;B16;B17;B18;B19;B20;B21;B22;B23;B24;B25;B26;B27;B28;B29;B30;B31;B32;B33;B34;B35;B37;B38;B39;B40;B41;B42;B43;B44;B45;B46;B47;B48;B50;B51;B53;B54;B55;B56;B57;B58;B59,7.71,8,11,146.14999999999998,278.76,35
R11,apprentissage,B03,0.3,1,0.0,0,,B03,11.04,1,0,35.42,0.0,0
R11,apprentissage,B03,0.6,1,0.0,0,,B03,11.04,1,0,35.42,0.0,0
R11,apprentissage,B03,0.9,1,0.0,0,,B03,11.04,1,0,35.42,0.0,0
R11,apprentissage,B04,0.3,1,0.0,0,,B04,12.62,1,1,42.8,14.1,11
R11,apprentissage,B04,0.6,51,0.847457627118644,6,1;5;7;12;15;10,B01;B02;B03;B04;B05;B08;B10;B11;B13;B14;B16;B17;B18;B19;B20;B21;B22;B23;B24;B25;B26;B27;B28;B29;B30;B31;B32;B33;B34;B35;B37;B38;B39;B40;B41;B42;B43;B44;B45;B46;B47;B48;B50;B51;B53;B54;B55;B56;B57;B58;B59,12.62,1,1,42.8,14.1,11
R11,apprentissage,B04,0.9,51,0.847457627118644,5,1;6;14;13;16,B01;B02;B03;B04;B05;B08;B10;B11;B13;B14;B16;B17;B18;B19;B20;B21;B22;B23;B24;B25;B26;B27;B28;B29;B30;B31;B32;B33;B34;B35;B37;B38;B39;B40;B41;B42;B43;B44;B45;B46;B47;B48;B50;B51;B53;B54;B55;B56;B57;B58;B59,12.62,1,1,42.8,14.1,11
R11,apprentissage,B05,0.3,1,0.0,0,,B05,19.8,3,1,77.17,84.84,14
R11,apprentissage,B05,0.6,51,0.847457627118644,5,1;6;13;21;9,B01;B02;B03;B04;B05;B08;B10;B11;B13;B14;B16;B17;B18;B19;B20;B21;B22;B23;B24;B25;B26;B27;B28;B29;B30;B31;B32;B33;B34;B35;B37;B38;B39;B40;B41;B42;B43;B44;B45;B46;B47;B48;B50;B51;B53;B54;B55;B56;B57;B58;B59,19.8,3,1,77.17,84.84,14
R11,apprentissage,B05,0.9,51,0.847457627118644,5,1;6;15;23;5,B01;B02;B03;B04;B05;B08;B10;B11;B13;B14;B16;B17;B18;B19;B20;B21;B22;B23;B24;B25;B26;B27;B28;B29;B30;B31;B32;B33;B34;B35;B37;B38;B39;B40;B41;B42;B43;B44;B45;B46;B47;B48;B50;B51;B53;B54;B55;B56;B57;B58;B59,19.8,3,1,77.17,84.84,14
R11,apprentissage,B06,0.3,1,0.0,0,,B06,1.37,0,0,0.0,0.0,0
R11,apprentissage,B06,0.6,1,0.0,0,,B06,1.37,0,0,0.0,0.0,0
R11,apprentissage,B06,0.9,1,0.0,0,,B06,1.37,0,0,0.0,0.0,0
R11,apprentissage,B07,0.3,1,0.0,0,,B07,1.05,0,1,0.0,13.49,11
R11,apprentissage,B07,0.6,1,0.0,0,,B07,1.05,0,1,0.0,13.49,11
R11,apprentissage,B07,0.9,1,0.0,0,,B07,1.05,0,1,0.0,13.49,11
R11,apprentissage,B08,0.3,48,0.7966101694915254,6,2;6;13;9;13;4,B01;B02;B04;B05;B08;B11;B13;B14;B16;B17;B18;B19;B20;B21;B22;B23;B24;B25;B26;B27;B28;B29;B30;B31;B32;B33;B34;B35;B37;B38;B39;B40;B41;B42;B43;B44;B45;B46;B47;B50;B51;B53;B54;B55;B56;B57;B58;B59,2.61,2,2,41.620000000000005,179.81,14
R11,apprentissage,B08,0.6,51,0.847457627118644,5,2;9;21;12;6,B01;B02;B03;B04;B05;B08;B10;B11;B13;B14;B16;B17;B18;B19;B20;B21;B22;B23;B24;B25;B26;B27;B28;B29;B30;B31;B32;B33;B34;B35;B37;B38;B39;B40;B41;B42;B43;B44;B45;B46;B47;B48;B50;B51;B53;B54;B55;B56;B57;B58;B59,2.61,2,2,41.620000000000005,179.81,14
R11,apprentissage,B08,0.9,51,0.847457627118644,4,2;10;25;13,B01;B02;B03;B04;B05;B08;B10;B11;B13;B14;B16;B17;B18;B19;B20;B21;B22;B23;B24;B25;B26;B27;B28;B29;B30;B31;B32;B33;B34;B35;B37;B38;B39;B40;B41;B42;B43;B44;B45;B46;B47;B48;B50;B51;B53;B54;B55;B56;B57;B58;B59,2.61,2,2,41.620000000000005,179.81,14
R11,apprentissage,B09,0.3,1,0.0,0,,B09,1.66,0,1,0.0,57.08,15
R11,apprentissage,B09,0.6,1,0.0,0,,B09,1.66,0,1,0.0,57.08,15
R11,apprentissage,B09,0.9,52,0.864406779661017,5,1;6;15;24;5,B01;B02;B03;B04;B05;B08;B09;B10;B11;B13;B14;B16;B17;B18;B19;B20;B21;B22;B23;B24;B25;B26;B27;B28;B29;B30;B31;B32;B33;B34;B35;B37;B38;B39;B40;B41;B42;B43;B44;B45;B46;B47;B48;B50;B51;B53;B54;B55;B56;B57;B58;B59,1.66,0,1,0.0,57.08,15
R11,apprentissage,B10,0.3,1,0.0,0,,B10,16.05,1,1,40.4,12.32,8
R11,apprentissage,B10,0.6,1,0.0,0,,B10,16.05,1,1,40.4,12.32,8
R11,apprentissage,B10,0.9,1,0.0,0,,B10,16.05,1,1,40.4,12.32,8
R11,apprentissage,B11,0.3,1,0.0,0,,B11,0.8,1,0,3.86,0.0,0
R11,apprentissage,B11,0.6,1,0.0,0,,B11,0.8,1,0,3.86,0.0,0
R11,apprentissage,B11,0.9,1,0.0,0,,B11,0.8,1,0,3.86,0.0,0
R11,apprentissage,B12,0.3,1,0.0,0,,B12,1.62,0,1,0.0,35.21,11
R11,apprentissage,B12,0.6,52,0.864406779661017,5,1;8;19;21;2,B01;B02;B03;B04;B05;B08;B10;B11;B12;B13;B14;B16;B17;B18;B19;B20;B21;B22;B23;B24;B25;B26;B27;B28;B29;B30;B31;B32;B33;B34;B35;B37;B38;B39;B40;B41;B42;B43;B44;B45;B46;B47;B48;B50;B51;B53;B54;B55;B56;B57;B58;B59,1.62,0,1,0.0,35.21,11
R11,apprentissage,B12,0.9,52,0.864406779661017,4,1;9;22;19,B01;B02;B03;B04;B05;B08;B10;B11;B12;B13;B14;B16;B17;B18;B19;B20;B21;B22;B23;B24;B25;B26;B27;B28;B29;B30;B31;B32;B33;B34;B35;B37;B38;B39;B40;B41;B42;B43;B44;B45;B46;B47;B48;B50;B51;B53;B54;B55;B56;B57;B58;B59,1.62,0,1,0.0,35.21,11
R11,apprentissage,B13,0.3,1,0.0,0,,B13,26.33,1,0,105.4,0.0,0
R11,apprentissage,B13,0.6,1,0.0,0,,B13,26.33,1,0,105.4,0.0,0
R11,apprentissage,B13,0.9,1,0.0,0,,B13,26.33,1,0,105.4,0.0,0
R11,apprentissage,B14,0.3,48,0.7966101694915254,8,1;4;1;3;12;11;14;1,B01;B02;B04;B05;B08;B11;B13;B14;B16;B17;B18;B19;B20;B21;B22;B23;B24;B25;B26;B27;B28;B29;B30;B31;B32;B33;B34;B35;B37;B38;B39;B40;B41;B42;B43;B44;B45;B46;B47;B50;B51;B53;B54;B55;B56;B57;B58;B59,0.91,1,1,4.77,195.02,10
R11,apprentissage,B14,0.6,51,0.847457627118644,5,1;7;12;23;7,B01;B02;B03;B04;B05;B08;B10;B11;B13;B14;B16;B17;B18;B19;B20;B21;B22;B23;B24;B25;B26;B27;B28;B29;B30;B31;B32;B33;B34;B35;B37;B38;B39;B40;B41;B42;B43;B44;B45;B46;B47;B48;B50;B51;B53;B54;B55;B56;B57;B58;B59,0.91,1,1,4.77,195.02,10
R11,apprentissage,B14,0.9,51,0.847457627118644,4,1;8;17;24,B01;B02;B03;B04;B05;B08;B10;B11;B13;B14;B16;B17;B18;B19;B20;B21;B22;B23;B24;B25;B26;B27;B28;B29;B30;B31;B32;B33;B34;B35;B37;B38;B39;B40;B41;B42;B43;B44;B45;B46;B47;B48;B50;B51;B53;B54;B55;B56;B57;B58;B59,0.91,1,1,4.77,195.02,10
R11,apprentissage,B15,0.3,1,0.0,0,,B15,0.6,0,0,0.0,0.0,0
R11,apprentissage,B15,0.6,1,0.0,0,,B15,0.6,0,0,0.0,0.0,0
R11,apprentissage,B15,0.9,1,0.0,0,,B15,0.6,0,0,0.0,0.0,0
R11,apprentissage,B16,0.3,2,0.01694915254237288,1,1,B16;B24,18.79,9,6,176.45999999999998,97.25,32
R11,apprentissage,B16,0.6,51,0.847457627118644,5,3;10;12;19;6,B01;B02;B03;B04;B05;B08;B10;B11;B13;B14;B16;B17;B18;B19;B20;B21;B22;B23;B24;B25;B26;B27;B28;B29;B30;B31;B32;B33;B34;B35;B37;B38;B39;B40;B41;B42;B43;B44;B45;B46;B47;B48;B50;B51;B53;B54;B55;B56;B57;B58;B59,18.79,9,6,176.45999999999998,97.25,32
R11,apprentissage,B16,0.9,51,0.847457627118644,4,4;19;22;5,B01;B02;B03;B04;B05;B08;B10;B11;B13;B14;B16;B17;B18;B19;B20;B21;B22;B23;B24;B25;B26;B27;B28;B29;B30;B31;B32;B33;B34;B35;B37;B38;B39;B40;B41;B42;B43;B44;B45;B46;B47;B48;B50;B51;B53;B54;B55;B56;B57;B58;B59,18.79,9,6,176.45999999999998,97.25,32
R11,apprentissage,B17,0.3,1,0.0,0,,B17,18.27,2,0,73.96000000000001,0.0,0
R11,apprentissage,B17,0.6,1,0.0,0,,B17,18.27,2,0,73.96000000000001,0.0,0
R11,apprentissage,B17,0.9,1,0.0,0,,B17,18.27,2,0,73.96000000000001,0.0,0
R11,apprentissage,B18,0.3,48,0.7966101694915254,5,6;8;12;13;8,B01;B02;B04;B05;B08;B11;B13;B14;B16;B17;B18;B19;B20;B21;B22;B23;B24;B25;B26;B27;B28;B29;B30;B31;B32;B33;B34;B35;B37;B38;B39;B40;B41;B42;B43;B44;B45;B46;B47;B50;B51;B53;B54;B55;B56;B57;B58;B59,19.77,13,11,317.27000000000004,217.90999999999997,31
R11,apprentissage,B18,0.6,51,0.847457627118644,4,7;10;16;17,B01;B02;B03;B04;B05;B08;B10;B11;B13;B14;B16;B17;B18;B19;B20;B21;B22;B23;B24;B25;B26;B27;B28;B29;B30;B31;B32;B33;B34;B35;B37;B38;B39;B40;B41;B42;B43;B44;B45;B46;B47;B48;B50;B51;B53;B54;B55;B56;B57;B58;B59,19.77,13,11,317.27000000000004,217.90999999999997,31
R11,apprentissage,B18,0.9,51,0.847457627118644,4,8;13;21;8,B01;B02;B03;B04;B05;B08;B10;B11;B13;B14;B16;B17;B18;B19;B20;B21;B22;B23;B24;B25;B26;B27;B28;B29;B30;B31;B32;B33;B34;B35;B37;B38;B39;B40;B41;B42;B43;B44;B45;B46;B47;B48;B50;B51;B53;B54;B55;B56;B57;B58;B59,19.77,13,11,317.27000000000004,217.90999999999997,31
R11,apprentissage,B19,0.3,48,0.7966101694915254,6,4;3;7;15;12;6,B01;B02;B04;B05;B08;B11;B13;B14;B16;B17;B18;B19;B20;B21;B22;B23;B24;B25;B26;B27;B28;B29;B30;B31;B32;B33;B34;B35;B37;B38;B39;B40;B41;B42;B43;B44;B45;B46;B47;B50;B51;B53;B54;B55;B56;B57;B58;B59,14.67,10,7,280.38,717.86,27
R11,apprentissage,B19,0.6,51,0.847457627118644,4,6;13;16;15,B01;B02;B03;B04;B05;B08;B10;B11;B13;B14;B16;B17;B18;B19;B20;B21;B22;B23;B24;B25;B26;B27;B28;B29;B30;B31;B32;B33;B34;B35;B37;B38;B39;B40;B41;B42;B43;B44;B45;B46;B47;B48;B50;B51;B53;B54;B55;B56;B57;B58;B59,14.67,10,7,280.38,717.86,27
R11,apprentissage,B19,0.9,51,0.847457627118644,4,7;18;21;4,B01;B02;B03;B04;B05;B08;B10;B11;B13;B14;B16;B17;B18;B19;B20;B21;B22;B23;B24;B25;B26;B27;B28;B29;B30;B31;B32;B33;B34;B35;B37;B38;B39;B40;B41;B42;B43;B44;B45;B46;B47;B48;B50;B51;B53;B54;B55;B56;B57;B58;B59,14.67,10,7,280.38,717.86,27
R11,apprentissage,B20,0.3,1,0.0,0,,B20,0.55,1,0,5.85,0.0,0
R11,apprentissage,B20,0.6,1,0.0,0,,B20,0.55,1,0,5.85,0.0,0
R11,apprentissage,B20,0.9,1,0.0,0,,B20,0.55,1,0,5.85,0.0,0
R11,apprentissage,B21,0.3,1,0.0,0,,B21,12.65,1,1,50.41,89.08,14
R11,apprentissage,B21,0.6,51,0.847457627118644,5,1;5;13;21;10,B01;B02;B03;B04;B05;B08;B10;B11;B13;B14;B16;B17;B18;B19;B20;B21;B22;B23;B24;B25;B26;B27;B28;B29;B30;B31;B32;B33;B34;B35;B37;B38;B39;B40;B41;B42;B43;B44;B45;B46;B47;B48;B50;B51;B53;B54;B55;B56;B57;B58;B59,12.65,1,1,50.41,89.08,14
R11,apprentissage,B21,0.9,51,0.847457627118644,5,1;5;15;24;5,B01;B02;B03;B04;B05;B08;B10;B11;B13;B14;B16;B17;B18;B19;B20;B21;B22;B23;B24;B25;B26;B27;B28;B29;B30;B31;B32;B33;B34;B35;B37;B38;B39;B40;B41;B42;B43;B44;B45;B46;B47;B48;B50;B51;B53;B54;B55;B56;B57;B58;B59,12.65,1,1,50.41,89.08,14
R11,apprentissage,B22,0.3,48,0.7966101694915254,6,4;4;12;10;11;6,B01;B02;B04;B05;B08;B11;B13;B14;B16;B17;B18;B19;B20;B21;B22;B23;B24;B25;B26;B27;B28;B29;B30;B31;B32;B33;B34;B35;B37;B38;B39;B40;B41;B42;B43;B44;B45;B46;B47;B50;B51;B53;B54;B55;B56;B57;B58;B59,7.17,11,9,280.35999999999996,427.7699999999999,36
R11,apprentissage,B22,0.6,51,0.847457627118644,5,5;7;20;11;7,B01;B02;B03;B04;B05;B08;B10;B11;B13;B14;B16;B17;B18;B19;B20;B21;B22;B23;B24;B25;B26;B27;B28;B29;B30;B31;B32;B33;B34;B35;B37;B38;B39;B40;B41;B42;B43;B44;B45;B46;B47;B48;B50;B51;B53;B54;B55;B56;B57;B58;B59,7.17,11,9,280.35999999999996,427.7699999999999,36
R11,apprentissage,B22,0.9,51,0.847457627118644,4,5;9;22;14,B01;B02;B03;B04;B05;B08;B10;B11;B13;B14;B16;B17;B18;B19;B20;B21;B22;B23;B24;B25;B26;B27;B28;B29;B30;B31;B32;B33;B34;B35;B37;B38;B39;B40;B41;B42;B43;B44;B45;B46;B47;B48;B50;B51;B53;B54;B55;B56;B57;B58;B59,7.17,11,9,280.35999999999996,427.7699999999999,36
R11,apprentissage,B23,0.3,1,0.0,0,,B23,4.6,1,2,24.25,61.79,14
R11,apprentissage,B23,0.6,51,0.847457627118644,5,2;6;17;19;6,B01;B02;B03;B04;B05;B08;B10;B11;B13;B14;B16;B17;B18;B19;B20;B21;B22;B23;B24;B25;B26;B27;B28;B29;B30;B31;B32;B33;B34;B35;B37;B38;B39;B40;B41;B42;B43;B44;B45;B46;B47;B48;B50;B51;B53;B54;B55;B56;B57;B58;B59,4.6,1,2,24.25,61.79,14
R11,apprentissage,B23,0.9,51,0.847457627118644,4,2;8;22;18,B01;B02;B03;B04;B05;B08;B10;B11;B13;B14;B16;B17;B18;B19;B20;B21;B22;B23;B24;B25;B26;B27;B28;B29;B30;B31;B32;B33;B34;B35;B37;B38;B39;B40;B41;B42;B43;B44;B45;B46;B47;B48;B50;B51;B53;B54;B55;B56;B57;B58;B59,4.6,1,2,24.25,61.79,14
R11,apprentissage,B24,0.3,1,0.0,0,,B24,3.97,1,1,18.46,22.21,11
R11,apprentissage,B24,0.6,1,0.0,0,,B24,3.97,1,1,18.46,22.21,11
R11,apprentissage,B24,0.9,51,0.847457627118644,4,1;9;22;18,B01;B02;B03;B04;B05;B08;B10;B11;B13;B14;B16;B17;B18;B19;B20;B21;B22;B23;B24;B25;B26;B27;B28;B29;B30;B31;B32;B33;B34;B35;B37;B38;B39;B40;B41;B42;B43;B44;B45;B46;B47;B48;B50;B51;B53;B54;B55;B56;B57;B58;B59,3.97,1,1,18.46,22.21,11
R11,apprentissage,B25,0.3,48,0.7966101694915254,6,1;2;6;7;20;11,B01;B02;B04;B05;B08;B11;B13;B14;B16;B17;B18;B19;B20;B21;B22;B23;B24;B25;B26;B27;B28;B29;B30;B31;B32;B33;B34;B35;B37;B38;B39;B40;B41;B42;B43;B44;B45;B46;B47;B50;B51;B53;B54;B55;B56;B57;B58;B59,1.55,2,2,22.76,76.50999999999999,15
R11,apprentissage,B25,0.6,51,0.847457627118644,5,2;7;15;19;7,B01;B02;B03;B04;B05;B08;B10;B11;B13;B14;B16;B17;B18;B19;B20;B21;B22;B23;B24;B25;B26;B27;B28;B29;B30;B31;B32;B33;B34;B35;B37;B38;B39;B40;B41;B42;B43;B44;B45;B46;B47;B48;B50;B51;B53;B54;B55;B56;B57;B58;B59,1.55,2,2,22.76,76.50999999999999,15
R11,apprentissage,B25,0.9,51,0.847457627118644,5,2;9;20;15;4,B01;B02;B03;B04;B05;B08;B10;B11;B13;B14;B16;B17;B18;B19;B20;B21;B22;B23;B24;B25;B26;B27;B28;B29;B30;B31;B32;B33;B34;B35;B37;B38;B39;B40;B41;B42;B43;B44;B45;B46;B47;B48;B50;B51;B53;B54;B55;B56;B57;B58;B59,1.55,2,2,22.76,76.50999999999999,15
R11,apprentissage,B26,0.3,48,0.7966101694915254,7,1;1;4;4;16;8;13,B01;B02;B04;B05;B08;B11;B13;B14;B16;B17;B18;B19;B20;B21;B22;B23;B24;B25;B26;B27;B28;B29;B30;B31;B32;B33;B34;B35;B37;B38;B39;B40;B41;B42;B43;B44;B45;B46;B47;B50;B51;B53;B54;B55;B56;B57;B58;B59,4.0,8,8,185.49,133.16,33
R11,apprentissage,B26,0.6,51,0.847457627118644,5,3;8;16;13;10,B01;B02;B03;B04;B05;B08;B10;B11;B13;B14;B16;B17;B18;B19;B20;B21;B22;B23;B24;B25;B26;B27;B28;B29;B30;B31;B32;B33;B34;B35;B37;B38;B39;B40;B41;B42;B43;B44;B45;B46;B47;B48;B50;B51;B53;B54;B55;B56;B57;B58;B59,4.0,8,8,185.49,133.16,33
R11,apprentissage,B26,0.9,51,0.847457627118644,4,4;13;24;9,B01;B02;B03;B04;B05;B08;B10;B11;B13;B14;B16;B17;B18;B19;B20;B21;B22;B23;B24;B25;B26;B27;B28;B29;B30;B31;B32;B33;B34;B35;B37;B38;B39;B40;B41;B42;B43;B44;B45;B46;B47;B48;B50;B51;B53;B54;B55;B56;B57;B58;B59,4.0,8,8,185.49,133.16,33
R11,apprentissage,B27,0.3,1,0.0,0,,B27,19.69,2,3,99.58999999999999,128.32,23
R11,apprentissage,B27,0.6,51,0.847457627118644,4,2;10;25;13,B01;B02;B03;B04;B05;B08;B10;B11;B13;B14;B16;B17;B18;B19;B20;B21;B22;B23;B24;B25;B26;B27;B28;B29;B30;B31;B32;B33;B34;B35;B37;B38;B39;B40;B41;B42;B43;B44;B45;B46;B47;B48;B50;B51;B53;B54;B55;B56;B57;B58;B59,19.69,2,3,99.58999999999999,128.32,23
R11,apprentissage,B27,0.9,51,0.847457627118644,4,2;10;26;12,B01;B02;B03;B04;B05;B08;B10;B11;B13;B14;B16;B17;B18;B19;B20;B21;B22;B23;B24;B25;B26;B27;B28;B29;B30;B31;B32;B33;B34;B35;B37;B38;B39;B40;B41;B42;B43;B44;B45;B46;B47;B48;B50;B51;B53;B54;B55;B56;B57;B58;B59,19.69,2,3,99.58999999999999,128.32,23
R11,apprentissage,B28,0.3,1,0.0,0,,B28,16.34,1,1,138.11,45.16,14
R11,apprentissage,B28,0.6,1,0.0,0,,B28,16.34,1,1,138.11,45.16,14
R11,apprentissage,B28,0.9,1,0.0,0,,B28,16.34,1,1,138.11,45.16,14
R11,apprentissage,B29,0.3,48,0.7966101694915254,5,5;5;10;19;8,B01;B02;B04;B05;B08;B11;B13;B14;B16;B17;B18;B19;B20;B21;B22;B23;B24;B25;B26;B27;B28;B29;B30;B31;B32;B33;B34;B35;B37;B38;B39;B40;B41;B42;B43;B44;B45;B46;B47;B50;B51;B53;B54;B55;B56;B57;B58;B59,14.59,7,10,233.44,427.51,37
R11,apprentissage,B29,0.6,51,0.847457627118644,4,8;19;21;2,B01;B02;B03;B04;B05;B08;B10;B11;B13;B14;B16;B17;B18;B19;B20;B21;B22;B23;B24;B25;B26;B27;B28;B29;B30;B31;B32;B33;B34;B35;B37;B38;B39;B40;B41;B42;B43;B44;B45;B46;B47;B48;B50;B51;B53;B54;B55;B56;B57;B58;B59,14.59,7,10,233.44,427.51,37
R11,apprentissage,B29,0.9,51,0.847457627118644,3,9;22;19,B01;B02;B03;B04;B05;B08;B10;B11;B13;B14;B16;B17;B18;B19;B20;B21;B22;B23;B24;B25;B26;B27;B28;B29;B30;B31;B32;B33;B34;B35;B37;B38;B39;B40;B41;B42;B43;B44;B45;B46;B47;B48;B50;B51;B53;B54;B55;B56;B57;B58;B59,14.59,7,10,233.44,427.51,37
R11,apprentissage,B30,0.3,3,0.03389830508474576,1,2,B30;B34;B50,37.04,10,11,627.4499999999999,297.43,42
R11,apprentissage,B30,0.6,51,0.847457627118644,5,6;12;18;12;2,B01;B02;B03;B04;B05;B08;B10;B11;B13;B14;B16;B17;B18;B19;B20;B21;B22;B23;B24;B25;B26;B27;B28;B29;B30;B31;B32;B33;B34;B35;B37;B38;B39;B40;B41;B42;B43;B44;B45;B46;B47;B48;B50;B51;B53;B54;B55;B56;B57;B58;B59,37.04,10,11,627.4499999999999,297.43,42
R11,apprentissage,B30,0.9,51,0.847457627118644,4,7;19;21;3,B01;B02;B03;B04;B05;B08;B10;B11;B13;B14;B16;B17;B18;B19;B20;B21;B22;B23;B24;B25;B26;B27;B28;B29;B30;B31;B32;B33;B34;B35;B37;B38;B39;B40;B41;B42;B43;B44;B45;B46;B47;B48;B50;B51;B53;B54;B55;B56;B57;B58;B59,37.04,10,11,627.4499999999999,297.43,42
R11,apprentissage,B31,0.3,48,0.7966101694915254,6,1;2;6;15;10;13,B01;B02;B04;B05;B08;B11;B13;B14;B16;B17;B18;B19;B20;B21;B22;B23;B24;B25;B26;B27;B28;B29;B30;B31;B32;B33;B34;B35;B37;B38;B39;B40;B41;B42;B43;B44;B45;B46;B47;B50;B51;B53;B54;B55;B56;B57;B58;B59,17.65,5,10,293.63,218.27,37
R11,apprentissage,B31,0.6,51,0.847457627118644,5,2;7;22;16;3,B01;B02;B03;B04;B05;B08;B10;B11;B13;B14;B16;B17;B18;B19;B20;B21;B22;B23;B24;B25;B26;B27;B28;B29;B30;B31;B32;B33;B34;B35;B37;B38;B39;B40;B41;B42;B43;B44;B45;B46;B47;B48;B50;B51;B53;B54;B55;B56;B57;B58;B59,17.65,5,10,293.63,218.27,37
R11,apprentissage,B31,0.9,51,0.847457627118644,4,6;20;18;6,B01;B02;B03;B04;B05;B08;B10;B11;B13;B14;B16;B17;B18;B19;B20;B21;B22;B23;B24;B25;B26;B27;B28;B29;B30;B31;B32;B33;B34;B35;B37;B38;B39;B40;B41;B42;B43;B44;B45;B46;B47;B48;B50;B51;B53;B54;B55;B56;B57;B58;B59,17.65,5,10,293.63,218.27,37
R11,apprentissage,B32,0.3,1,0.0,0,,B32,2.02,1,1,7.23,26.56,9
R11,apprentissage,B32,0.6,51,0.847457627118644,6,1;6;10;13;14;6,B01;B02;B03;B04;B05;B08;B10;B11;B13;B14;B16;B17;B18;B19;B20;B21;B22;B23;B24;B25;B26;B27;B28;B29;B30;B31;B32;B33;B34;B35;B37;B38;B39;B40;B41;B42;B43;B44;B45;B46;B47;B48;B50;B51;B53;B54;B55;B56;B57;B58;B59,2.02,1,1,7.23,26.56,9
R11,apprentissage,B32,0.9,51,0.847457627118644,6,1;6;11;16;13;3,B01;B02;B03;B04;B05;B08;B10;B11;B13;B14;B16;B17;B18;B19;B20;B21;B22;B23;B24;B25;B26;B27;B28;B29;B30;B31;B32;B33;B34;B35;B37;B38;B39;B40;B41;B42;B43;B44;B45;B46;B47;B48;B50;B51;B53;B54;B55;B56;B57;B58;B59,2.02,1,1,7.23,26.56,9
R11,apprentissage,B33,0.3,48,0.7966101694915254,7,1;3;3;7;15;12;6,B01;B02;B04;B05;B08;B11;B13;B14;B16;B17;B18;B19;B20;B21;B22;B23;B24;B25;B26;B27;B28;B29;B30;B31;B32;B33;B34;B35;B37;B38;B39;B40;B41;B42;B43;B44;B45;B46;B47;B50;B51;B53;B54;B55;B56;B57;B58;B59,61.04,1,1,416.19,56.27,7
R11,apprentissage,B33,0.6,51,0.847457627118644,5,1;5;13;16;15,B01;B02;B03;B04;B05;B08;B10;B11;B13;B14;B16;B17;B18;B19;B20;B21;B22;B23;B24;B25;B26;B27;B28;B29;B30;B31;B32;B33;B34;B35;B37;B38;B39;B40;B41;B42;B43;B44;B45;B46;B47;B48;B50;B51;B53;B54;B55;B56;B57;B58;B59,61.04,1,1,416.19,56.27,7
R11,apprentissage,B33,0.9,51,0.847457627118644,5,1;6;18;21;4,B01;B02;B03;B04;B05;B08;B10;B11;B13;B14;B16;B17;B18;B19;B20;B21;B22;B23;B24;B25;B26;B27;B28;B29;B30;B31;B32;B33;B34;B35;B37;B38;B39;B40;B41;B42;B43;B44;B45;B46;B47;B48;B50;B51;B53;B54;B55;B56;B57;B58;B59,61.04,1,1,416.19,56.27,7
R11,apprentissage,B34,0.3,3,0.03389830508474576,2,1;1,B30;B34;B50,25.09,2,2,105.72,205.17000000000002,17
R11,apprentissage,B34,0.6,51,0.847457627118644,4,2;11;25;12,B01;B02;B03;B04;B05;B08;B10;B11;B13;B14;B16;B17;B18;B19;B20;B21;B22;B23;B24;B25;B26;B27;B28;B29;B30;B31;B32;B33;B34;B35;B37;B38;B39;B40;B41;B42;B43;B44;B45;B46;B47;B48;B50;B51;B53;B54;B55;B56;B57;B58;B59,25.09,2,2,105.72,205.17000000000002,17
R11,apprentissage,B34,0.9,51,0.847457627118644,4,2;12;26;10,B01;B02;B03;B04;B05;B08;B10;B11;B13;B14;B16;B17;B18;B19;B20;B21;B22;B23;B24;B25;B26;B27;B28;B29;B30;B31;B32;B33;B34;B35;B37;B38;B39;B40;B41;B42;B43;B44;B45;B46;B47;B48;B50;B51;B53;B54;B55;B56;B57;B58;B59,25.09,2,2,105.72,205.17000000000002,17
R11,apprentissage,B35,0.3,1,0.0,0,,B35,4.48,1,1,50.76,14.35,7
R11,apprentissage,B35,0.6,1,0.0,0,,B35,4.48,1,1,50.76,14.35,7
R11,apprentissage,B35,0.9,1,0.0,0,,B35,4.48,1,1,50.76,14.35,7
R11,apprentissage,B36,0.3,49,0.8135593220338984,7,1;1;2;6;15;10;13,B01;B02;B04;B05;B08;B11;B13;B14;B16;B17;B18;B19;B20;B21;B22;B23;B24;B25;B26;B27;B28;B29;B30;B31;B32;B33;B34;B35;B36;B37;B38;B39;B40;B41;B42;B43;B44;B45;B46;B47;B50;B51;B53;B54;B55;B56;B57;B58;B59,2.2,0,1,0.0,163.33,11
R11,apprentissage,B36,0.6,52,0.864406779661017,6,1;2;7;22;16;3,B01;B02;B03;B04;B05;B08;B10;B11;B13;B14;B16;B17;B18;B19;B20;B21;B22;B23;B24;B25;B26;B27;B28;B29;B30;B31;B32;B33;B34;B35;B36;B37;B38;B39;B40;B41;B42;B43;B44;B45;B46;B47;B48;B50;B51;B53;B54;B55;B56;B57;B58;B59,2.2,0,1,0.0,163.33,11
R11,apprentissage,B36,0.9,52,0.864406779661017,5,1;6;20;18;6,B01;B02;B03;B04;B05;B08;B10;B11;B13;B14;B16;B17;B18;B19;B20;B21;B22;B23;B24;B25;B26;B27;B28;B29;B30;B31;B32;B33;B34;B35;B36;B37;B38;B39;B40;B41;B42;B43;B44;B45;B46;B47;B48;B50;B51;B53;B54;B55;B56;B57;B58;B59,2.2,0,1,0.0,163.33,11
R11,apprentissage,B37,0.3,1,0.0,0,,B37,2.17,1,1,25.11,40.75,11
R11,apprentissage,B37,0.6,51,0.847457627118644,5,1;6;10;16;17,B01;B02;B03;B04;B05;B08;B10;B11;B13;B14;B16;B17;B18;B19;B20;B21;B22;B23;B24;B25;B26;B27;B28;B29;B30;B31;B32;B33;B34;B35;B37;B38;B39;B40;B41;B42;B43;B44;B45;B46;B47;B48;B50;B51;B53;B54;B55;B56;B57;B58;B59,2.17,1,1,25.11,40.75,11
R11,apprentissage,B37,0.9,51,0.847457627118644,5,1;7;13;21;8,B01;B02;B03;B04;B05;B08;B10;B11;B13;B14;B16;B17;B18;B19;B20;B21;B22;B23;B24;B25;B26;B27;B28;B29;B30;B31;B32;B33;B34;B35;B37;B38;B39;B40;B41;B42;B43;B44;B45;B46;B47;B48;B50;B51;B53;B54;B55;B56;B57;B58;B59,2.17,1,1,25.11,40.75,11
R11,apprentissage,B38,0.3,1,0.0,0,,B38,4.51,2,0,48.29,0.0,0
R11,apprentissage,B38,0.6,1,0.0,0,,B38,4.51,2,0,48.29,0.0,0
R11,apprentissage,B38,0.9,1,0.0,0,,B38,4.51,2,0,48.29,0.0,0
R11,apprentissage,B39,0.3,1,0.0,0,,B39,2.15,1,2,9.98,38.56,13
R11,apprentissage,B39,0.6,51,0.847457627118644,5,1;6;13;15;15,B01;B02;B03;B04;B05;B08;B10;B11;B13;B14;B16;B17;B18;B19;B20;B21;B22;B23;B24;B25;B26;B27;B28;B29;B30;B31;B32;B33;B34;B35;B37;B38;B39;B40;B41;B42;B43;B44;B45;B46;B47;B48;B50;B51;B53;B54;B55;B56;B57;B58;B59,2.15,1,2,9.98,38.56,13
R11,apprentissage,B39,0.9,51,0.847457627118644,5,1;7;18;21;3,B01;B02;B03;B04;B05;B08;B10;B11;B13;B14;B16;B17;B18;B19;B20;B21;B22;B23;B24;B25;B26;B27;B28;B29;B30;B31;B32;B33;B34;B35;B37;B38;B39;B40;B41;B42;B43;B44;B45;B46;B47;B48;B50;B51;B53;B54;B55;B56;B57;B58;B59,2.15,1,2,9.98,38.56,13
R11,apprentissage,B40,0.3,1,0.0,0,,B40,18.38,2,1,191.17000000000002,43.38,9
R11,apprentissage,B40,0.6,51,0.847457627118644,5,1;6;13;23;7,B01;B02;B03;B04;B05;B08;B10;B11;B13;B14;B16;B17;B18;B19;B20;B21;B22;B23;B24;B25;B26;B27;B28;B29;B30;B31;B32;B33;B34;B35;B37;B38;B39;B40;B41;B42;B43;B44;B45;B46;B47;B48;B50;B51;B53;B54;B55;B56;B57;B58;B59,18.38,2,1,191.17000000000002,43.38,9
R11,apprentissage,B40,0.9,51,0.847457627118644,4,1;7;18;24,B01;B02;B03;B04;B05;B08;B10;B11;B13;B14;B16;B17;B18;B19;B20;B21;B22;B23;B24;B25;B26;B27;B28;B29;B30;B31;B32;B33;B34;B35;B37;B38;B39;B40;B41;B42;B43;B44;B45;B46;B47;B48;B50;B51;B53;B54;B55;B56;B57;B58;B59,18.38,2,1,191.17000000000002,43.38,9
R11,apprentissage,B41,0.3,48,0.7966101694915254,6,5;4;4;12;8;14,B01;B02;B04;B05;B08;B11;B13;B14;B16;B17;B18;B19;B20;B21;B22;B23;B24;B25;B26;B27;B28;B29;B30;B31;B32;B33;B34;B35;B37;B38;B39;B40;B41;B42;B43;B44;B45;B46;B47;B50;B51;B53;B54;B55;B56;B57;B58;B59,45.95,15,14,813.22,585.5900000000001,43
R11,apprentissage,B41,0.6,51,0.847457627118644,4,6;13;21;10,B01;B02;B03;B04;B05;B08;B10;B11;B13;B14;B16;B17;B18;B19;B20;B21;B22;B23;B24;B25;B26;B27;B28;B29;B30;B31;B32;B33;B34;B35;B37;B38;B39;B40;B41;B42;B43;B44;B45;B46;B47;B48;B50;B51;B53;B54;B55;B56;B57;B58;B59,45.95,15,14,813.22,585.5900000000001,43
R11,apprentissage,B41,0.9,51,0.847457627118644,4,6;15;24;5,B01;B02;B03;B04;B05;B08;B10;B11;B13;B14;B16;B17;B18;B19;B20;B21;B22;B23;B24;B25;B26;B27;B28;B29;B30;B31;B32;B33;B34;B35;B37;B38;B39;B40;B41;B42;B43;B44;B45;B46;B47;B48;B50;B51;B53;B54;B55;B56;B57;B58;B59,45.95,15,14,813.22,585.5900000000001,43
R11,apprentissage,B42,0.3,48,0.7966101694915254,7,1;1;4;4;16;8;13,B01;B02;B04;B05;B08;B11;B13;B14;B16;B17;B18;B19;B20;B21;B22;B23;B24;B25;B26;B27;B28;B29;B30;B31;B32;B33;B34;B35;B37;B38;B39;B40;B41;B42;B43;B44;B45;B46;B47;B50;B51;B53;B54;B55;B56;B57;B58;B59,3.85,2,3,37.69,53.11,19
R11,apprentissage,B42,0.6,51,0.847457627118644,6,1;2;8;16;13;10,B01;B02;B03;B04;B05;B08;B10;B11;B13;B14;B16;B17;B18;B19;B20;B21;B22;B23;B24;B25;B26;B27;B28;B29;B30;B31;B32;B33;B34;B35;B37;B38;B39;B40;B41;B42;B43;B44;B45;B46;B47;B48;B50;B51;B53;B54;B55;B56;B57;B58;B59,3.85,2,3,37.69,53.11,19
R11,apprentissage,B42,0.9,51,0.847457627118644,5,2;6;13;22;7,B01;B02;B03;B04;B05;B08;B10;B11;B13;B14;B16;B17;B18;B19;B20;B21;B22;B23;B24;B25;B26;B27;B28;B29;B30;B31;B32;B33;B34;B35;B37;B38;B39;B40;B41;B42;B43;B44;B45;B46;B47;B48;B50;B51;B53;B54;B55;B56;B57;B58;B59,3.85,2,3,37.69,53.11,19
R11,apprentissage,B43,0.3,48,0.7966101694915254,7,1;3;4;12;10;11;6,B01;B02;B04;B05;B08;B11;B13;B14;B16;B17;B18;B19;B20;B21;B22;B23;B24;B25;B26;B27;B28;B29;B30;B31;B32;B33;B34;B35;B37;B38;B39;B40;B41;B42;B43;B44;B45;B46;B47;B50;B51;B53;B54;B55;B56;B57;B58;B59,20.43,1,2,220.71,81.48,18
R11,apprentissage,B43,0.6,51,0.847457627118644,5,2;10;10;20;8,B01;B02;B03;B04;B05;B08;B10;B11;B13;B14;B16;B17;B18;B19;B20;B21;B22;B23;B24;B25;B26;B27;B28;B29;B30;B31;B32;B33;B34;B35;B37;B38;B39;B40;B41;B42;B43;B44;B45;B46;B47;B48;B50;B51;B53;B54;B55;B56;B57;B58;B59,20.43,1,2,220.71,81.48,18
R11,apprentissage,B43,0.9,51,0.847457627118644,4,2;11;13;24,B01;B02;B03;B04;B05;B08;B10;B11;B13;B14;B16;B17;B18;B19;B20;B21;B22;B23;B24;B25;B26;B27;B28;B29;B30;B31;B32;B33;B34;B35;B37;B38;B39;B40;B41;B42;B43;B44;B45;B46;B47;B48;B50;B51;B53;B54;B55;B56;B57;B58;B59,20.43,1,2,220.71,81.48,18
R11,apprentissage,B44,0.3,1,0.0,0,,B44,31.09,1,1,110.69,7.59,9
R11,apprentissage,B44,0.6,1,0.0,0,,B44,31.09,1,1,110.69,7.59,9
R11,apprentissage,B44,0.9,1,0.0,0,,B44,31.09,1,1,110.69,7.59,9
R11,apprentissage,B45,0.3,2,0.01694915254237288,1,1,B45;B46,24.81,7,6,261.17999999999995,162.07999999999998,30
R11,apprentissage,B45,0.6,51,0.847457627118644,5,3;8;16;20;3,B01;B02;B03;B04;B05;B08;B10;B11;B13;B14;B16;B17;B18;B19;B20;B21;B22;B23;B24;B25;B26;B27;B28;B29;B30;B31;B32;B33;B34;B35;B37;B38;B39;B40;B41;B42;B43;B44;B45;B46;B47;B48;B50;B51;B53;B54;B55;B56;B57;B58;B59,24.81,7,6,261.17999999999995,162.07999999999998,30
R11,apprentissage,B45,0.9,51,0.847457627118644,4,4;15;20;11,B01;B02;B03;B04;B05;B08;B10;B11;B13;B14;B16;B17;B18;B19;B20;B21;B22;B23;B24;B25;B26;B27;B28;B29;B30;B31;B32;B33;B34;B35;B37;B38;B39;B40;B41;B42;B43;B44;B45;B46;B47;B48;B50;B51;B53;B54;B55;B56;B57;B58;B59,24.81,7,6,261.17999999999995,162.07999999999998,30
R11,apprentissage,B46,0.3,1,0.0,0,,B46,8.26,1,2,55.04,32.46,16
R11,apprentissage,B46,0.6,51,0.847457627118644,5,1;6;13;15;15,B01;B02;B03;B04;B05;B08;B10;B11;B13;B14;B16;B17;B18;B19;B20;B21;B22;B23;B24;B25;B26;B27;B28;B29;B30;B31;B32;B33;B34;B35;B37;B38;B39;B40;B41;B42;B43;B44;B45;B46;B47;B48;B50;B51;B53;B54;B55;B56;B57;B58;B59,8.26,1,2,55.04,32.46,16
R11,apprentissage,B46,0.9,51,0.847457627118644,5,1;7;18;20;4,B01;B02;B03;B04;B05;B08;B10;B11;B13;B14;B16;B17;B18;B19;B20;B21;B22;B23;B24;B25;B26;B27;B28;B29;B30;B31;B32;B33;B34;B35;B37;B38;B39;B40;B41;B42;B43;B44;B45;B46;B47;B48;B50;B51;B53;B54;B55;B56;B57;B58;B59,8.26,1,2,55.04,32.46,16
R11,apprentissage,B47,0.3,48,0.7966101694915254,6,1;5;5;10;18;8,B01;B02;B04;B05;B08;B11;B13;B14;B16;B17;B18;B19;B20;B21;B22;B23;B24;B25;B26;B27;B28;B29;B30;B31;B32;B33;B34;B35;B37;B38;B39;B40;B41;B42;B43;B44;B45;B46;B47;B50;B51;B53;B54;B55;B56;B57;B58;B59,1.09,1,1,11.47,73.84,11
R11,apprentissage,B47,0.6,51,0.847457627118644,5,1;8;19;20;2,B01;B02;B03;B04;B05;B08;B10;B11;B13;B14;B16;B17;B18;B19;B20;B21;B22;B23;B24;B25;B26;B27;B28;B29;B30;B31;B32;B33;B34;B35;B37;B38;B39;B40;B41;B42;B43;B44;B45;B46;B47;B48;B50;B51;B53;B54;B55;B56;B57;B58;B59,1.09,1,1,11.47,73.84,11
R11,apprentissage,B47,0.9,51,0.847457627118644,4,1;9;22;18,B01;B02;B03;B04;B05;B08;B10;B11;B13;B14;B16;B17;B18;B19;B20;B21;B22;B23;B24;B25;B26;B27;B28;B29;B30;B31;B32;B33;B34;B35;B37;B38;B39;B40;B41;B42;B43;B44;B45;B46;B47;B48;B50;B51;B53;B54;B55;B56;B57;B58;B59,1.09,1,1,11.47,73.84,11
R11,apprentissage,B48,0.3,1,0.0,0,,B48,10.64,1,1,31.15,21.37,6
R11,apprentissage,B48,0.6,1,0.0,0,,B48,10.64,1,1,31.15,21.37,6
R11,apprentissage,B48,0.9,1,0.0,0,,B48,10.64,1,1,31.15,21.37,6
R11,apprentissage,B49,0.3,1,0.0,0,,B49,2.39,0,1,0.0,35.68,9
R11,apprentissage,B49,0.6,52,0.864406779661017,6,1;6;10;13;14;7,B01;B02;B03;B04;B05;B08;B10;B11;B13;B14;B16;B17;B18;B19;B20;B21;B22;B23;B24;B25;B26;B27;B28;B29;B30;B31;B32;B33;B34;B35;B37;B38;B39;B40;B41;B42;B43;B44;B45;B46;B47;B48;B49;B50;B51;B53;B54;B55;B56;B57;B58;B59,2.39,0,1,0.0,35.68,9
R11,apprentissage,B49,0.9,52,0.864406779661017,6,1;6;11;17;13;3,B01;B02;B03;B04;B05;B08;B10;B11;B13;B14;B16;B17;B18;B19;B20;B21;B22;B23;B24;B25;B26;B27;B28;B29;B30;B31;B32;B33;B34;B35;B37;B38;B39;B40;B41;B42;B43;B44;B45;B46;B47;B48;B49;B50;B51;B53;B54;B55;B56;B57;B58;B59,2.39,0,1,0.0,35.68,9
R11,apprentissage,B50,0.3,1,0.0,0,,B50,1.4,1,3,6.14,34.489999999999995,21
R11,apprentissage,B50,0.6,1,0.0,0,,B50,1.4,1,3,6.14,34.489999999999995,21
R11,apprentissage,B50,0.9,1,0.0,0,,B50,1.4,1,3,6.14,34.489999999999995,21
R11,apprentissage,B51,0.3,48,0.7966101694915254,6,2;5;5;16;7;12,B01;B02;B04;B05;B08;B11;B13;B14;B16;B17;B18;B19;B20;B21;B22;B23;B24;B25;B26;B27;B28;B29;B30;B31;B32;B33;B34;B35;B37;B38;B39;B40;B41;B42;B43;B44;B45;B46;B47;B50;B51;B53;B54;B55;B56;B57;B58;B59,15.07,12,8,301.75000000000006,191.48999999999998,28
R11,apprentissage,B51,0.6,51,0.847457627118644,5,6;10;13;14;7,B01;B02;B03;B04;B05;B08;B10;B11;B13;B14;B16;B17;B18;B19;B20;B21;B22;B23;B24;B25;B26;B27;B28;B29;B30;B31;B32;B33;B34;B35;B37;B38;B39;B40;B41;B42;B43;B44;B45;B46;B47;B48;B50;B51;B53;B54;B55;B56;B57;B58;B59,15.07,12,8,301.75000000000006,191.48999999999998,28
R11,apprentissage,B51,0.9,51,0.847457627118644,5,6;11;17;13;3,B01;B02;B03;B04;B05;B08;B10;B11;B13;B14;B16;B17;B18;B19;B20;B21;B22;B23;B24;B25;B26;B27;B28;B29;B30;B31;B32;B33;B34;B35;B37;B38;B39;B40;B41;B42;B43;B44;B45;B46;B47;B48;B50;B51;B53;B54;B55;B56;B57;B58;B59,15.07,12,8,301.75000000000006,191.48999999999998,28
R11,apprentissage,B52,0.3,6,0.0847457627118644,2,1;4,B02;B04;B32;B44;B52;B58,1.36,0,2,0.0,35.769999999999996,19
R11,apprentissage,B52,0.6,52,0.864406779661017,6,1;6;7;12;15;10,B01;B02;B03;B04;B05;B08;B10;B11;B13;B14;B16;B17;B18;B19;B20;B21;B22;B23;B24;B25;B26;B27;B28;B29;B30;B31;B32;B33;B34;B35;B37;B38;B39;B40;B41;B42;B43;B44;B45;B46;B47;B48;B50;B51;B52;B53;B54;B55;B56;B57;B58;B59,1.36,0,2,0.0,35.769999999999996,19
R11,apprentissage,B52,0.9,52,0.864406779661017,5,1;7;14;13;16,B01;B02;B03;B04;B05;B08;B10;B11;B13;B14;B16;B17;B18;B19;B20;B21;B22;B23;B24;B25;B26;B27;B28;B29;B30;B31;B32;B33;B34;B35;B37;B38;B39;B40;B41;B42;B43;B44;B45;B46;B47;B48;B50;B51;B52;B53;B54;B55;B56;B57;B58;B59,1.36,0,2,0.0,35.769999999999996,19
R11,apprentissage,B53,0.3,48,0.7966101694915254,7,4;1;3;12;12;14;1,B01;B02;B04;B05;B08;B11;B13;B14;B16;B17;B18;B19;B20;B21;B22;B23;B24;B25;B26;B27;B28;B29;B30;B31;B32;B33;B34;B35;B37;B38;B39;B40;B41;B42;B43;B44;B45;B46;B47;B50;B51;B53;B54;B55;B56;B57;B58;B59,23.68,10,9,402.71000000000004,300.36,30
R11,apprentissage,B53,0.6,51,0.847457627118644,4,7;13;23;7,B01;B02;B03;B04;B05;B08;B10;B11;B13;B14;B16;B17;B18;B19;B20;B21;B22;B23;B24;B25;B26;B27;B28;B29;B30;B31;B32;B33;B34;B35;B37;B38;B39;B40;B41;B42;B43;B44;B45;B46;B47;B48;B50;B51;B53;B54;B55;B56;B57;B58;B59,23.68,10,9,402.71000000000004,300.36,30
R11,apprentissage,B53,0.9,51,0.847457627118644,3,8;18;24,B01;B02;B03;B04;B05;B08;B10;B11;B13;B14;B16;B17;B18;B19;B20;B21;B22;B23;B24;B25;B26;B27;B28;B29;B30;B31;B32;B33;B34;B35;B37;B38;B39;B40;B41;B42;B43;B44;B45;B46;B47;B48;B50;B51;B53;B54;B55;B56;B57;B58;B59,23.68,10,9,402.71000000000004,300.36,30
R11,apprentissage,B54,0.3,48,0.7966101694915254,5,3;10;8;14;12,B01;B02;B04;B05;B08;B11;B13;B14;B16;B17;B18;B19;B20;B21;B22;B23;B24;B25;B26;B27;B28;B29;B30;B31;B32;B33;B34;B35;B37;B38;B39;B40;B41;B42;B43;B44;B45;B46;B47;B50;B51;B53;B54;B55;B56;B57;B58;B59,19.26,9,8,321.14,252.11,36
R11,apprentissage,B54,0.6,51,0.847457627118644,4,4;15;16;15,B01;B02;B03;B04;B05;B08;B10;B11;B13;B14;B16;B17;B18;B19;B20;B21;B22;B23;B24;B25;B26;B27;B28;B29;B30;B31;B32;B33;B34;B35;B37;B38;B39;B40;B41;B42;B43;B44;B45;B46;B47;B48;B50;B51;B53;B54;B55;B56;B57;B58;B59,19.26,9,8,321.14,252.11,36
R11,apprentissage,B54,0.9,51,0.847457627118644,4,5;21;19;5,B01;B02;B03;B04;B05;B08;B10;B11;B13;B14;B16;B17;B18;B19;B20;B21;B22;B23;B24;B25;B26;B27;B28;B29;B30;B31;B32;B33;B34;B35;B37;B38;B39;B40;B41;B42;B43;B44;B45;B46;B47;B48;B50;B51;B53;B54;B55;B56;B57;B58;B59,19.26,9,8,321.14,252.11,36
R11,apprentissage,B55,0.3,48,0.7966101694915254,5,3;6;10;17;11,B01;B02;B04;B05;B08;B11;B13;B14;B16;B17;B18;B19;B20;B21;B22;B23;B24;B25;B26;B27;B28;B29;B30;B31;B32;B33;B34;B35;B37;B38;B39;B40;B41;B42;B43;B44;B45;B46;B47;B50;B51;B53;B54;B55;B56;B57;B58;B59,5.04,6,9,96.41,190.53,35
R11,apprentissage,B55,0.6,51,0.847457627118644,4,3;12;27;8,B01;B02;B03;B04;B05;B08;B10;B11;B13;B14;B16;B17;B18;B19;B20;B21;B22;B23;B24;B25;B26;B27;B28;B29;B30;B31;B32;B33;B34;B35;B37;B38;B39;B40;B41;B42;B43;B44;B45;B46;B47;B48;B50;B51;B53;B54;B55;B56;B57;B58;B59,5.04,6,9,96.41,190.53,35
R11,apprentissage,B55,0.9,51,0.847457627118644,4,3;12;27;8,B01;B02;B03;B04;B05;B08;B10;B11;B13;B14;B16;B17;B18;B19;B20;B21;B22;B23;B24;B25;B26;B27;B28;B29;B30;B31;B32;B33;B34;B35;B37;B38;B39;B40;B41;B42;B43;B44;B45;B46;B47;B48;B50;B51;B53;B54;B55;B56;B57;B58;B59,5.04,6,9,96.41,190.53,35
R11,apprentissage,B56,0.3,48,0.7966101694915254,7,1;5;3;4;12;8;14,B01;B02;B04;B05;B08;B11;B13;B14;B16;B17;B18;B19;B20;B21;B22;B23;B24;B25;B26;B27;B28;B29;B30;B31;B32;B33;B34;B35;B37;B38;B39;B40;B41;B42;B43;B44;B45;B46;B47;B50;B51;B53;B54;B55;B56;B57;B58;B59,2.23,1,1,23.27,183.68,15
R11,apprentissage,B56,0.6,51,0.847457627118644,5,1;6;12;21;10,B01;B02;B03;B04;B05;B08;B10;B11;B13;B14;B16;B17;B18;B19;B20;B21;B22;B23;B24;B25;B26;B27;B28;B29;B30;B31;B32;B33;B34;B35;B37;B38;B39;B40;B41;B42;B43;B44;B45;B46;B47;B48;B50;B51;B53;B54;B55;B56;B57;B58;B59,2.23,1,1,23.27,183.68,15
R11,apprentissage,B56,0.9,51,0.847457627118644,5,1;6;14;24;5,B01;B02;B03;B04;B05;B08;B10;B11;B13;B14;B16;B17;B18;B19;B20;B21;B22;B23;B24;B25;B26;B27;B28;B29;B30;B31;B32;B33;B34;B35;B37;B38;B39;B40;B41;B42;B43;B44;B45;B46;B47;B48;B50;B51;B53;B54;B55;B56;B57;B58;B59,2.23,1,1,23.27,183.68,15
R11,apprentissage,B57,0.3,1,0.0,0,,B57,16.67,2,1,62.099999999999994,23.44,11
R11,apprentissage,B57,0.6,1,0.0,0,,B57,16.67,2,1,62.099999999999994,23.44,11
R11,apprentissage,B57,0.9,1,0.0,0,,B57,16.67,2,1,62.099999999999994,23.44,11
R11,apprentissage,B58,0.3,1,0.0,0,,B58,0.63,1,0,7.87,0.0,0
R11,apprentissage,B58,0.6,1,0.0,0,,B58,0.63,1,0,7.87,0.0,0
R11,apprentissage,B58,0.9,1,0.0,0,,B58,0.63,1,0,7.87,0.0,0
R11,apprentissage,B59,0.3,4,0.05084745762711865,2,1;2,B30;B34;B50;B59,1.19,1,1,10.42,181.94,12
R11,apprentissage,B59,0.6,51,0.847457627118644,6,1;6;12;17;12;2,B01;B02;B03;B04;B05;B08;B10;B11;B13;B14;B16;B17;B18;B19;B20;B21;B22;B23;B24;B25;B26;B27;B28;B29;B30;B31;B32;B33;B34;B35;B37;B38;B39;B40;B41;B42;B43;B44;B45;B46;B47;B48;B50;B51;B53;B54;B55;B56;B57;B58;B59,1.19,1,1,10.42,181.94,12
R11,apprentissage,B59,0.9,51,0.847457627118644,5,1;7;19;20;3,B01;B02;B03;B04;B05;B08;B10;B11;B13;B14;B16;B17;B18;B19;B20;B21;B22;B23;B24;B25;B26;B27;B28;B29;B30;B31;B32;B33;B34;B35;B37;B38;B39;B40;B41;B42;B43;B44;B45;B46;B47;B48;B50;B51;B53;B54;B55;B56;B57;B58;B59,1.19,1,1,10.42,181.94,12
R11,apprentissage,B60,0.3,1,0.0,0,,B60,1.12,0,1,0.0,16.5,10
R11,apprentissage,B60,0.6,52,0.864406779661017,6,1;5;7;20;11;7,B01;B02;B03;B04;B05;B08;B10;B11;B13;B14;B16;B17;B18;B19;B20;B21;B22;B23;B24;B25;B26;B27;B28;B29;B30;B31;B32;B33;B34;B35;B37;B38;B39;B40;B41;B42;B43;B44;B45;B46;B47;B48;B50;B51;B53;B54;B55;B56;B57;B58;B59;B60,1.12,0,1,0.0,16.5,10
R11,apprentissage,B60,0.9,52,0.864406779661017,5,1;5;9;22;14,B01;B02;B03;B04;B05;B08;B10;B11;B13;B14;B16;B17;B18;B19;B20;B21;B22;B23;B24;B25;B26;B27;B28;B29;B30;B31;B32;B33;B34;B35;B37;B38;B39;B40;B41;B42;B43;B44;B45;B46;B47;B48;B50;B51;B53;B54;B55;B56;B57;B58;B59;B60,1.12,0,1,0.0,16.5,10
R12,apprentissage,B01,0.3,1,0.0,0,,B01,1.75,0,0,0.0,0.0,0
R12,apprentissage,B01,0.6,1,0.0,0,,B01,1.75,0,0,0.0,0.0,0
R12,apprentissage,B01,0.9,1,0.0,0,,B01,1.75,0,0,0.0,0.0,0
R12,apprentissage,B02,0.3,1,0.0,0,,B02,1.02,0,1,0.0,42.51,11
R12,apprentissage,B02,0.6,1,0.0,0,,B02,1.02,0,1,0.0,42.51,11
R12,apprentissage,B02,0.9,41,0.6779661016949152,6,1;6;8;13;8;4,B02;B03;B04;B06;B08;B10;B11;B13;B15;B18;B19;B20;B21;B22;B23;B24;B26;B27;B28;B29;B31;B32;B33;B34;B37;B41;B42;B43;B45;B46;B48;B49;B50;B51;B52;B54;B55;B56;B57;B59;B60,1.02,0,1,0.0,42.51,11
R12,apprentissage,B03,0.3,1,0.0,0,,B03,7.05,1,0,57.5,0.0,0
R12,apprentissage,B03,0.6,1,0.0,0,,B03,7.05,1,0,57.5,0.0,0
R12,apprentissage,B03,0.9,1,0.0,0,,B03,7.05,1,0,57.5,0.0,0
R12,apprentissage,B04,0.3,1,0.0,0,,B04,7.78,1,2,54.05,60.41,17
R12,apprentissage,B04,0.6,40,0.6610169491525424,8,1;7;1;4;7;8;8;3,B03;B04;B06;B08;B10;B11;B13;B15;B18;B19;B20;B21;B22;B23;B24;B26;B27;B28;B29;B31;B32;B33;B34;B37;B41;B42;B43;B45;B46;B48;B49;B50;B51;B52;B54;B55;B56;B57;B59;B60,7.78,1,2,54.05,60.41,17
R12,apprentissage,B04,0.9,40,0.6610169491525424,5,1;8;8;12;10,B03;B04;B06;B08;B10;B11;B13;B15;B18;B19;B20;B21;B22;B23;B24;B26;B27;B28;B29;B31;B32;B33;B34;B37;B41;B42;B43;B45;B46;B48;B49;B50;B51;B52;B54;B55;B56;B57;B59;B60,7.78,1,2,54.05,60.41,17
R12,apprentissage,B05,0.3,1,0.0,0,,B05,0.5,0,1,0.0,55.85,13
R12,apprentissage,B05,0.6,1,0.0,0,,B05,0.5,0,1,0.0,55.85,13
R12,apprentissage,B05,0.9,1,0.0,0,,B05,0.5,0,1,0.0,55.85,13
R12,apprentissage,B06,0.3,1,0.0,0,,B06,15.19,1,2,55.93,56.46,21
R12,apprentissage,B06,0.6,1,0.0,0,,B06,15.19,1,2,55.93,56.46,21
R12,apprentissage,B06,0.9,1,0.0,0,,B06,15.19,1,2,55.93,56.46,21
R12,apprentissage,B07,0.3,1,0.0,0,,B07,2.35,0,1,0.0,49.39,12
R12,apprentissage,B07,0.6,36,0.5932203389830508,8,1;6;1;7;1;4;8;7,B03;B07;B08;B10;B11;B13;B15;B18;B19;B20;B21;B22;B23;B24;B26;B27;B28;B29;B31;B32;B34;B37;B41;B42;B45;B46;B48;B49;B50;B51;B52;B54;B55;B56;B59;B60,2.35,0,1,0.0,49.39,12
R12,apprentissage,B07,0.9,41,0.6779661016949152,5,1;8;12;15;4,B03;B04;B06;B07;B08;B10;B11;B13;B15;B18;B19;B20;B21;B22;B23;B24;B26;B27;B28;B29;B31;B32;B33;B34;B37;B41;B42;B43;B45;B46;B48;B49;B50;B51;B52;B54;B55;B56;B57;B59;B60,2.35,0,1,0.0,49.39,12
R12,apprentissage,B08,0.3,4,0.05084745762711865,1,3,B08;B18;B31;B54,37.39,16,10,661.94,502.22999999999996,39
R12,apprentissage,B08,0.6,35,0.576271186440678,6,4;1;7;7;8;7,B03;B08;B10;B11;B13;B15;B18;B19;B20;B21;B22;B23;B24;B26;B27;B28;B29;B31;B32;B34;B37;B41;B42;B45;B46;B48;B49;B50;B51;B52;B54;B55;B56;B59;B60,37.39,16,10,661.94,502.22999999999996,39
R12,apprentissage,B08,0.9,40,0.6610169491525424,5,6;8;13;8;4,B03;B04;B06;B08;B10;B11;B13;B15;B18;B19;B20;B21;B22;B23;B24;B26;B27;B28;B29;B31;B32;B33;B34;B37;B41;B42;B43;B45;B46;B48;B49;B50;B51;B52;B54;B55;B56;B57;B59;B60,37.39,16,10,661.94,502.22999999999996,39
R12,apprentissage,B09,0.3,5,0.06779661016949153,2,1;3,B08;B09;B18;B31;B54,0.5,0,1,0.0,136.65,11
R12,apprentissage,B09,0.6,36,0.5932203389830508,7,1;4;1;7;7;8;7,B03;B08;B09;B10;B11;B13;B15;B18;B19;B20;B21;B22;B23;B24;B26;B27;B28;B29;B31;B32;B34;B37;B41;B42;B45;B46;B48;B49;B50;B51;B52;B54;B55;B56;B59;B60,0.5,0,1,0.0,136.65,11
R12,apprentissage,B09,0.9,41,0.6779661016949152,6,1;6;8;13;8;4,B03;B04;B06;B08;B09;B10;B11;B13;B15;B18;B19;B20;B21;B22;B23;B24;B26;B27;B28;B29;B31;B32;B33;B34;B37;B41;B42;B43;B45;B46;B48;B49;B50;B51;B52;B54;B55;B56;B57;B59;B60,0.5,0,1,0.0,136.65,11
R12,apprentissage,B10,0.3,1,0.0,0,,B10,12.32,1,0,174.64,0.0,0
R12,apprentissage,B10,0.6,1,0.0,0,,B10,12.32,1,0,174.64,0.0,0
R12,apprentissage,B10,0.9,1,0.0,0,,B10,12.32,1,0,174.64,0.0,0
R12,apprentissage,B11,0.3,1,0.0,0,,B11,52.17,3,1,699.14,15.8,12
R12,apprentissage,B11,0.6,1,0.0,0,,B11,52.17,3,1,699.14,15.8,12
R12,apprentissage,B11,0.9,1,0.0,0,,B11,52.17,3,1,699.14,15.8,12
R12,apprentissage,B12,0.3,1,0.0,0,,B12,0.53,0,2,0.0,104.16,20
R12,apprentissage,B12,0.6,1,0.0,0,,B12,0.53,0,2,0.0,104.16,20
R12,apprentissage,B12,0.9,1,0.0,0,,B12,0.53,0,2,0.0,104.16,20
R12,apprentissage,B13,0.3,1,0.0,0,,B13,3.13,1,1,22.51,26.5,15
R12,apprentissage,B13,0.6,1,0.0,0,,B13,3.13,1,1,22.51,26.5,15
R12,apprentissage,B13,0.9,1,0.0,0,,B13,3.13,1,1,22.51,26.5,15
R12,apprentissage,B14,0.3,1,0.0,0,,B14,3.41,0,1,0.0,6.73,13
R12,apprentissage,B14,0.6,1,0.0,0,,B14,3.41,0,1,0.0,6.73,13
R12,apprentissage,B14,0.9,1,0.0,0,,B14,3.41,0,1,0.0,6.73,13
R12,apprentissage,B15,0.3,1,0.0,0,,B15,4.84,1,2,26.67,31.660000000000004,22
R12,apprentissage,B15,0.6,1,0.0,0,,B15,4.84,1,2,26.67,31.660000000000004,22
R12,apprentissage,B15,0.9,1,0.0,0,,B15,4.84,1,2,26.67,31.660000000000004,22
R12,apprentissage,B16,0.3,1,0.0,0,,B16,2.09,0,1,0.0,44.72,11
R12,apprentissage,B16,0.6,36,0.5932203389830508,7,1;7;1;4;7;8;7,B03;B08;B10;B11;B13;B15;B16;B18;B19;B20;B21;B22;B23;B24;B26;B27;B28;B29;B31;B32;B34;B37;B41;B42;B45;B46;B48;B49;B50;B51;B52;B54;B55;B56;B59;B60,2.09,0,1,0.0,44.72,11
R12,apprentissage,B16,0.9,41,0.6779661016949152,5,1;8;8;12;11,B03;B04;B06;B08;B10;B11;B13;B15;B16;B18;B19;B20;B21;B22;B23;B24;B26;B27;B28;B29;B31;B32;B33;B34;B37;B41;B42;B43;B45;B46;B48;B49;B50;B51;B52;B54;B55;B56;B57;B59;B60,2.09,0,1,0.0,44.72,11
R12,apprentissage,B17,0.3,1,0.0,0,,B17,1.28,0,1,0.0,9.17,13
R12,apprentissage,B17,0.6,1,0.0,0,,B17,1.28,0,1,0.0,9.17,13
R12,apprentissage,B17,0.9,1,0.0,0,,B17,1.28,0,1,0.0,9.17,13
R12,apprentissage,B18,0.3,1,0.0,0,,B18,4.48,1,1,70.88,19.15,10
R12,apprentissage,B18,0.6,1,0.0,0,,B18,4.48,1,1,70.88,19.15,10
R12,apprentissage,B18,0.9,1,0.0,0,,B18,4.48,1,1,70.88,19.15,10
R12,apprentissage,B19,0.3,1,0.0,0,,B19,5.7,2,1,21.59,30.66,12
R12,apprentissage,B19,0.6,1,0.0,0,,B19,5.7,2,1,21.59,30.66,12
R12,apprentissage,B19,0.9,1,0.0,0,,B19,5.7,2,1,21.59,30.66,12
R12,apprentissage,B20,0.3,7,0.1016949152542373,1,6,B03;B10;B15;B20;B23;B28;B60,18.16,10,11,399.62,626.3100000000001,33
R12,apprentissage,B20,0.6,35,0.576271186440678,7,6;1;7;1;4;8;7,B03;B08;B10;B11;B13;B15;B18;B19;B20;B21;B22;B23;B24;B26;B27;B28;B29;B31;B32;B34;B37;B41;B42;B45;B46;B48;B49;B50;B51;B52;B54;B55;B56;B59;B60,18.16,10,11,399.62,626.3100000000001,33
R12,apprentissage,B20,0.9,40,0.6610169491525424,4,8;12;15;4,B03;B04;B06;B08;B10;B11;B13;B15;B18;B19;B20;B21;B22;B23;B24;B26;B27;B28;B29;B31;B32;B33;B34;B37;B41;B42;B43;B45;B46;B48;B49;B50;B51;B52;B54;B55;B56;B57;B59;B60,18.16,10,11,399.62,626.3100000000001,33
R12,apprentissage,B21,0.3,1,0.0,0,,B21,15.88,1,1,55.76,31.22,15
R12,apprentissage,B21,0.6,1,0.0,0,,B21,15.88,1,1,55.76,31.22,15
R12,apprentissage,B21,0.9,1,0.0,0,,B21,15.88,1,1,55.76,31.22,15
R12,apprentissage,B22,0.3,7,0.1016949152542373,2,1;5,B22;B24;B45;B46;B50;B51;B59,23.47,3,1,120.97,100.69,10
R12,apprentissage,B22,0.6,35,0.576271186440678,7,1;6;1;4;7;8;7,B03;B08;B10;B11;B13;B15;B18;B19;B20;B21;B22;B23;B24;B26;B27;B28;B29;B31;B32;B34;B37;B41;B42;B45;B46;B48;B49;B50;B51;B52;B54;B55;B56;B59;B60,23.47,3,1,120.97,100.69,10
R12,apprentissage,B22,0.9,40,0.6610169491525424,5,1;7;8;12;11,B03;B04;B06;B08;B10;B11;B13;B15;B18;B19;B20;B21;B22;B23;B24;B26;B27;B28;B29;B31;B32;B33;B34;B37;B41;B42;B43;B45;B46;B48;B49;B50;B51;B52;B54;B55;B56;B57;B59;B60,23.47,3,1,120.97,100.69,10
R12,apprentissage,B23,0.3,1,0.0,0,,B23,8.26,1,2,88.29,50.56,21
R12,apprentissage,B23,0.6,1,0.0,0,,B23,8.26,1,2,88.29,50.56,21
R12,apprentissage,B23,0.9,1,0.0,0,,B23,8.26,1,2,88.29,50.56,21
R12,apprentissage,B24,0.3,1,0.0,0,,B24,31.69,2,0,212.45000000000002,0.0,0
R12,apprentissage,B24,0.6,1,0.0,0,,B24,31.69,2,0,212.45000000000002,0.0,0
R12,apprentissage,B24,0.9,1,0.0,0,,B24,31.69,2,0,212.45000000000002,0.0,0
R12,apprentissage,B25,0.3,1,0.0,0,,B25,0.73,0,2,0.0,111.41,22
R12,apprentissage,B25,0.6,1,0.0,0,,B25,0.73,0,2,0.0,111.41,22
R12,apprentissage,B25,0.9,1,0.0,0,,B25,0.73,0,2,0.0,111.41,22
R12,apprentissage,B26,0.3,1,0.0,0,,B26,6.38,2,1,65.31,29.9,12
R12,apprentissage,B26,0.6,1,0.0,0,,B26,6.38,2,1,65.31,29.9,12
R12,apprentissage,B26,0.9,1,0.0,0,,B26,6.38,2,1,65.31,29.9,12
R12,apprentissage,B27,0.3,1,0.0,0,,B27,0.91,1,1,8.3,35.24,12
R12,apprentissage,B27,0.6,1,0.0,0,,B27,0.91,1,1,8.3,35.24,12
R12,apprentissage,B27,0.9,1,0.0,0,,B27,0.91,1,1,8.3,35.24,12
R12,apprentissage,B28,0.3,1,0.0,0,,B28,0.95,1,1,13.92,60.17,11
R12,apprentissage,B28,0.6,35,0.576271186440678,8,1;5;1;7;1;4;8;7,B03;B08;B10;B11;B13;B15;B18;B19;B20;B21;B22;B23;B24;B26;B27;B28;B29;B31;B32;B34;B37;B41;B42;B45;B46;B48;B49;B50;B51;B52;B54;B55;B56;B59;B60,0.95,1,1,13.92,60.17,11
R12,apprentissage,B28,0.9,40,0.6610169491525424,5,1;7;12;15;4,B03;B04;B06;B08;B10;B11;B13;B15;B18;B19;B20;B21;B22;B23;B24;B26;B27;B28;B29;B31;B32;B33;B34;B37;B41;B42;B43;B45;B46;B48;B49;B50;B51;B52;B54;B55;B56;B57;B59;B60,0.95,1,1,13.92,60.17,11
R12,apprentissage,B29,0.3,1,0.0,0,,B29,3.19,2,0,40.54,0.0,0
R12,apprentissage,B29,0.6,1,0.0,0,,B29,3.19,2,0,40.54,0.0,0
R12,apprentissage,B29,0.9,1,0.0,0,,B29,3.19,2,0,40.54,0.0,0
R12,apprentissage,B30,0.3,1,0.0,0,,B30,2.22,0,2,0.0,25.47,22
R12,apprentissage,B30,0.6,1,0.0,0,,B30,2.22,0,2,0.0,25.47,22
R12,apprentissage,B30,0.9,1,0.0,0,,B30,2.22,0,2,0.0,25.47,22
R12,apprentissage,B31,0.3,1,0.0,0,,B31,23.49,1,1,126.42,32.08,10
R12,apprentissage,B31,0.6,1,0.0,0,,B31,23.49,1,1,126.42,32.08,10
R12,apprentissage,B31,0.9,1,0.0,0,,B31,23.49,1,1,126.42,32.08,10
R12,apprentissage,B32,0.3,26,0.423728813559322,5,7;1;6;2;9,B03;B08;B10;B11;B13;B15;B18;B19;B20;B21;B23;B27;B28;B29;B31;B32;B34;B37;B41;B48;B49;B52;B54;B55;B56;B60,62.7,17,12,648.58,1081.96,37
R12,apprentissage,B32,0.6,35,0.576271186440678,5,7;1;9;12;5,B03;B08;B10;B11;B13;B15;B18;B19;B20;B21;B22;B23;B24;B26;B27;B28;B29;B31;B32;B34;B37;B41;B42;B45;B46;B48;B49;B50;B51;B52;B54;B55;B56;B59;B60,62.7,17,12,648.58,1081.96,37
R12,apprentissage,B32,0.9,40,0.6610169491525424,4,8;9;18;4,B03;B04;B06;B08;B10;B11;B13;B15;B18;B19;B20;B21;B22;B23;B24;B26;B27;B28;B29;B31;B32;B33;B34;B37;B41;B42;B43;B45;B46;B48;B49;B50;B51;B52;B54;B55;B56;B57;B59;B60,62.7,17,12,648.58,1081.96,37
R12,apprentissage,B33,0.3,6,0.0847457627118644,1,5,B04;B06;B26;B33;B43;B57,74.29,15,12,487.35,412.07,39
R12,apprentissage,B33,0.6,40,0.6610169491525424,6,5;1;8;14;4;7,B03;B04;B06;B08;B10;B11;B13;B15;B18;B19;B20;B21;B22;B23;B24;B26;B27;B28;B29;B31;B32;B33;B34;B37;B41;B42;B43;B45;B46;B48;B49;B50;B51;B52;B54;B55;B56;B57;B59;B60,74.29,15,12,487.35,412.07,39
R12,apprentissage,B33,0.9,40,0.6610169491525424,4,6;10;20;3,B03;B04;B06;B08;B10;B11;B13;B15;B18;B19;B20;B21;B22;B23;B24;B26;B27;B28;B29;B31;B32;B33;B34;B37;B41;B42;B43;B45;B46;B48;B49;B50;B51;B52;B54;B55;B56;B57;B59;B60,74.29,15,12,487.35,412.07,39
R12,apprentissage,B34,0.3,1,0.0,0,,B34,72.57,1,1,276.03,23.28,12
R12,apprentissage,B34,0.6,1,0.0,0,,B34,72.57,1,1,276.03,23.28,12
R12,apprentissage,B34,0.9,1,0.0,0,,B34,72.57,1,1,276.03,23.28,12
R12,apprentissage,B35,0.3,1,0.0,0,,B35,3.06,0,1,0.0,2.62,16
R12,apprentissage,B35,0.6,1,0.0,0,,B35,3.06,0,1,0.0,2.62,16
R12,apprentissage,B35,0.9,1,0.0,0,,B35,3.06,0,1,0.0,2.62,16
R12,apprentissage,B36,0.3,1,0.0,0,,B36,1.37,0,1,0.0,104.18,11
R12,apprentissage,B36,0.6,36,0.5932203389830508,7,1;4;1;7;7;8;7,B03;B08;B10;B11;B13;B15;B18;B19;B20;B21;B22;B23;B24;B26;B27;B28;B29;B31;B32;B34;B36;B37;B41;B42;B45;B46;B48;B49;B50;B51;B52;B54;B55;B56;B59;B60,1.37,0,1,0.0,104.18,11
R12,apprentissage,B36,0.9,41,0.6779661016949152,6,1;6;8;13;8;4,B03;B04;B06;B08;B10;B11;B13;B15;B18;B19;B20;B21;B22;B23;B24;B26;B27;B28;B29;B31;B32;B33;B34;B36;B37;B41;B42;B43;B45;B46;B48;B49;B50;B51;B52;B54;B55;B56;B57;B59;B60,1.37,0,1,0.0,104.18,11
R12,apprentissage,B37,0.3,1,0.0,0,,B37,0.5,1,3,4.36,123.90000000000002,25
R12,apprentissage,B37,0.6,35,0.576271186440678,7,1;4;1;8;13;1;6,B03;B08;B10;B11;B13;B15;B18;B19;B20;B21;B22;B23;B24;B26;B27;B28;B29;B31;B32;B34;B37;B41;B42;B45;B46;B48;B49;B50;B51;B52;B54;B55;B56;B59;B60,0.5,1,3,4.36,123.90000000000002,25
R12,apprentissage,B37,0.9,40,0.6610169491525424,5,1;7;15;12;4,B03;B04;B06;B08;B10;B11;B13;B15;B18;B19;B20;B21;B22;B23;B24;B26;B27;B28;B29;B31;B32;B33;B34;B37;B41;B42;B43;B45;B46;B48;B49;B50;B51;B52;B54;B55;B56;B57;B59;B60,0.5,1,3,4.36,123.90000000000002,25
R12,apprentissage,B38,0.3,1,0.0,0,,B38,1.08,0,1,0.0,25.76,13
R12,apprentissage,B38,0.6,1,0.0,0,,B38,1.08,0,1,0.0,25.76,13
R12,apprentissage,B38,0.9,1,0.0,0,,B38,1.08,0,1,0.0,25.76,13
R12,apprentissage,B39,0.3,1,0.0,0,,B39,1.29,0,1,0.0,9.05,13
R12,apprentissage,B39,0.6,1,0.0,0,,B39,1.29,0,1,0.0,9.05,13
R12,apprentissage,B39,0.9,1,0.0,0,,B39,1.29,0,1,0.0,9.05,13
R12,apprentissage,B40,0.3,1,0.0,0,,B40,0.5,0,1,0.0,22.7,11
R12,apprentissage,B40,0.6,1,0.0,0,,B40,0.5,0,1,0.0,22.7,11
R12,apprentissage,B40,0.9,1,0.0,0,,B40,0.5,0,1,0.0,22.7,11
R12,apprentissage,B41,0.3,26,0.423728813559322,5,6;1;7;4;7,B03;B08;B10;B11;B13;B15;B18;B19;B20;B21;B23;B27;B28;B29;B31;B32;B34;B37;B41;B48;B49;B52;B54;B55;B56;B60,50.71,16,15,583.89,737.69,39
R12,apprentissage,B41,0.6,35,0.576271186440678,4,8;3;18;5,B03;B08;B10;B11;B13;B15;B18;B19;B20;B21;B22;B23;B24;B26;B27;B28;B29;B31;B32;B34;B37;B41;B42;B45;B46;B48;B49;B50;B51;B52;B54;B55;B56;B59;B60,50.71,16,15,583.89,737.69,39
R12,apprentissage,B41,0.9,40,0.6610169491525424,4,9;8;14;8,B03;B04;B06;B08;B10;B11;B13;B15;B18;B19;B20;B21;B22;B23;B24;B26;B27;B28;B29;B31;B32;B33;B34;B37;B41;B42;B43;B45;B46;B48;B49;B50;B51;B52;B54;B55;B56;B57;B59;B60,50.71,16,15,583.89,737.69,39
R12,apprentissage,B42,0.3,1,0.0,0,,B42,41.35,1,2,88.85,27.03,21
R12,apprentissage,B42,0.6,1,0.0,0,,B42,41.35,1,2,88.85,27.03,21
R12,apprentissage,B42,0.9,1,0.0,0,,B42,41.35,1,2,88.85,27.03,21
R12,apprentissage,B43,0.3,1,0.0,0,,B43,16.31,1,1,74.48,28.93,12
R12,apprentissage,B43,0.6,1,0.0,0,,B43,16.31,1,1,74.48,28.93,12
R12,apprentissage,B43,0.9,1,0.0,0,,B43,16.31,1,1,74.48,28.93,12
R12,apprentissage,B44,0.3,1,0.0,0,,B44,0.69,0,2,0.0,44.43,20
R12,apprentissage,B44,0.6,1,0.0,0,,B44,0.69,0,2,0.0,44.43,20
R12,apprentissage,B44,0.9,41,0.6779661016949152,5,1;8;12;15;4,B03;B04;B06;B08;B10;B11;B13;B15;B18;B19;B20;B21;B22;B23;B24;B26;B27;B28;B29;B31;B32;B33;B34;B37;B41;B42;B43;B44;B45;B46;B48;B49;B50;B51;B52;B54;B55;B56;B57;B59;B60,0.69,0,2,0.0,44.43,20
R12,apprentissage,B45,0.3,6,0.0847457627118644,2,1;4,B24;B45;B46;B50;B51;B59,17.62,2,2,126.23,138.34,15
R12,apprentissage,B45,0.6,35,0.576271186440678,7,1;6;1;4;7;8;7,B03;B08;B10;B11;B13;B15;B18;B19;B20;B21;B22;B23;B24;B26;B27;B28;B29;B31;B32;B34;B37;B41;B42;B45;B46;B48;B49;B50;B51;B52;B54;B55;B56;B59;B60,17.62,2,2,126.23,138.34,15
R12,apprentissage,B45,0.9,40,0.6610169491525424,5,1;7;8;12;11,B03;B04;B06;B08;B10;B11;B13;B15;B18;B19;B20;B21;B22;B23;B24;B26;B27;B28;B29;B31;B32;B33;B34;B37;B41;B42;B43;B45;B46;B48;B49;B50;B51;B52;B54;B55;B56;B57;B59;B60,17.62,2,2,126.23,138.34,15
R12,apprentissage,B46,0.3,1,0.0,0,,B46,17.91,2,2,135.73000000000002,91.6,15
R12,apprentissage,B46,0.6,35,0.576271186440678,7,1;6;1;4;7;8;7,B03;B08;B10;B11;B13;B15;B18;B19;B20;B21;B22;B23;B24;B26;B27;B28;B29;B31;B32;B34;B37;B41;B42;B45;B46;B48;B49;B50;B51;B52;B54;B55;B56;B59;B60,17.91,2,2,135.73000000000002,91.6,15
R12,apprentissage,B46,0.9,40,0.6610169491525424,5,2;11;14;5;7,B03;B04;B06;B08;B10;B11;B13;B15;B18;B19;B20;B21;B22;B23;B24;B26;B27;B28;B29;B31;B32;B33;B34;B37;B41;B42;B43;B45;B46;B48;B49;B50;B51;B52;B54;B55;B56;B57;B59;B60,17.91,2,2,135.73000000000002,91.6,15
R12,apprentissage,B47,0.3,1,0.0,0,,B47,1.75,0,3,0.0,141.76,26
R12,apprentissage,B47,0.6,1,0.0,0,,B47,1.75,0,3,0.0,141.76,26
R12,apprentissage,B47,0.9,41,0.6779661016949152,5,1;8;9;18;4,B03;B04;B06;B08;B10;B11;B13;B15;B18;B19;B20;B21;B22;B23;B24;B26;B27;B28;B29;B31;B32;B33;B34;B37;B41;B42;B43;B45;B46;B47;B48;B49;B50;B51;B52;B54;B55;B56;B57;B59;B60,1.75,0,3,0.0,141.76,26
R12,apprentissage,B48,0.3,1,0.0,0,,B48,0.87,1,1,6.17,5.53,11
R12,apprentissage,B48,0.6,1,0.0,0,,B48,0.87,1,1,6.17,5.53,11
R12,apprentissage,B48,0.9,1,0.0,0,,B48,0.87,1,1,6.17,5.53,11
R12,apprentissage,B49,0.3,8,0.11864406779661017,2,1;6,B03;B10;B15;B20;B23;B28;B49;B60,1.19,1,1,9.05,157.11,12
R12,apprentissage,B49,0.6,35,0.576271186440678,8,1;6;1;7;1;4;8;6,B03;B08;B10;B11;B13;B15;B18;B19;B20;B21;B22;B23;B24;B26;B27;B28;B29;B31;B32;B34;B37;B41;B42;B45;B46;B48;B49;B50;B51;B52;B54;B55;B56;B59;B60,1.19,1,1,9.05,157.11,12
R12,apprentissage,B49,0.9,40,0.6610169491525424,5,1;8;12;14;4,B03;B04;B06;B08;B10;B11;B13;B15;B18;B19;B20;B21;B22;B23;B24;B26;B27;B28;B29;B31;B32;B33;B34;B37;B41;B42;B43;B45;B46;B48;B49;B50;B51;B52;B54;B55;B56;B57;B59;B60,1.19,1,1,9.05,157.11,12
R12,apprentissage,B50,0.3,1,0.0,0,,B50,4.86,1,1,21.67,50.95,10
R12,apprentissage,B50,0.6,35,0.576271186440678,7,1;6;1;4;7;8;7,B03;B08;B10;B11;B13;B15;B18;B19;B20;B21;B22;B23;B24;B26;B27;B28;B29;B31;B32;B34;B37;B41;B42;B45;B46;B48;B49;B50;B51;B52;B54;B55;B56;B59;B60,4.86,1,1,21.67,50.95,10
R12,apprentissage,B50,0.9,40,0.6610169491525424,5,1;7;8;12;11,B03;B04;B06;B08;B10;B11;B13;B15;B18;B19;B20;B21;B22;B23;B24;B26;B27;B28;B29;B31;B32;B33;B34;B37;B41;B42;B43;B45;B46;B48;B49;B50;B51;B52;B54;B55;B56;B57;B59;B60,4.86,1,1,21.67,50.95,10
R12,apprentissage,B51,0.3,1,0.0,0,,B51,1.2,1,1,17.62,2.17,10
R12,apprentissage,B51,0.6,1,0.0,0,,B51,1.2,1,1,17.62,2.17,10
R12,apprentissage,B51,0.9,1,0.0,0,,B51,1.2,1,1,17.62,2.17,10
R12,apprentissage,B52,0.3,26,0.423728813559322,6,1;6;1;7;4;6,B03;B08;B10;B11;B13;B15;B18;B19;B20;B21;B23;B27;B28;B29;B31;B32;B34;B37;B41;B48;B49;B52;B54;B55;B56;B60,1.7,1,2,14.53,286.99,20
R12,apprentissage,B52,0.6,35,0.576271186440678,5,1;9;7;12;5,B03;B08;B10;B11;B13;B15;B18;B19;B20;B21;B22;B23;B24;B26;B27;B28;B29;B31;B32;B34;B37;B41;B42;B45;B46;B48;B49;B50;B51;B52;B54;B55;B56;B59;B60,1.7,1,2,14.53,286.99,20
R12,apprentissage,B52,0.9,40,0.6610169491525424,5,1;9;7;14;8,B03;B04;B06;B08;B10;B11;B13;B15;B18;B19;B20;B21;B22;B23;B24;B26;B27;B28;B29;B31;B32;B33;B34;B37;B41;B42;B43;B45;B46;B48;B49;B50;B51;B52;B54;B55;B56;B57;B59;B60,1.7,1,2,14.53,286.99,20
R12,apprentissage,B53,0.3,1,0.0,0,,B53,0.89,0,0,0.0,0.0,0
R12,apprentissage,B53,0.6,1,0.0,0,,B53,0.89,0,0,0.0,0.0,0
R12,apprentissage,B53,0.9,1,0.0,0,,B53,0.89,0,0,0.0,0.0,0
R12,apprentissage,B54,0.3,1,0.0,0,,B54,6.04,1,0,100.28,0.0,0
R12,apprentissage,B54,0.6,1,0.0,0,,B54,6.04,1,0,100.28,0.0,0
R12,apprentissage,B54,0.9,1,0.0,0,,B54,6.04,1,0,100.28,0.0,0
R12,apprentissage,B55,0.3,1,0.0,0,,B55,2.05,1,2,23.86,55.08,18
R12,apprentissage,B55,0.6,1,0.0,0,,B55,2.05,1,2,23.86,55.08,18
R12,apprentissage,B55,0.9,40,0.6610169491525424,6,1;7;13;6;8;4,B03;B04;B06;B08;B10;B11;B13;B15;B18;B19;B20;B21;B22;B23;B24;B26;B27;B28;B29;B31;B32;B33;B34;B37;B41;B42;B43;B45;B46;B48;B49;B50;B51;B52;B54;B55;B56;B57;B59;B60,2.05,1,2,23.86,55.08,18
R12,apprentissage,B56,0.3,1,0.0,0,,B56,21.64,1,0,305.59,0.0,0
R12,apprentissage,B56,0.6,1,0.0,0,,B56,21.64,1,0,305.59,0.0,0
R12,apprentissage,B56,0.9,1,0.0,0,,B56,21.64,1,0,305.59,0.0,0
R12,apprentissage,B57,0.3,1,0.0,0,,B57,1.74,1,0,19.98,0.0,0
R12,apprentissage,B57,0.6,1,0.0,0,,B57,1.74,1,0,19.98,0.0,0
R12,apprentissage,B57,0.9,1,0.0,0,,B57,1.74,1,0,19.98,0.0,0
R12,apprentissage,B58,0.3,1,0.0,0,,B58,0.7,0,2,0.0,75.96,18
R12,apprentissage,B58,0.6,1,0.0,0,,B58,0.7,0,2,0.0,75.96,18
R12,apprentissage,B58,0.9,1,0.0,0,,B58,0.7,0,2,0.0,75.96,18
R12,apprentissage,B59,0.3,6,0.0847457627118644,1,5,B24;B45;B46;B50;B51;B59,22.11,14,10,501.9200000000001,573.5,32
R12,apprentissage,B59,0.6,35,0.576271186440678,6,7;1;4;7;8;7,B03;B08;B10;B11;B13;B15;B18;B19;B20;B21;B22;B23;B24;B26;B27;B28;B29;B31;B32;B34;B37;B41;B42;B45;B46;B48;B49;B50;B51;B52;B54;B55;B56;B59;B60,22.11,14,10,501.9200000000001,573.5,32
R12,apprentissage,B59,0.9,40,0.6610169491525424,4,8;8;12;11,B03;B04;B06;B08;B10;B11;B13;B15;B18;B19;B20;B21;B22;B23;B24;B26;B27;B28;B29;B31;B32;B33;B34;B37;B41;B42;B43;B45;B46;B48;B49;B50;B51;B52;B54;B55;B56;B57;B59;B60,22.11,14,10,501.9200000000001,573.5,32
R12,apprentissage,B60,0.3,1,0.0,0,,B60,16.95,1,0,95.09,0.0,0
R12,apprentissage,B60,0.6,1,0.0,0,,B60,16.95,1,0,95.09,0.0,0
R12,apprentissage,B60,0.9,1,0.0,0,,B60,16.95,1,0,95.09,0.0,0
